{
  "type": "minecraft:entity",
  "pools": [
    {
      "rolls":1.0,
      "conditions": [
        {
          "condition": "entity_properties",
          "entity": "this",
          "predicate": {
            "nbt": "{Tags:[\"ancInfernal\"]}"
          }
        },
        {
          "condition": "killed_by_player"
        }
      ],
      "entries":[
        {
          "type": "loot_table",
          "name": "anc:seal_slate_fire"
        }
      ]
    },
    {
      "rolls": 1.0,
      "bonus_rolls": 0.0,
      "conditions":[
        {
          "condition": "random_chance",
          "chance": 0.1
        }
      ],
      "entries": [
        {
          "type": "item",
          "conditions": [
            {
              "condition": "entity_properties",
              "entity": "killer",
              "predicate": {
                "equipment":{
                  "mainhand": {
                    "nbt": "{ancCustomEnchantments:[{id:\"anc:beheading\",lvl:1b}]}"
                  }
                }
              }
            }
          ],
          "name": "creeper_head"
        }
      ]
    },
    {
      "rolls": 1.0,
      "bonus_rolls": 0.0,
      "entries": [
        {
          "type": "minecraft:item",
          "functions": [
            {
              "function": "minecraft:set_count",
              "count": {
                "type": "minecraft:uniform",
                "min": 0.0,
                "max": 2.0
              },
              "add": false
            },
            {
              "function": "minecraft:looting_enchant",
              "count": {
                "type": "minecraft:uniform",
                "min": 0.0,
                "max": 1.0
              }
            }
          ],
          "name": "minecraft:gunpowder"
        }
      ]
    },
    {
      "rolls": 1.0,
      "bonus_rolls": 0.0,
      "entries": [
        {
          "type": "minecraft:tag",
          "name": "minecraft:creeper_drop_music_discs",
          "expand": true
        }
      ],
      "conditions": [
        {
          "condition": "minecraft:entity_properties",
          "predicate": {
            "type": "#minecraft:skeletons"
          },
          "entity": "killer"
        }
      ]
    }
  ]
}