{
  "type": "minecraft:entity",
  "pools":[
    
    {
      "rolls": 1.0,
      "bonus_rolls": 0.0,
      "conditions":[
        {
          "condition": "random_chance",
          "chance": 0.1
        }
      ],
      "entries": [
        {
          "type": "item",
          "conditions": [
            {
              "condition": "entity_properties",
              "entity": "killer",
              "predicate": {
                "equipment":{
                  "mainhand": {
                    "nbt": "{ancCustomEnchantments:[{id:\"anc:beheading\",lvl:1b}]}"
                  }
                }
              }
            }
          ],
          "name": "player_head",
          "functions": [
            {
              "function": "fill_player_head",
              "entity": "this"
            }
          ]
        }
      ]
    }
  ]
}