{
  "type": "minecraft:entity",
  "pools": [
    {
      "rolls":1.0,
      "conditions": [
        {
          "condition": "entity_properties",
          "entity": "this",
          "predicate": {
            "nbt": "{Tags:[\"ancInfernal\"]}"
          }
        },
        {
          "condition": "killed_by_player"
        }
      ],
      "entries":[
        {
          "weight":1,
          "type": "loot_table",
          "name": "anc:seal_slate_shadow"
        }
      ]
    },
    {
      "rolls": 1.0,
      "bonus_rolls": 0.0,
      "entries": [
        {
          "type": "minecraft:item",
          "name": "minecraft:shulker_shell"
        }
      ],
      "conditions": [
        {
          "condition": "minecraft:random_chance_with_looting",
          "chance": 0.5,
          "looting_multiplier": 0.0625
        }
      ]
    }
  ]
}