{
  "type": "minecraft:entity",
  "pools": [
    {
      "rolls":1.0,
      "conditions": [
        {
          "condition": "entity_properties",
          "entity": "this",
          "predicate": {
            "nbt": "{Tags:[\"ancInfernal\"]}"
          }
        },
        {
          "condition": "killed_by_player"
        }
      ],
      "entries":[
        {
          "weight":1,
          "type": "loot_table",
          "name": "anc:seal_slate_soul"
        }
      ]
    },
    {
      "rolls": 1.0,
      "bonus_rolls": 0.0,
      "conditions":[
        {
          "condition": "random_chance",
          "chance": 0.1
        }
      ],
      "entries": [
        {
          "type": "item",
          "conditions": [
            {
              "condition": "entity_properties",
              "entity": "killer",
              "predicate": {
                "equipment":{
                  "mainhand": {
                    "nbt": "{ancCustomEnchantments:[{id:\"anc:beheading\",lvl:1b}]}"
                  }
                }
              }
            }
          ],
          "name": "skeleton_skull"
        }
      ]
    },
    {
      "rolls": 1.0,
      "bonus_rolls": 0.0,
      "entries": [
        {
          "type": "minecraft:item",
          "functions": [
            {
              "function": "minecraft:set_count",
              "count": {
                "type": "minecraft:uniform",
                "min": 0.0,
                "max": 2.0
              },
              "add": false
            },
            {
              "function": "minecraft:looting_enchant",
              "count": {
                "type": "minecraft:uniform",
                "min": 0.0,
                "max": 1.0
              }
            }
          ],
          "name": "minecraft:arrow"
        }
      ]
    },
    {
      "rolls": 1.0,
      "bonus_rolls": 0.0,
      "entries": [
        {
          "type": "minecraft:item",
          "functions": [
            {
              "function": "minecraft:set_count",
              "count": {
                "type": "minecraft:uniform",
                "min": 0.0,
                "max": 2.0
              },
              "add": false
            },
            {
              "function": "minecraft:looting_enchant",
              "count": {
                "type": "minecraft:uniform",
                "min": 0.0,
                "max": 1.0
              }
            }
          ],
          "name": "minecraft:bone"
        }
      ]
    }
  ]
}