{
  "type": "minecraft:entity",
  "pools": [
    {
      "rolls":1.0,
      "conditions": [
        {
          "condition": "entity_properties",
          "entity": "this",
          "predicate": {
            "nbt": "{Tags:[\"ancInfernal\"]}"
          }
        },
        {
          "condition": "killed_by_player"
        }
      ],
      "entries":[
        {
          "weight":1,
          "type": "loot_table",
          "name": "anc:seal_slate_soul"
        }
      ]
    },
    {
      "rolls": 1.0,
      "bonus_rolls": 0.0,
      "conditions":[
        {
          "condition": "random_chance",
          "chance": 0.1
        }
      ],
      "entries": [
        {
          "type": "item",
          "conditions": [
            {
              "condition": "entity_properties",
              "entity": "killer",
              "predicate": {
                "equipment":{
                  "mainhand": {
                    "nbt": "{ancCustomEnchantments:[{id:\"anc:beheading\",lvl:1b}]}"
                  }
                }
              }
            }
          ],
          "name": "zombie_head"
        }
      ]
    },
    {
      "rolls": 1.0,
      "bonus_rolls": 0.0,
      "conditions":[
        {
          "condition": "random_chance",
          "chance": 0.1
        },
        {
          "condition": "entity_properties",
          "entity": "killer",
          "predicate": {
            "nbt": "{Tags:[\"ancIs\"]}"
          }
        }
      ],
      "entries": [
        {
          "type": "minecraft:item",
          "functions": [
            {
              "function": "minecraft:set_count",
              "count": 1,
              "add": false
            },
            {
              "function": "minecraft:looting_enchant",
              "count": {
                "type": "minecraft:uniform",
                "min": 0.0,
                "max": 1.0
              }
            }
          ],
          "name": "minecraft:iron_ingot"
        }
      ]
    },
    {
      "rolls": 1.0,
      "bonus_rolls": 0.0,
      "entries": [
        {
          "type": "minecraft:item",
          "functions": [
            {
              "function": "minecraft:set_count",
              "count": {
                "type": "minecraft:uniform",
                "min": 0.0,
                "max": 2.0
              },
              "add": false
            },
            {
              "function": "minecraft:looting_enchant",
              "count": {
                "type": "minecraft:uniform",
                "min": 0.0,
                "max": 1.0
              }
            }
          ],
          "name": "minecraft:rotten_flesh"
        }
      ]
    },
    {
      "rolls": 1.0,
      "bonus_rolls": 0.0,
      "entries": [
        {
          "type": "minecraft:item",
          "name": "minecraft:carrot"
        },
        {
          "type": "minecraft:item",
          "functions": [
            {
              "function": "minecraft:furnace_smelt",
              "conditions": [
                {
                  "condition": "minecraft:entity_properties",
                  "predicate": {
                    "flags": {
                      "is_on_fire": true
                    }
                  },
                  "entity": "this"
                }
              ]
            }
          ],
          "name": "minecraft:potato"
        }
      ],
      "conditions": [
        {
          "condition": "minecraft:killed_by_player"
        },
        {
          "condition": "minecraft:random_chance_with_looting",
          "chance": 0.025,
          "looting_multiplier": 0.01
        }
      ]
    }
  ]
}