{
    "type": "minecraft:entity",
    "pools": [
        {
            "rolls": 1,
            "entries": [
                {
                    "type": "minecraft:item",
                    "name": "minecraft:iron_ingot",
					"functions": [
						{
							"function": "set_count",
							"count": {
								"type": "minecraft:uniform",
								"max": 1,
								"min": 0
							}
						}
					],
                    "weight": 1
                }
            ]
        }
    ]
}