{
    "condition": "alternative",
    "terms": [
        {
            "condition": "location_check",
            "predicate": {
                "block": {
                    "nbt": "{Items:[{Slot:0b,id:\"minecraft:carrot\"}]}"
                }
            }
        },
        {
            "condition": "location_check",
            "predicate": {
                "block": {
                    "nbt": "{Items:[{Slot:0b,id:\"minecraft:beetroot\"}]}"
                }
            }
        },
        {
            "condition": "location_check",
            "predicate": {
                "block": {
                    "nbt": "{Items:[{Slot:0b,id:\"minecraft:potato\"}]}"
                }
            }
        }
    ]
}