{
    "type": "entity",
    "pools": [
        {
            "rolls": 1,
            "entries": [
                {
                    "type": "item",
                    "name": "air",
                    "weight": 2
                },
                {
                    "type": "item",
                    "name": "golden_boots",
                    "functions": [
                        {
                            "function": "enchant_randomly"
                        },
                        {
                            "function": "set_nbt",
                            "tag": "{ancInf:1b,Level:5}"
                        }
                    ],
                    "weight": 40
                },
                {
                    "type": "item",
                    "name": "iron_boots",
                    "functions": [
                        {
                            "function": "enchant_randomly"
                        },
                        {
                            "function": "set_nbt",
                            "tag": "{ancInf:1b,Level:7}"
                        }
                    ],
                    "weight": 15
                },
                {
                    "type": "item",
                    "name": "diamond_boots",
                    "functions": [
                        {
                            "function": "enchant_randomly"
                        },
                        {
                            "function": "set_nbt",
                            "tag": "{ancInf:1b,Level:9}"
                        }
                    ],
                    "weight": 5
                },
                {
                    "type": "item",
                    "name": "netherite_boots",
                    "functions": [
                        {
                            "function": "enchant_randomly"
                        },
                        {
                            "function": "set_nbt",
                            "tag": "{ancInf:1b,Level:11}"
                        }
                    ],
                    "weight": 1
                }
            ]
        }
    ]
}