{
    "type": "entity",
    "pools": [
        {
            "rolls": 1,
            "entries": [
                {
                    "type": "item",
                    "name": "cod_bucket"
                },
                {
                    "type": "item",
                    "name": "water_bucket"
                },
                {
                    "type": "item",
                    "name": "salmon_bucket"
                },
                {
                    "type": "item",
                    "name": "pufferfish_bucket"
                },
                {
                    "type": "item",
                    "name": "axolotl_bucket"
                },
                {
                    "type": "item",
                    "name": "tropical_fish_bucket"
                },
                {
                    "type": "item",
                    "name": "prismarine_crystals",
                    "functions": [
                        {
                            "function": "set_count",
                            "count": {
                                "max": 16,
                                "min": 8,
                                "type": "uniform"
                            }
                        }
                    ]
                },
                {
                    "type": "item",
                    "name": "prismarine_shard",
                    "functions": [
                        {
                            "function": "set_count",
                            "count": {
                                "max": 16,
                                "min": 8,
                                "type": "uniform"
                            }
                        }
                    ]
                }
            ]
        }
    ]
}