[
	{
		"condition": "minecraft:entity_scores",
		"entity": "this",
		"scores": {
			"ancValue": 21
		}
	},
	{
		"condition": "minecraft:alternative",
		"terms": [
			{
				"_comment": "空协议",
				"condition": "minecraft:location_check",
				"predicate": {
					"block": {
						"nbt": "{Items:[{id:\"minecraft:paper\"},{id:\"minecraft:feather\"},{id:\"minecraft:glow_ink_sac\"}]}"
					}
				}
			},
			{
				"_comment": "奶油面包卷",
				"condition": "minecraft:location_check",
				"predicate": {
					"block": {
						"nbt": "{Items:[{tag:{id:\"anc:cream\"}},{id:\"minecraft:bread\"},{id:\"minecraft:sugar\"}]}"
					}
				}
			},
			{
				"_comment": "生煎（生）",
				"condition": "minecraft:location_check",
				"predicate": {
					"block": {
						"nbt": "{Items:[{tag:{id:\"anc:flatdough\"}},{tag:{id:\"anc:meat_stuffing\"}},{tag:{id:\"anc:grease\"}}]}"
					}
				}
			},
			{
				"_comment": "肉丸（生）",
				"condition": "minecraft:location_check",
				"predicate": {
					"block": {
						"nbt": "{Items:[{tag:{id:\"anc:flour\"}},{tag:{id:\"anc:meat_stuffing\"}},{tag:{id:\"anc:grease\"}}]}"
					}
				}
			},
			{
				"_comment": "可可液块",
				"condition": "minecraft:location_check",
				"predicate": {
					"block": {
						"nbt": "{Items:[{tag:{id:\"anc:cocoa_powder\"},Slot:1b},{tag:{id:\"anc:cocoa_powder\"},Slot:10b},{tag:{id:\"anc:cocoa_butter\"},Slot:2b}]}"
					}
				}
			},
			{
				"_comment": "汤圆（生）",
				"condition": "minecraft:location_check",
				"predicate": {
					"block": {
						"nbt": "{Items:[{id:\"minecraft:cocoa_beans\",Slot:1b},{tag:{id:\"anc:flatdough\"},Slot:2b},{id:\"minecraft:sugar\",Slot:3b}]}"
					}
				}
			},
			{
				"_comment": "紫水晶剑",
				"condition": "minecraft:location_check",
				"predicate": {
					"block": {
						"nbt": "{Items:[{id:\"minecraft:amethyst_shard\",Slot:2b},{id:\"minecraft:amethyst_shard\",Slot:11b},{id:\"minecraft:bamboo\",Slot:20b}]}"
					}
				}
			},
			{
				"_comment": "紫水晶锹",
				"condition": "minecraft:location_check",
				"predicate": {
					"block": {
						"nbt": "{Items:[{id:\"minecraft:amethyst_shard\",Slot:2b},{id:\"minecraft:bamboo\",Slot:11b},{id:\"minecraft:bamboo\",Slot:20b}]}"
					}
				}
			}
		]
	}
]