[
	{
		"condition": "minecraft:entity_scores",
		"entity": "this",
		"scores": {
			"ancValue": 20
		}
	},
	{
		"condition": "minecraft:alternative",
		"terms": [
			{
				"_comment": "祛魔协议（随机）",
				"condition": "minecraft:location_check",
				"predicate": {
					"block": {
						"nbt": "{Items:[{tag:{id:\"anc:empty_protocol\"}},{id:\"minecraft:lapis_lazuli\"}]}"
					}
				}
			},
			{
				"_comment": "水饺（生）",
				"condition": "minecraft:location_check",
				"predicate": {
					"block": {
						"nbt": "{Items:[{tag:{id:\"anc:flatdough\"}},{tag:{id:\"anc:meat_stuffing\"}}]}"
					}
				}
			}
		]
	}
]