[
	{
		"condition": "minecraft:entity_scores",
		"entity": "this",
		"scores": {
			"ancValue": 23
		}
	},
	{
		"condition": "minecraft:alternative",
		"terms": [
			{
				"_comment": "三叉戟",
				"condition": "minecraft:location_check",
				"predicate": {
					"block": {
						"nbt": "{Items:[{Slot:2b,tag:{id:\"anc:blade_of_the_sea\"}},{Slot:3b,tag:{id:\"anc:blade_of_the_sea\"}},{Slot:11b,id:\"minecraft:prismarine_shard\"},{Slot:12b,tag:{id:\"anc:blade_of_the_sea\"}},{Slot:19b,id:\"minecraft:prismarine_shard\"}]}"
					}
				}
			},
			{
				"_comment": "手持磁铁",
				"condition": "minecraft:location_check",
				"predicate": {
					"block": {
						"nbt": "{Items:[{Slot:2b,id:\"minecraft:ender_pearl\"},{Slot:10b,tag:{id:\"anc:magnet_ingot\"}},{Slot:11b,id:\"minecraft:redstone\"},{Slot:12b,tag:{id:\"anc:magnet_ingot\"}},{Slot:20b,id:\"minecraft:ender_pearl\"}]}"
					}
				}
			},
			{
				"_comment": "五毒散（生）",
				"condition": "minecraft:location_check",
				"predicate": {
					"block": {
						"nbt": "{Items:[{id:\"minecraft:pufferfish\"},{id:\"minecraft:lily_of_the_valley\"},{id:\"minecraft:spider_eye\"},{id:\"minecraft:poisonous_potato\"},{id:\"minecraft:wither_rose\"}]}"
					}
				}
			},
			{
				"_comment": "紫水晶镐",
				"condition": "minecraft:location_check",
				"predicate": {
					"block": {
						"nbt": "{Items:[{id:\"minecraft:amethyst_shard\",Slot:1b},{id:\"minecraft:amethyst_shard\",Slot:2b},{id:\"minecraft:amethyst_shard\",Slot:3b},{id:\"minecraft:bamboo\",Slot:11b},{id:\"minecraft:bamboo\",Slot:20b}]}"
					}
				}
			},
			{
				"_comment": "紫水晶斧",
				"condition": "minecraft:location_check",
				"predicate": {
					"block": {
						"nbt": "{Items:[{id:\"minecraft:amethyst_shard\",Slot:1b},{id:\"minecraft:amethyst_shard\",Slot:2b},{id:\"minecraft:amethyst_shard\",Slot:10b},{id:\"minecraft:bamboo\",Slot:11b},{id:\"minecraft:bamboo\",Slot:20b}]}"
					}
				}
			},
			{
				"_comment": "紫水晶斧",
				"condition": "minecraft:location_check",
				"predicate": {
					"block": {
						"nbt": "{Items:[{id:\"minecraft:amethyst_shard\",Slot:2b},{id:\"minecraft:amethyst_shard\",Slot:3b},{id:\"minecraft:amethyst_shard\",Slot:12b},{id:\"minecraft:bamboo\",Slot:11b},{id:\"minecraft:bamboo\",Slot:20b}]}"
					}
				}
			}
		]
	}
]