[
	{
		"condition": "minecraft:entity_scores",
		"entity": "this",
		"scores": {
			"ancValue": 22
		}
	},
	{
		"condition": "minecraft:alternative",
		"terms": [
			{
				"_comment": "翅膜",
				"condition": "minecraft:location_check",
				"predicate": {
					"block": {
						"nbt": "{Items:[{tag:{id:\"anc:elytra_frame\"},Slot:1b},{id:\"minecraft:phantom_membrane\",Slot:2b},{id:\"minecraft:phantom_membrane\",Slot:10b},{id:\"minecraft:phantom_membrane\",Slot:11b}]}"
					}
				}
			},
			{
				"_comment": "祛魔协议（惩罚）",
				"condition": "minecraft:location_check",
				"predicate": {
					"block": {
						"nbt": "{Items:[{tag:{id:\"anc:dispel_protocol_first\"}},{tag:{id:\"anc:dispel_protocol_last\"}},{tag:{id:\"anc:dispel_protocol_curse\"}},{id:\"minecraft:diamond\"}]}"
					}
				}
			},
			{
				"_comment": "牛肉炖蘑菇（生）",
				"condition": "minecraft:location_check",
				"predicate": {
					"block": {
						"nbt": "{Items:[{id:\"minecraft:beef\"},{id:\"minecraft:red_mushroom\"},{id:\"minecraft:brown_mushroom\"},{id:\"minecraft:bowl\"}]}"
					}
				}
			},
			{
				"_comment": "紫水晶锄",
				"condition": "minecraft:location_check",
				"predicate": {
					"block": {
						"nbt": "{Items:[{id:\"minecraft:amethyst_shard\",Slot:1b},{id:\"minecraft:amethyst_shard\",Slot:2b},{id:\"minecraft:bamboo\",Slot:11b},{id:\"minecraft:bamboo\",Slot:20b}]}"
					}
				}
			},
			{
				"_comment": "紫水晶锄",
				"condition": "minecraft:location_check",
				"predicate": {
					"block": {
						"nbt": "{Items:[{id:\"minecraft:amethyst_shard\",Slot:2b},{id:\"minecraft:amethyst_shard\",Slot:3b},{id:\"minecraft:bamboo\",Slot:11b},{id:\"minecraft:bamboo\",Slot:20b}]}"
					}
				}
			}
		]
	}
]