{
	"credit": "Made by XeKr with Blockbench",
	"textures": {
		"0": "anc:block/altar_bottom",
		"2": "anc:block/altar_side",
		"3": "anc:block/altar_top",
		"particle": "anc:block/altar_bottom"
	},
	"elements": [
		{
			"from": [3.9, 5.5, 3.9],
			"to": [12.1, 8.1, 12.1],
			"rotation": {"angle": 0, "axis": "y", "origin": [8, 0, 8]},
			"faces": {
				"north": {"uv": [0, 0, 16, 5], "texture": "#2"},
				"east": {"uv": [0, 0, 16, 5], "texture": "#2"},
				"south": {"uv": [0, 0, 16, 5], "texture": "#2"},
				"west": {"uv": [0, 0, 16, 5], "texture": "#2"},
				"up": {"uv": [0, 0, 16, 16], "texture": "#3"},
				"down": {"uv": [0, 0, 16, 16], "texture": "#0"}
			}
		},
		{
			"from": [6.5, 2.5, 6.5],
			"to": [9.5, 5.5, 9.5],
			"rotation": {"angle": 0, "axis": "y", "origin": [8, 0, 8]},
			"faces": {
				"north": {"uv": [5, 5, 11, 11], "texture": "#2"},
				"east": {"uv": [5, 5, 11, 11], "texture": "#2"},
				"south": {"uv": [5, 5, 11, 11], "texture": "#2"},
				"west": {"uv": [5, 5, 11, 11], "texture": "#2"}
			}
		},
		{
			"from": [4.9, 0, 4.9],
			"to": [11.1, 2.5, 11.1],
			"rotation": {"angle": 0, "axis": "y", "origin": [8, 0, 8]},
			"faces": {
				"north": {"uv": [2, 11, 14, 16], "texture": "#2"},
				"east": {"uv": [2, 11, 14, 16], "texture": "#2"},
				"south": {"uv": [2, 11, 14, 16], "texture": "#2"},
				"west": {"uv": [2, 11, 14, 16], "texture": "#2"},
				"up": {"uv": [2, 2, 14, 14], "texture": "#0"},
				"down": {"uv": [2, 2, 14, 14], "texture": "#0"}
			}
		}
	],
	"display": {
		"thirdperson_righthand": {
			"translation": [0, 1.75, 0],
			"scale": [0.6, 0.6, 0.6]
		},
		"thirdperson_lefthand": {
			"translation": [0, 1.75, 0],
			"scale": [0.6, 0.6, 0.6]
		},
		"firstperson_righthand": {
			"translation": [0, 4.25, 0],
			"scale": [0.6, 0.6, 0.6]
		},
		"firstperson_lefthand": {
			"translation": [0, 4.25, 0],
			"scale": [0.6, 0.6, 0.6]
		},
		"ground": {
			"scale": [0.6, 0.6, 0.6]
		},
		"gui": {
			"rotation": [30, 45, 0],
			"translation": [0, 3.5, 0],
			"scale": [1.2, 1.2, 1.2]
		},
		"head": {
			"translation": [0, 9.75, 0],
			"scale": [2, 2, 2]
		},
		"fixed": {
			"rotation": [-90, 0, 0],
			"translation": [0, 0, -31.985],
			"scale": [4, 4, 4]
		}
	}
}