{
	"credit": "Made by XeKr with Blockbench",
	"textures": {
		"0": "anc:block/altar_bottom",
		"1": "anc:block/altar_outer",
		"2": "anc:block/altar_side",
		"3": "anc:block/altar_top",
		"particle": "anc:block/altar_bottom"
	},
	"elements": [
		{
			"from": [3.9, 5.5, 3.9],
			"to": [12.1, 8.1, 12.1],
			"rotation": {"angle": 0, "axis": "y", "origin": [8, 0, 8]},
			"faces": {
				"north": {"uv": [0, 0, 16, 5], "texture": "#2"},
				"east": {"uv": [0, 0, 16, 5], "texture": "#2"},
				"south": {"uv": [0, 0, 16, 5], "texture": "#2"},
				"west": {"uv": [0, 0, 16, 5], "texture": "#2"},
				"up": {"uv": [0, 0, 16, 16], "texture": "#3"},
				"down": {"uv": [0, 0, 16, 16], "texture": "#0"}
			}
		},
		{
			"from": [6.5, 2.5, 6.5],
			"to": [9.5, 5.5, 9.5],
			"rotation": {"angle": 0, "axis": "y", "origin": [8, 0, 8]},
			"faces": {
				"north": {"uv": [5, 5, 11, 11], "texture": "#2"},
				"east": {"uv": [5, 5, 11, 11], "texture": "#2"},
				"south": {"uv": [5, 5, 11, 11], "texture": "#2"},
				"west": {"uv": [5, 5, 11, 11], "texture": "#2"}
			}
		},
		{
			"from": [4.9, 0, 4.9],
			"to": [11.1, 2.5, 11.1],
			"rotation": {"angle": 0, "axis": "y", "origin": [8, 0, 8]},
			"faces": {
				"north": {"uv": [2, 11, 14, 16], "texture": "#2"},
				"east": {"uv": [2, 11, 14, 16], "texture": "#2"},
				"south": {"uv": [2, 11, 14, 16], "texture": "#2"},
				"west": {"uv": [2, 11, 14, 16], "texture": "#2"},
				"up": {"uv": [2, 2, 14, 14], "texture": "#0"},
				"down": {"uv": [2, 2, 14, 14], "texture": "#0"}
			}
		},
		{
			"from": [7, 0, -7.5],
			"to": [9, 2, -4],
			"rotation": {"angle": 22.5, "axis": "y", "origin": [8, 0, 8]},
			"faces": {
				"north": {"uv": [4, 12, 8, 16], "texture": "#1"},
				"east": {"uv": [9, 12, 16, 16], "texture": "#1"},
				"south": {"uv": [4, 12, 8, 16], "texture": "#1"},
				"west": {"uv": [9, 12, 16, 16], "texture": "#1"},
				"up": {"uv": [9, 12, 16, 16], "rotation": 90, "texture": "#1"},
				"down": {"uv": [9, 12, 16, 16], "rotation": 90, "texture": "#1"}
			}
		},
		{
			"from": [7.25, 0.25, -4],
			"to": [8.75, 1.75, 2],
			"rotation": {"angle": 22.5, "axis": "y", "origin": [8, 0, 8]},
			"faces": {
				"east": {"uv": [4, 8, 16, 11], "texture": "#1"},
				"west": {"uv": [4, 8, 16, 11], "texture": "#1"},
				"up": {"uv": [4, 8, 16, 11], "rotation": 90, "texture": "#1"},
				"down": {"uv": [4, 8, 16, 11], "rotation": 90, "texture": "#1"}
			}
		},
		{
			"from": [7, 0, 2],
			"to": [9, 2, 5.5],
			"rotation": {"angle": 22.5, "axis": "y", "origin": [8, 0, 8]},
			"faces": {
				"north": {"uv": [4, 12, 8, 16], "texture": "#1"},
				"east": {"uv": [9, 12, 16, 16], "texture": "#1"},
				"south": {"uv": [4, 12, 8, 16], "texture": "#1"},
				"west": {"uv": [9, 12, 16, 16], "texture": "#1"},
				"up": {"uv": [9, 12, 16, 16], "rotation": 90, "texture": "#1"},
				"down": {"uv": [9, 12, 16, 16], "rotation": 90, "texture": "#1"}
			}
		},
		{
			"from": [7, 0, -7.5],
			"to": [9, 2, -4],
			"rotation": {"angle": -22.5, "axis": "y", "origin": [8, 0, 8]},
			"faces": {
				"north": {"uv": [4, 12, 8, 16], "texture": "#1"},
				"east": {"uv": [9, 12, 16, 16], "texture": "#1"},
				"south": {"uv": [4, 12, 8, 16], "texture": "#1"},
				"west": {"uv": [9, 12, 16, 16], "texture": "#1"},
				"up": {"uv": [9, 12, 16, 16], "rotation": 90, "texture": "#1"},
				"down": {"uv": [9, 12, 16, 16], "rotation": 90, "texture": "#1"}
			}
		},
		{
			"from": [7.25, 0.25, -4],
			"to": [8.75, 1.75, 2],
			"rotation": {"angle": -22.5, "axis": "y", "origin": [8, 0, 8]},
			"faces": {
				"east": {"uv": [4, 8, 16, 11], "texture": "#1"},
				"west": {"uv": [4, 8, 16, 11], "texture": "#1"},
				"up": {"uv": [4, 8, 16, 11], "rotation": 90, "texture": "#1"},
				"down": {"uv": [4, 8, 16, 11], "rotation": 90, "texture": "#1"}
			}
		},
		{
			"from": [7, 0, 2],
			"to": [9, 2, 5.5],
			"rotation": {"angle": -22.5, "axis": "y", "origin": [8, 0, 8]},
			"faces": {
				"north": {"uv": [4, 12, 8, 16], "texture": "#1"},
				"east": {"uv": [9, 12, 16, 16], "texture": "#1"},
				"south": {"uv": [4, 12, 8, 16], "texture": "#1"},
				"west": {"uv": [9, 12, 16, 16], "texture": "#1"},
				"up": {"uv": [9, 12, 16, 16], "rotation": 90, "texture": "#1"},
				"down": {"uv": [9, 12, 16, 16], "rotation": 90, "texture": "#1"}
			}
		},
		{
			"from": [20, 0, 7],
			"to": [23.5, 2, 9],
			"rotation": {"angle": 22.5, "axis": "y", "origin": [8, 0, 8]},
			"faces": {
				"north": {"uv": [9, 12, 16, 16], "texture": "#1"},
				"east": {"uv": [4, 12, 8, 16], "texture": "#1"},
				"south": {"uv": [9, 12, 16, 16], "texture": "#1"},
				"west": {"uv": [4, 12, 8, 16], "texture": "#1"},
				"up": {"uv": [9, 12, 16, 16], "rotation": 180, "texture": "#1"},
				"down": {"uv": [9, 12, 16, 16], "texture": "#1"}
			}
		},
		{
			"from": [14, 0.25, 7.25],
			"to": [20, 1.75, 8.75],
			"rotation": {"angle": 22.5, "axis": "y", "origin": [8, 0, 8]},
			"faces": {
				"north": {"uv": [4, 8, 16, 11], "texture": "#1"},
				"south": {"uv": [4, 8, 16, 11], "texture": "#1"},
				"up": {"uv": [4, 8, 16, 11], "rotation": 180, "texture": "#1"},
				"down": {"uv": [4, 8, 16, 11], "texture": "#1"}
			}
		},
		{
			"from": [10.5, 0, 7],
			"to": [14, 2, 9],
			"rotation": {"angle": 22.5, "axis": "y", "origin": [8, 0, 8]},
			"faces": {
				"north": {"uv": [9, 12, 16, 16], "texture": "#1"},
				"east": {"uv": [4, 12, 8, 16], "texture": "#1"},
				"south": {"uv": [9, 12, 16, 16], "texture": "#1"},
				"west": {"uv": [4, 12, 8, 16], "texture": "#1"},
				"up": {"uv": [9, 12, 16, 16], "rotation": 180, "texture": "#1"},
				"down": {"uv": [9, 12, 16, 16], "texture": "#1"}
			}
		},
		{
			"from": [20, 0, 7],
			"to": [23.5, 2, 9],
			"rotation": {"angle": -22.5, "axis": "y", "origin": [8, 0, 8]},
			"faces": {
				"north": {"uv": [9, 12, 16, 16], "texture": "#1"},
				"east": {"uv": [4, 12, 8, 16], "texture": "#1"},
				"south": {"uv": [9, 12, 16, 16], "texture": "#1"},
				"west": {"uv": [4, 12, 8, 16], "texture": "#1"},
				"up": {"uv": [9, 12, 16, 16], "rotation": 180, "texture": "#1"},
				"down": {"uv": [9, 12, 16, 16], "texture": "#1"}
			}
		},
		{
			"from": [14, 0.25, 7.25],
			"to": [20, 1.75, 8.75],
			"rotation": {"angle": -22.5, "axis": "y", "origin": [8, 0, 8]},
			"faces": {
				"north": {"uv": [4, 8, 16, 11], "texture": "#1"},
				"south": {"uv": [4, 8, 16, 11], "texture": "#1"},
				"up": {"uv": [4, 8, 16, 11], "rotation": 180, "texture": "#1"},
				"down": {"uv": [4, 8, 16, 11], "texture": "#1"}
			}
		},
		{
			"from": [10.5, 0, 7],
			"to": [14, 2, 9],
			"rotation": {"angle": -22.5, "axis": "y", "origin": [8, 0, 8]},
			"faces": {
				"north": {"uv": [9, 12, 16, 16], "texture": "#1"},
				"east": {"uv": [4, 12, 8, 16], "texture": "#1"},
				"south": {"uv": [9, 12, 16, 16], "texture": "#1"},
				"west": {"uv": [4, 12, 8, 16], "texture": "#1"},
				"up": {"uv": [9, 12, 16, 16], "rotation": 180, "texture": "#1"},
				"down": {"uv": [9, 12, 16, 16], "texture": "#1"}
			}
		},
		{
			"from": [7, 0, 20],
			"to": [9, 2, 23.5],
			"rotation": {"angle": 22.5, "axis": "y", "origin": [8, 0, 8]},
			"faces": {
				"north": {"uv": [4, 12, 8, 16], "texture": "#1"},
				"east": {"uv": [9, 12, 16, 16], "texture": "#1"},
				"south": {"uv": [4, 12, 8, 16], "texture": "#1"},
				"west": {"uv": [9, 12, 16, 16], "texture": "#1"},
				"up": {"uv": [9, 12, 16, 16], "rotation": 270, "texture": "#1"},
				"down": {"uv": [9, 12, 16, 16], "rotation": 270, "texture": "#1"}
			}
		},
		{
			"from": [7.25, 0.25, 14],
			"to": [8.75, 1.75, 20],
			"rotation": {"angle": 22.5, "axis": "y", "origin": [8, 0, 8]},
			"faces": {
				"east": {"uv": [4, 8, 16, 11], "texture": "#1"},
				"west": {"uv": [4, 8, 16, 11], "texture": "#1"},
				"up": {"uv": [4, 8, 16, 11], "rotation": 270, "texture": "#1"},
				"down": {"uv": [4, 8, 16, 11], "rotation": 270, "texture": "#1"}
			}
		},
		{
			"from": [7, 0, 10.5],
			"to": [9, 2, 14],
			"rotation": {"angle": 22.5, "axis": "y", "origin": [8, 0, 8]},
			"faces": {
				"north": {"uv": [4, 12, 8, 16], "texture": "#1"},
				"east": {"uv": [9, 12, 16, 16], "texture": "#1"},
				"south": {"uv": [4, 12, 8, 16], "texture": "#1"},
				"west": {"uv": [9, 12, 16, 16], "texture": "#1"},
				"up": {"uv": [9, 12, 16, 16], "rotation": 270, "texture": "#1"},
				"down": {"uv": [9, 12, 16, 16], "rotation": 270, "texture": "#1"}
			}
		},
		{
			"from": [7, 0, 20],
			"to": [9, 2, 23.5],
			"rotation": {"angle": -22.5, "axis": "y", "origin": [8, 0, 8]},
			"faces": {
				"north": {"uv": [4, 12, 8, 16], "texture": "#1"},
				"east": {"uv": [9, 12, 16, 16], "texture": "#1"},
				"south": {"uv": [4, 12, 8, 16], "texture": "#1"},
				"west": {"uv": [9, 12, 16, 16], "texture": "#1"},
				"up": {"uv": [9, 12, 16, 16], "rotation": 270, "texture": "#1"},
				"down": {"uv": [9, 12, 16, 16], "rotation": 270, "texture": "#1"}
			}
		},
		{
			"from": [7.25, 0.25, 14],
			"to": [8.75, 1.75, 20],
			"rotation": {"angle": -22.5, "axis": "y", "origin": [8, 0, 8]},
			"faces": {
				"east": {"uv": [4, 8, 16, 11], "texture": "#1"},
				"west": {"uv": [4, 8, 16, 11], "texture": "#1"},
				"up": {"uv": [4, 8, 16, 11], "rotation": 270, "texture": "#1"},
				"down": {"uv": [4, 8, 16, 11], "rotation": 270, "texture": "#1"}
			}
		},
		{
			"from": [7, 0, 10.5],
			"to": [9, 2, 14],
			"rotation": {"angle": -22.5, "axis": "y", "origin": [8, 0, 8]},
			"faces": {
				"north": {"uv": [4, 12, 8, 16], "texture": "#1"},
				"east": {"uv": [9, 12, 16, 16], "texture": "#1"},
				"south": {"uv": [4, 12, 8, 16], "texture": "#1"},
				"west": {"uv": [9, 12, 16, 16], "texture": "#1"},
				"up": {"uv": [9, 12, 16, 16], "rotation": 270, "texture": "#1"},
				"down": {"uv": [9, 12, 16, 16], "rotation": 270, "texture": "#1"}
			}
		},
		{
			"from": [-7.5, 0, 7],
			"to": [-4, 2, 9],
			"rotation": {"angle": 22.5, "axis": "y", "origin": [8, 0, 8]},
			"faces": {
				"north": {"uv": [9, 12, 16, 16], "texture": "#1"},
				"east": {"uv": [4, 12, 8, 16], "texture": "#1"},
				"south": {"uv": [9, 12, 16, 16], "texture": "#1"},
				"west": {"uv": [4, 12, 8, 16], "texture": "#1"},
				"up": {"uv": [9, 12, 16, 16], "texture": "#1"},
				"down": {"uv": [9, 12, 16, 16], "rotation": 180, "texture": "#1"}
			}
		},
		{
			"from": [-4, 0.25, 7.25],
			"to": [2, 1.75, 8.75],
			"rotation": {"angle": 22.5, "axis": "y", "origin": [8, 0, 8]},
			"faces": {
				"north": {"uv": [4, 8, 16, 11], "texture": "#1"},
				"south": {"uv": [4, 8, 16, 11], "texture": "#1"},
				"up": {"uv": [4, 8, 16, 11], "texture": "#1"},
				"down": {"uv": [4, 8, 16, 11], "rotation": 180, "texture": "#1"}
			}
		},
		{
			"from": [2, 0, 7],
			"to": [5.5, 2, 9],
			"rotation": {"angle": 22.5, "axis": "y", "origin": [8, 0, 8]},
			"faces": {
				"north": {"uv": [9, 12, 16, 16], "texture": "#1"},
				"east": {"uv": [4, 12, 8, 16], "texture": "#1"},
				"south": {"uv": [9, 12, 16, 16], "texture": "#1"},
				"west": {"uv": [4, 12, 8, 16], "texture": "#1"},
				"up": {"uv": [9, 12, 16, 16], "texture": "#1"},
				"down": {"uv": [9, 12, 16, 16], "rotation": 180, "texture": "#1"}
			}
		},
		{
			"from": [-7.5, 0, 7],
			"to": [-4, 2, 9],
			"rotation": {"angle": -22.5, "axis": "y", "origin": [8, 0, 8]},
			"faces": {
				"north": {"uv": [9, 12, 16, 16], "texture": "#1"},
				"east": {"uv": [4, 12, 8, 16], "texture": "#1"},
				"south": {"uv": [9, 12, 16, 16], "texture": "#1"},
				"west": {"uv": [4, 12, 8, 16], "texture": "#1"},
				"up": {"uv": [9, 12, 16, 16], "texture": "#1"},
				"down": {"uv": [9, 12, 16, 16], "rotation": 180, "texture": "#1"}
			}
		},
		{
			"from": [-4, 0.25, 7.25],
			"to": [2, 1.75, 8.75],
			"rotation": {"angle": -22.5, "axis": "y", "origin": [8, 0, 8]},
			"faces": {
				"north": {"uv": [4, 8, 16, 11], "texture": "#1"},
				"south": {"uv": [4, 8, 16, 11], "texture": "#1"},
				"up": {"uv": [4, 8, 16, 11], "texture": "#1"},
				"down": {"uv": [4, 8, 16, 11], "rotation": 180, "texture": "#1"}
			}
		},
		{
			"from": [2, 0, 7],
			"to": [5.5, 2, 9],
			"rotation": {"angle": -22.5, "axis": "y", "origin": [8, 0, 8]},
			"faces": {
				"north": {"uv": [9, 12, 16, 16], "texture": "#1"},
				"east": {"uv": [4, 12, 8, 16], "texture": "#1"},
				"south": {"uv": [9, 12, 16, 16], "texture": "#1"},
				"west": {"uv": [4, 12, 8, 16], "texture": "#1"},
				"up": {"uv": [9, 12, 16, 16], "texture": "#1"},
				"down": {"uv": [9, 12, 16, 16], "rotation": 180, "texture": "#1"}
			}
		}
	],
	"display": {
		"thirdperson_righthand": {
			"translation": [0, 1.75, 0],
			"scale": [0.3, 0.3, 0.3]
		},
		"thirdperson_lefthand": {
			"translation": [0, 1.75, 0],
			"scale": [0.3, 0.3, 0.3]
		},
		"firstperson_righthand": {
			"translation": [0, 1.75, 0],
			"scale": [0.3, 0.3, 0.3]
		},
		"firstperson_lefthand": {
			"translation": [0, 1.75, 0],
			"scale": [0.3, 0.3, 0.3]
		},
		"ground": {
			"scale": [0.3, 0.3, 0.3]
		},
		"gui": {
			"rotation": [30, 45, 0],
			"scale": [0.6, 0.6, 0.6]
		},
		"fixed": {
			"rotation": [-90, 0, 0],
			"translation": [0, 0, -31.985],
			"scale": [4, 4, 4]
		}
	},
	"groups": [0, 1, 2,
		{
			"name": "group",
			"origin": [8, 0, 8],
			"children": [3, 4, 5]
		},
		{
			"name": "group",
			"origin": [8, 0, 8],
			"children": [6, 7, 8]
		},
		{
			"name": "group",
			"origin": [8, 0, 8],
			"children": [9, 10, 11]
		},
		{
			"name": "group",
			"origin": [8, 0, 8],
			"children": [12, 13, 14]
		},
		{
			"name": "group",
			"origin": [8, 0, 8],
			"children": [15, 16, 17]
		},
		{
			"name": "group",
			"origin": [8, 0, 8],
			"children": [18, 19, 20]
		},
		{
			"name": "group",
			"origin": [8, 0, 8],
			"children": [21, 22, 23]
		},
		{
			"name": "group",
			"origin": [8, 0, 8],
			"children": [24, 25, 26]
		}
	]
}