{
    "criteria": {
        "ehp": {
            "trigger": "minecraft:entity_hurt_player",
            "conditions": {
                "damage": {
                    "source_entity": {
                        "nbt": "{Tags:[\"inf_dark\"]}"
                    }
                }
            }
        },
        "phe": {
            "trigger": "player_hurt_entity",
            "conditions": {
                "entity": {
                    "nbt": "{Tags:[\"inf_dark\"]}"
                }
            }
        }
    },
    "requirements": [["ehp","phe"]],
    "rewards":{
        "function": "anc:infernal_mobs/entry/dark"
    }
}
