{
	"credit": "Made by XeKr with Blockbench",
	"parent": "block/block",
	"textures": {
		"3": "block/stone_bricks_end",
		"top": "block/stone_bricks_top",
		"side": "block/stone_bricks_side",
		"particle": "block/stone_bricks_end"
	},
	"elements": [
		{
			"name": "Anvil base",
			"from": [2, 0, 2],
			"to": [14, 4, 14],
			"faces": {
				"north": {"uv": [4, 4, 0, 16], "rotation": 270, "texture": "#side"},
				"east": {"uv": [4, 4, 0, 16], "rotation": 270, "texture": "#side"},
				"south": {"uv": [4, 4, 0, 16], "rotation": 270, "texture": "#side"},
				"west": {"uv": [4, 4, 0, 16], "rotation": 270, "texture": "#side"},
				"up": {"uv": [2, 2, 14, 14], "rotation": 180, "texture": "#top"},
				"down": {"uv": [2, 2, 14, 14], "rotation": 180, "texture": "#top", "cullface": "down"}
			}
		},
		{
			"name": "Lower narrow portion",
			"from": [4, 4, 3],
			"to": [12, 5, 13],
			"faces": {
				"north": {"uv": [4, 4, 12, 5], "texture": "#3"},
				"east": {"uv": [4, 5, 5, 15], "rotation": 90, "texture": "#side"},
				"south": {"uv": [4, 4, 12, 5], "texture": "#3"},
				"west": {"uv": [4, 5, 5, 15], "rotation": 90, "texture": "#side"},
				"up": {"uv": [4, 3, 12, 13], "rotation": 180, "texture": "#top"}
			}
		},
		{
			"name": "Wider section beneath top portion",
			"from": [6, 5, 4],
			"to": [10, 11, 12],
			"faces": {
				"north": {"uv": [4, 5, 8, 11], "texture": "#3"},
				"east": {"uv": [4, 5, 12, 11], "texture": "#3"},
				"south": {"uv": [4, 5, 8, 11], "texture": "#3"},
				"west": {"uv": [4, 5, 12, 11], "texture": "#3"}
			}
		},
		{
			"name": "Anvil top",
			"from": [3, 11, 0],
			"to": [13, 16, 16],
			"faces": {
				"north": {"uv": [3, 0, 13, 5], "texture": "#3"},
				"east": {"uv": [0, 0, 16, 5], "texture": "#3"},
				"south": {"uv": [3, 0, 13, 5], "texture": "#3"},
				"west": {"uv": [0, 0, 16, 5], "texture": "#3"},
				"up": {"uv": [3, 0, 13, 16], "rotation": 180, "texture": "#top"},
				"down": {"uv": [3, 0, 13, 16], "rotation": 180, "texture": "#top"}
			}
		}
	],
	"display": {
		"fixed": {
			"rotation": [0, 90, 0],
			"scale": [0.5, 0.5, 0.5]
		}
	}
}