{
	"credit": "Made by XeKr with Blockbench",
	"parent": "block/block",
	"textures": {
		"body": "block/sandstone_side",
		"particle": "block/sandstone_top",
		"top": "block/sandstone_top"
	},
	"elements": [
		{
			"name": "Anvil base",
			"from": [3, 0, 2],
			"to": [13, 3, 14],
			"faces": {
				"north": {"uv": [3, 4, 6, 14], "rotation": 270, "texture": "#body"},
				"east": {"uv": [3, 2, 0, 14], "rotation": 90, "texture": "#body"},
				"south": {"uv": [3, 4, 6, 14], "rotation": 270, "texture": "#body"},
				"west": {"uv": [3, 2, 0, 14], "rotation": 90, "texture": "#body"},
				"up": {"uv": [3, 2, 13, 14], "rotation": 180, "texture": "#top"},
				"down": {"uv": [2, 2, 12, 14], "rotation": 180, "texture": "#top", "cullface": "down"}
			}
		},
		{
			"name": "Lower narrow portion",
			"from": [4, 3, 3],
			"to": [12, 4, 13],
			"faces": {
				"north": {"uv": [3, 6, 4, 14], "rotation": 90, "texture": "#body"},
				"east": {"uv": [3, 3, 4, 13], "rotation": 90, "texture": "#body"},
				"south": {"uv": [3, 6, 4, 14], "rotation": 90, "texture": "#body"},
				"west": {"uv": [3, 3, 4, 13], "rotation": 90, "texture": "#body"},
				"up": {"uv": [4, 3, 12, 13], "rotation": 180, "texture": "#top"}
			}
		},
		{
			"name": "Wider section beneath top portion",
			"from": [6, 4, 5],
			"to": [10, 12, 11],
			"faces": {
				"north": {"uv": [6, 6, 10, 14], "texture": "#body"},
				"east": {"uv": [5, 4, 11, 12], "texture": "#body"},
				"south": {"uv": [6, 6, 10, 14], "texture": "#body"},
				"west": {"uv": [5, 4, 11, 12], "texture": "#body"}
			}
		},
		{
			"name": "Anvil top",
			"from": [3, 12, 0],
			"to": [13, 16, 16],
			"faces": {
				"north": {"uv": [0, 0, 4, 10], "rotation": 90, "texture": "#body"},
				"east": {"uv": [4, 0, 0, 16], "rotation": 90, "texture": "#body"},
				"south": {"uv": [0, 0, 4, 10], "rotation": 90, "texture": "#body"},
				"west": {"uv": [4, 0, 0, 16], "rotation": 90, "texture": "#body"},
				"up": {"uv": [3, 0, 13, 16], "rotation": 180, "texture": "#top"},
				"down": {"uv": [3, 0, 13, 16], "rotation": 180, "texture": "#top"}
			}
		}
	],
	"display": {
		"fixed": {
			"rotation": [0, 90, 0],
			"scale": [0.5, 0.5, 0.5]
		}
	}
}