{
  "variants": {
    "": [
          { "model": "block/oak_leaves", "weight": 240 },
          { "model": "block/oak_leaves", "y": 90, "weight": 240 },
          { "model": "block/oak_leaves", "y": 180, "weight": 240 },
          { "model": "block/oak_leaves", "y": 270, "weight": 240 },
          { "model": "block/oak_leaves_flower", "weight": 1 },
          { "model": "block/oak_leaves_flower", "y": 90, "weight": 1 },
          { "model": "block/oak_leaves_flower", "y": 180, "weight": 1 },
          { "model": "block/oak_leaves_flower", "y": 270, "weight": 1 },
		  { "model": "block/oak_leaves_flower1", "weight": 1 },
          { "model": "block/oak_leaves_flower1", "y": 90, "weight": 1 },
          { "model": "block/oak_leaves_flower1", "y": 180, "weight": 1 },
          { "model": "block/oak_leaves_flower1", "y": 270, "weight": 1 },
		  { "model": "block/oak_leaves_flower2", "weight": 1 },
          { "model": "block/oak_leaves_flower2", "y": 90, "weight": 1 },
          { "model": "block/oak_leaves_flower2", "y": 180, "weight": 1 },
          { "model": "block/oak_leaves_flower2", "y": 270, "weight": 1 }
		  
    ]
  }
}