{
	"ambientocclusion": false,
    "textures": {
        "cross": "block/tall_grass_bottom",
        "cross_upper": "block/tall_grass_top",
        "particle": "block/grass/1"
    },
    "elements": [
        {   "from": [ 0, -16, 8.1 ],
            "to": [ 16, 0, 8.1 ],
            "rotation": { "origin": [ 8, 8, 8 ], "axis": "y", "angle": -22.5, "rescale": true },
            "shade": false,
            "faces": {
                "north": { "uv": [ 0, 0, 16, 16 ], "texture": "#cross", "tintindex": 0 },
                "south": { "uv": [ 0, 0, 16, 16 ], "texture": "#cross", "tintindex": 0 }
            }
        },
        {   "from": [ 8.1, -16, 0 ],
            "to": [ 8.1, 0, 16 ],
            "rotation": { "origin": [ 8, 8, 8 ], "axis": "y", "angle": -22.5, "rescale": true },
            "shade": false,
            "faces": {
                "west": { "uv": [ 0, 0, 16, 16 ], "texture": "#cross", "tintindex": 0 },
                "east": { "uv": [ 0, 0, 16, 16 ], "texture": "#cross", "tintindex": 0 }
            }
        },
        {   "from": [ 0, 0, 8.1 ],
            "to": [ 16, 16, 8.1 ],
            "rotation": { "origin": [ 8, 8, 8 ], "axis": "y", "angle": -22.5, "rescale": true },
            "shade": false,
            "faces": {
                "north": { "uv": [ 0, 0, 16, 16 ], "texture": "#cross_upper", "tintindex": 0 },
                "south": { "uv": [ 0, 0, 16, 16 ], "texture": "#cross_upper", "tintindex": 0 }
            }
        },
        {   "from": [ 8.1, 0, 0 ],
            "to": [ 8.1, 16, 16 ],
            "rotation": { "origin": [ 8, 8, 8 ], "axis": "y", "angle": -22.5, "rescale": true },
            "shade": false,
            "faces": {
                "west": { "uv": [ 0, 0, 16, 16 ], "texture": "#cross_upper", "tintindex": 0 },
                "east": { "uv": [ 0, 0, 16, 16 ], "texture": "#cross_upper", "tintindex": 0 }
            }
        }
    ]
}
