{
    "type": "entity",
    "pools": [
        {
            "rolls": 1,
            "entries": [
                {
                    "type": "item",
                    "name": "spider_eye",
                    "functions": [
                        {
                            "function": "set_count",
                            "count": {
                                "max": 6,
                                "min": 2,
                                "type": "uniform"
                            }
                        }
                    ]
                },
                {
                    "type": "item",
                    "name": "fermented_spider_eye",
                    "functions": [
                        {
                            "function": "set_count",
                            "count": {
                                "max": 6,
                                "min": 2,
                                "type": "uniform"
                            }
                        }
                    ]
                },
                {
                    "type": "item",
                    "name": "poisonous_potato",
                    "functions": [
                        {
                            "function": "set_count",
                            "count": {
                                "max": 6,
                                "min": 2,
                                "type": "uniform"
                            }
                        }
                    ]
                },
                {
                    "type": "item",
                    "name": "lily_of_the_valley",
                    "functions": [
                        {
                            "function": "set_count",
                            "count": {
                                "max": 6,
                                "min": 2,
                                "type": "uniform"
                            }
                        }
                    ]
                },
                {
                    "type": "item",
                    "name": "pufferfish",
                    "functions": [
                        {
                            "function": "set_count",
                            "count": {
                                "max": 6,
                                "min": 2,
                                "type": "uniform"
                            }
                        }
                    ]
                }
            ]
        }
    ]
}