{
	"credit": "Made by XeKr with Blockbench",
	"textures": {
		"0": "block/mooncake_dish",
		"1": "block/mooncake",
		"particle": "block/mooncake_dish"
	},
	"elements": [
		{
			"from": [2, 0, 2],
			"to": [14, 1, 14],
			"faces": {
				"north": {"uv": [2, 13, 14, 14], "texture": "#0"},
				"east": {"uv": [2, 13, 14, 14], "texture": "#0"},
				"south": {"uv": [2, 13, 14, 14], "texture": "#0"},
				"west": {"uv": [2, 13, 14, 14], "texture": "#0"},
				"down": {"uv": [2, 2, 14, 14], "texture": "#0"}
			}
		},
		{
			"from": [1, 1, 1],
			"to": [15, 2, 15],
			"faces": {
				"north": {"uv": [1, 14, 15, 15], "texture": "#0"},
				"east": {"uv": [1, 14, 15, 15], "texture": "#0"},
				"south": {"uv": [1, 14, 15, 15], "texture": "#0"},
				"west": {"uv": [1, 14, 15, 15], "texture": "#0"},
				"up": {"uv": [1, 1, 15, 15], "texture": "#0"},
				"down": {"uv": [1, 1, 15, 15], "texture": "#0"}
			}
		},
		{
			"from": [8.5, 2, 2.5],
			"to": [13.5, 5, 7.5],
			"rotation": {"angle": 0, "axis": "y", "origin": [11, 3.5, 5]},
			"faces": {
				"north": {"uv": [0, 6, 5, 9], "texture": "#1"},
				"east": {"uv": [0, 6, 5, 9], "texture": "#1"},
				"south": {"uv": [0, 6, 5, 9], "texture": "#1"},
				"west": {"uv": [0, 6, 5, 9], "texture": "#1"},
				"up": {"uv": [0, 0, 5, 5], "texture": "#1"},
				"down": {"uv": [0, 10, 5, 15], "texture": "#1"}
			}
		},
		{
			"from": [8.5, 2, 8.5],
			"to": [13.5, 5, 10.5],
			"rotation": {"angle": -22.5, "axis": "y", "origin": [11, 3.5, 11]},
			"faces": {
				"north": {"uv": [0, 6, 5, 9], "texture": "#1"},
				"east": {"uv": [3, 6, 5, 9], "texture": "#1"},
				"south": {"uv": [6, 12, 11, 15], "texture": "#1"},
				"west": {"uv": [0, 6, 2, 9], "texture": "#1"},
				"up": {"uv": [3, 0, 5, 5], "rotation": 270, "texture": "#1"},
				"down": {"uv": [3, 10, 5, 15], "rotation": 90, "texture": "#1"}
			}
		}
	]
}