{
	"condition": "minecraft:alternative",
	"terms": [
		{
			"condition": "minecraft:entity_properties",
			"entity": "this",
			"predicate": {
				"nbt": "{Item:{tag:{id:\"anc:magnet_block\"}}}"
			}
		},
		{
			"condition": "minecraft:entity_properties",
			"entity": "this",
			"predicate": {
				"nbt": "{Item:{id:\"minecraft:iron_block\"}}"
			}
		},
        {
			"condition": "minecraft:entity_properties",
			"entity": "this",
			"predicate": {
				"nbt": "{Item:{id:\"minecraft:iron_ingot\"}}"
			}
		},
        {
			"condition": "minecraft:entity_properties",
			"entity": "this",
			"predicate": {
				"nbt": "{Item:{id:\"minecraft:raw_iron_block\"}}"
			}
		},
        {
			"condition": "minecraft:entity_properties",
			"entity": "this",
			"predicate": {
				"nbt": "{Item:{id:\"minecraft:gold_block\"}}"
			}
		},
        {
			"condition": "minecraft:entity_properties",
			"entity": "this",
			"predicate": {
				"nbt": "{Item:{id:\"minecraft:gold_ingot\"}}"
			}
		},
        {
			"condition": "minecraft:entity_properties",
			"entity": "this",
			"predicate": {
				"nbt": "{Item:{id:\"minecraft:raw_gold_block\"}}"
			}
		},
        {
			"condition": "minecraft:entity_properties",
			"entity": "this",
			"predicate": {
				"nbt": "{Item:{id:\"minecraft:copper_block\"}}"
			}
		},
        {
			"condition": "minecraft:entity_properties",
			"entity": "this",
			"predicate": {
				"nbt": "{Item:{id:\"minecraft:raw_copper_block\"}}"
			}
		},
        {
			"condition": "minecraft:entity_properties",
			"entity": "this",
			"predicate": {
				"nbt": "{Item:{id:\"minecraft:redstone_block\"}}"
			}
		},
        {
			"condition": "minecraft:entity_properties",
			"entity": "this",
			"predicate": {
				"nbt": "{Item:{id:\"minecraft:quartz_block\"}}"
			}
		},
        {
			"condition": "minecraft:entity_properties",
			"entity": "this",
			"predicate": {
				"nbt": "{Item:{id:\"minecraft:diamond_block\"}}"
			}
		},
        {
			"condition": "minecraft:entity_properties",
			"entity": "this",
			"predicate": {
				"nbt": "{Item:{id:\"minecraft:coal_block\"}}"
			}
		},
        {
			"condition": "minecraft:entity_properties",
			"entity": "this",
			"predicate": {
				"nbt": "{Item:{id:\"minecraft:netherite_block\"}}"
			}
		},
        {
			"condition": "minecraft:entity_properties",
			"entity": "this",
			"predicate": {
				"nbt": "{Item:{id:\"minecraft:glowstone\"}}"
			}
		},
        {
			"condition": "minecraft:entity_properties",
			"entity": "this",
			"predicate": {
				"nbt": "{Item:{id:\"minecraft:melon\"}}"
			}
		},
        {
			"condition": "minecraft:entity_properties",
			"entity": "this",
			"predicate": {
				"nbt": "{Item:{id:\"minecraft:slime_block\"}}"
			}
		},
        {
			"condition": "minecraft:entity_properties",
			"entity": "this",
			"predicate": {
				"nbt": "{Item:{id:\"minecraft:bone_block\"}}"
			}
		},
        {
			"condition": "minecraft:entity_properties",
			"entity": "this",
			"predicate": {
				"nbt": "{Item:{id:\"minecraft:clay\"}}"
			}
		},
        {
			"condition": "minecraft:entity_properties",
			"entity": "this",
			"predicate": {
				"nbt": "{Item:{id:\"minecraft:snow_block\"}}"
			}
		},
        {
			"condition": "minecraft:entity_properties",
			"entity": "this",
			"predicate": {
				"nbt": "{Item:{id:\"minecraft:emerald_block\"}}"
			}
		},
        {
			"condition": "minecraft:entity_properties",
			"entity": "this",
			"predicate": {
				"nbt": "{Item:{id:\"minecraft:lapis_block\"}}"
			}
		},
        {
			"condition": "minecraft:entity_properties",
			"entity": "this",
			"predicate": {
				"nbt": "{Item:{id:\"minecraft:hay_block\"}}"
			}
		},
        {
			"condition": "minecraft:entity_properties",
			"entity": "this",
			"predicate": {
				"nbt": "{Item:{id:\"minecraft:dried_kelp_block\"}}"
			}
		},
        {
			"condition": "minecraft:entity_properties",
			"entity": "this",
			"predicate": {
				"nbt": "{Item:{id:\"minecraft:nether_star\"}}"
			}
		},
        {
			"condition": "minecraft:entity_properties",
			"entity": "this",
			"predicate": {
				"nbt": "{Item:{id:\"minecraft:heart_of_the_sea\"}}"
			}
		},
        {
			"condition": "minecraft:entity_properties",
			"entity": "this",
			"predicate": {
				"nbt": "{Item:{id:\"minecraft:wheat\"}}"
			}
		},
        {
			"condition": "minecraft:entity_properties",
			"entity": "this",
			"predicate": {
				"nbt": "{Item:{id:\"minecraft:beef\"}}"
			}
		},
        {
			"condition": "minecraft:entity_properties",
			"entity": "this",
			"predicate": {
				"nbt": "{Item:{id:\"minecraft:porkchop\"}}"
			}
		},
        {
			"condition": "minecraft:entity_properties",
			"entity": "this",
			"predicate": {
				"nbt": "{Item:{id:\"minecraft:wet_sponge\"}}"
			}
		}
	]
}