{
    "condition": "minecraft:alternative",
    "terms": [
		{
			"condition": "minecraft:entity_properties",
			"entity": "this",
			"predicate": {
				"nbt": "{Item:{tag:{id:\"anc:dough\"}}}"
			}
		},
		{
			"condition": "minecraft:entity_properties",
			"entity": "this",
			"predicate": {
				"nbt": "{Item:{tag:{id:\"anc:shengjian_raw\"}}}"
			}
		},
		{
			"condition": "minecraft:entity_properties",
			"entity": "this",
			"predicate": {
				"nbt": "{Item:{tag:{id:\"anc:meatballs_raw\"}}}"
			}
		},
		{
			"condition": "minecraft:entity_properties",
			"entity": "this",
			"predicate": {
				"nbt": "{Item:{tag:{id:\"anc:utusan_raw\"}}}"
			}
		}
    ]
}