{
    "type": "entity",
    "pools": [
        {
            "rolls": 1,
            "entries": [
                {
                    "type": "item",
                    "name": "lava_bucket"
                },
                {
                    "type": "item",
                    "name": "enchanted_book",
                    "functions": [
                        {
                            "function": "set_enchantments",
                            "enchantments": {
                                "fire_aspect":3
                            }
                        }
                    ]
                },
                {
                    "type": "item",
                    "name": "enchanted_book",
                    "functions": [
                        {
                            "function": "set_enchantments",
                            "enchantments": {
                                "fire_protection":5
                            }
                        }
                    ]
                },
                {
                    "type": "item",
                    "name": "enchanted_book",
                    "functions": [
                        {
                            "function": "set_enchantments",
                            "enchantments": {
                                "flame":2
                            }
                        }
                    ]
                },
                {
                    "type": "loot_table",
                    "name": "anc:debris_scrap"
                }
            ]
        }
    ]
}