{
	"credit": "Made by XeKr with Blockbench",
	"parent": "block/block0",
	"textures": {
		"particle": "block/stone_bricks_end",
		"body": "block/stone_bricks_end",
		"top": "block/stone_bricks_top",
		"side": "block/stone_bricks_side"
	},
	"elements": [
		{
			"name": "base",
			"from": [2, 0, 2],
			"to": [14, 4, 14],
			"faces": {
				"north": {"uv": [0, 2, 4, 14], "rotation": 270, "texture": "#side"},
				"east": {"uv": [0, 2, 4, 14], "rotation": 270, "texture": "#side"},
				"south": {"uv": [0, 2, 4, 14], "rotation": 270, "texture": "#side"},
				"west": {"uv": [0, 2, 4, 14], "rotation": 270, "texture": "#side"},
				"up": {"uv": [2, 2, 14, 14], "rotation": 180, "texture": "#top"},
				"down": {"uv": [2, 2, 14, 14], "rotation": 180, "texture": "#top", "cullface": "down"}
			}
		},
		{
			"name": "boby",
			"from": [4, 5, 4],
			"to": [12, 11, 12],
			"faces": {
				"north": {"uv": [4, 5, 12, 11], "texture": "#body"},
				"east": {"uv": [4, 5, 12, 11], "texture": "#body"},
				"south": {"uv": [4, 5, 12, 11], "texture": "#body"},
				"west": {"uv": [4, 5, 12, 11], "texture": "#body"}
			}
		},
		{
			"name": "top",
			"from": [0, 11, 0],
			"to": [16, 16, 16],
			"faces": {
				"north": {"uv": [0, 0, 16, 5], "texture": "#body"},
				"east": {"uv": [0, 0, 16, 5], "texture": "#body"},
				"south": {"uv": [0, 0, 16, 5], "texture": "#body"},
				"west": {"uv": [0, 0, 16, 5], "texture": "#body"},
				"up": {"uv": [0, 0, 16, 16], "rotation": 180, "texture": "#top"},
				"down": {"uv": [0, 0, 16, 16], "rotation": 180, "texture": "#top"}
			}
		},
		{
			"name": "Box4",
			"from": [3, 4, 3],
			"to": [13, 5, 13],
			"faces": {
				"north": {"uv": [3, 11, 13, 12], "texture": "#body"},
				"east": {"uv": [3, 11, 13, 12], "texture": "#body"},
				"south": {"uv": [3, 11, 13, 12], "texture": "#body"},
				"west": {"uv": [3, 11, 13, 12], "texture": "#body"},
				"up": {"uv": [3, 3, 13, 13], "texture": "#top"}
			}
		}
	],
	"display": {
		"fixed": {
			"rotation": [0, 90, 0],
			"scale": [0.5, 0.5, 0.5]
		}
	}
}