{
	"credit": "Made by XeKr with Blockbench",
	"parent": "block/block0",
	"textures": {
		"3": "block/stone_bricks_end",
		"top": "block/stone_bricks_top",
		"side": "block/stone_bricks_side",
		"particle": "block/stone_bricks_end",
		"body": "block/chiseled_stone_bricks",
		"big": "block/stone_anvil"
	},
	"elements": [
		{
			"name": "Anvil base",
			"from": [2, 0, 2],
			"to": [14, 4, 14],
			"faces": {
				"north": {"uv": [4, 4, 0, 16], "rotation": 270, "texture": "#side"},
				"east": {"uv": [4, 4, 0, 16], "rotation": 270, "texture": "#side"},
				"south": {"uv": [4, 4, 0, 16], "rotation": 270, "texture": "#side"},
				"west": {"uv": [4, 4, 0, 16], "rotation": 270, "texture": "#side"},
				"up": {"uv": [2, 2, 14, 14], "rotation": 180, "texture": "#top"}
			}
		},
		{
			"name": "Lower narrow portion",
			"from": [4, 4, 3],
			"to": [12, 5, 13],
			"faces": {
				"north": {"uv": [4, 4, 12, 5], "texture": "#3"},
				"east": {"uv": [4, 5, 5, 15], "rotation": 90, "texture": "#side"},
				"south": {"uv": [4, 4, 12, 5], "texture": "#3"},
				"west": {"uv": [4, 5, 5, 15], "rotation": 90, "texture": "#side"},
				"up": {"uv": [4, 3, 12, 13], "rotation": 180, "texture": "#top"}
			}
		},
		{
			"name": "Wider section beneath top portion",
			"from": [6, 5, 4],
			"to": [10, 11, 12],
			"faces": {
				"north": {"uv": [4, 5, 8, 11], "texture": "#3"},
				"east": {"uv": [4, 5, 12, 11], "texture": "#3"},
				"south": {"uv": [4, 5, 8, 11], "texture": "#3"},
				"west": {"uv": [4, 5, 12, 11], "texture": "#3"}
			}
		},
		{
			"name": "Anvil top",
			"from": [3, 11, 0],
			"to": [13, 16, 16],
			"faces": {
				"north": {"uv": [3, 0, 13, 5], "texture": "#3"},
				"east": {"uv": [0, 0, 16, 5], "texture": "#3"},
				"south": {"uv": [3, 0, 13, 5], "texture": "#3"},
				"west": {"uv": [0, 0, 16, 5], "texture": "#3"},
				"up": {"uv": [3, 0, 13, 16], "rotation": 180, "texture": "#top"},
				"down": {"uv": [3, 0, 13, 16], "rotation": 180, "texture": "#top"}
			}
		},
		{
			"name": "Box5",
			"from": [-4, 15, -4],
			"to": [20, 16.125, 20],
			"faces": {
				"north": {"uv": [0, 12, 12, 12.5], "texture": "#big", "cullface": "down"},
				"east": {"uv": [0, 12, 12, 12.5], "texture": "#big", "cullface": "down"},
				"south": {"uv": [0, 12, 12, 12.5], "texture": "#big", "cullface": "down"},
				"west": {"uv": [0, 12, 12, 12.5], "texture": "#big", "cullface": "down"},
				"up": {"uv": [0, 0, 12, 12], "texture": "#big", "cullface": "down"},
				"down": {"uv": [0, 0, 12, 12], "texture": "#big", "cullface": "down"}
			}
		},
		{
			"name": "Box5",
			"from": [-4, 12, -4],
			"to": [20, 13, 20],
			"faces": {
				"north": {"uv": [0, 12, 12, 12.5], "texture": "#big", "cullface": "down"},
				"east": {"uv": [0, 12, 12, 12.5], "texture": "#big", "cullface": "down"},
				"south": {"uv": [0, 12, 12, 12.5], "texture": "#big", "cullface": "down"},
				"west": {"uv": [0, 12, 12, 12.5], "texture": "#big", "cullface": "down"},
				"up": {"uv": [0, 0, 12, 12], "texture": "#big", "cullface": "down"},
				"down": {"uv": [0, 0, 12, 12], "texture": "#big", "cullface": "down"}
			}
		},
		{
			"name": "Box5",
			"from": [-3, 13, -3],
			"to": [19, 15, 19],
			"faces": {
				"north": {"uv": [0.5, 12.5, 11.5, 13.5], "texture": "#big", "cullface": "down"},
				"east": {"uv": [0.5, 12.5, 11.5, 13.5], "texture": "#big", "cullface": "down"},
				"south": {"uv": [0.5, 12.5, 11.5, 13.5], "texture": "#big", "cullface": "down"},
				"west": {"uv": [0.5, 12.5, 11.5, 13.5], "texture": "#big", "cullface": "down"}
			}
		},
		{
			"name": "Box5",
			"from": [-0.125, -4, -0.125],
			"to": [16.125, 0.125, 16.125],
			"faces": {
				"north": {"uv": [2, 13.5, 10, 15.5], "texture": "#big", "cullface": "down"},
				"east": {"uv": [2, 13.5, 10, 15.5], "texture": "#big", "cullface": "down"},
				"south": {"uv": [2, 13.5, 10, 15.5], "texture": "#big", "cullface": "down"},
				"west": {"uv": [2, 13.5, 10, 15.5], "texture": "#big", "cullface": "down"},
				"up": {"uv": [2, 2, 10, 10], "texture": "#big", "cullface": "down"}
			}
		},
		{
			"name": "Box5",
			"from": [-2, -8, -2],
			"to": [18, -7, 18],
			"faces": {
				"north": {"uv": [1, 12, 11, 12.5], "texture": "#big", "cullface": "down"},
				"east": {"uv": [1, 12, 11, 12.5], "texture": "#big", "cullface": "down"},
				"south": {"uv": [1, 12, 11, 12.5], "texture": "#big", "cullface": "down"},
				"west": {"uv": [1, 12, 11, 12.5], "texture": "#big", "cullface": "down"},
				"up": {"uv": [1, 1, 11, 11], "texture": "#big", "cullface": "down"},
				"down": {"uv": [1, 1, 11, 11], "texture": "#big", "cullface": "down"}
			}
		},
		{
			"name": "Box5",
			"from": [-1, -7, -1],
			"to": [17, -5, 17],
			"faces": {
				"north": {"uv": [1.5, 12.5, 10.5, 13.5], "texture": "#big", "cullface": "down"},
				"east": {"uv": [1.5, 12.5, 10.5, 13.5], "texture": "#big", "cullface": "down"},
				"south": {"uv": [1.5, 12.5, 10.5, 13.5], "texture": "#big", "cullface": "down"},
				"west": {"uv": [1.5, 12.5, 10.5, 13.5], "texture": "#big", "cullface": "down"}
			}
		},
		{
			"name": "Box9",
			"from": [-1.125, -4, 13],
			"to": [2.875, 10, 17],
			"faces": {
				"north": {"uv": [13, 0, 15, 7], "texture": "#big", "cullface": "down"},
				"east": {"uv": [13, 0, 15, 7], "texture": "#big", "cullface": "down"},
				"south": {"uv": [13, 0, 15, 7], "texture": "#big", "cullface": "down"},
				"west": {"uv": [13, 0, 15, 7], "texture": "#big", "cullface": "down"}
			}
		},
		{
			"name": "Box13",
			"from": [1, 0, 1],
			"to": [15, 10, 15],
			"faces": {
				"north": {"uv": [1, 3, 15, 13], "texture": "#body", "cullface": "down"},
				"east": {"uv": [1, 3, 15, 13], "texture": "#body", "cullface": "down"},
				"south": {"uv": [1, 3, 15, 13], "texture": "#body", "cullface": "down"},
				"west": {"uv": [1, 3, 15, 13], "texture": "#body", "cullface": "down"}
			}
		},
		{
			"name": "Box14",
			"from": [4.5, 1.5, 15],
			"to": [11.5, 8.5, 17],
			"rotation": {"angle": -45, "axis": "z", "origin": [8, 5, 17]},
			"faces": {
				"east": {"uv": [12, 8, 13, 11.5], "texture": "#big", "cullface": "down"},
				"south": {"uv": [12, 8, 15.5, 11.5], "texture": "#big", "cullface": "down"},
				"west": {"uv": [13, 8, 12, 11.5], "texture": "#big", "cullface": "down"},
				"up": {"uv": [12, 8, 13, 11.5], "rotation": 270, "texture": "#big", "cullface": "down"},
				"down": {"uv": [12, 11.5, 13, 8], "rotation": 90, "texture": "#big", "cullface": "down"}
			}
		},
		{
			"name": "Box5",
			"from": [-2, -5, -2],
			"to": [18, -4, 18],
			"faces": {
				"north": {"uv": [1, 12, 11, 12.5], "texture": "#big", "cullface": "down"},
				"east": {"uv": [1, 12, 11, 12.5], "texture": "#big", "cullface": "down"},
				"south": {"uv": [1, 12, 11, 12.5], "texture": "#big", "cullface": "down"},
				"west": {"uv": [1, 12, 11, 12.5], "texture": "#big", "cullface": "down"},
				"up": {"uv": [1, 1, 11, 11], "texture": "#big", "cullface": "down"},
				"down": {"uv": [1, 1, 11, 11], "texture": "#big", "cullface": "down"}
			}
		},
		{
			"name": "Box9",
			"from": [13, -4, 13.125],
			"to": [17, 10, 17.125],
			"faces": {
				"north": {"uv": [13, 0, 15, 7], "texture": "#big", "cullface": "down"},
				"east": {"uv": [13, 0, 15, 7], "texture": "#big", "cullface": "down"},
				"south": {"uv": [13, 0, 15, 7], "texture": "#big", "cullface": "down"},
				"west": {"uv": [13, 0, 15, 7], "texture": "#big", "cullface": "down"}
			}
		},
		{
			"name": "Box9",
			"from": [13.125, -4, -1],
			"to": [17.125, 10, 3],
			"faces": {
				"north": {"uv": [13, 0, 15, 7], "texture": "#big", "cullface": "down"},
				"east": {"uv": [13, 0, 15, 7], "texture": "#big", "cullface": "down"},
				"south": {"uv": [13, 0, 15, 7], "texture": "#big", "cullface": "down"},
				"west": {"uv": [13, 0, 15, 7], "texture": "#big", "cullface": "down"}
			}
		},
		{
			"name": "Box9",
			"from": [-1, -4, -1.125],
			"to": [3, 10, 2.875],
			"faces": {
				"north": {"uv": [13, 0, 15, 7], "texture": "#big", "cullface": "down"},
				"east": {"uv": [13, 0, 15, 7], "texture": "#big", "cullface": "down"},
				"south": {"uv": [13, 0, 15, 7], "texture": "#big", "cullface": "down"},
				"west": {"uv": [13, 0, 15, 7], "texture": "#big", "cullface": "down"}
			}
		},
		{
			"name": "Box5",
			"from": [-2, 10, -2],
			"to": [18, 12, 18],
			"faces": {
				"north": {"uv": [1, 12, 11, 13], "texture": "#big", "cullface": "down"},
				"east": {"uv": [1, 12, 11, 13], "texture": "#big", "cullface": "down"},
				"south": {"uv": [1, 12, 11, 13], "texture": "#big", "cullface": "down"},
				"west": {"uv": [1, 12, 11, 13], "texture": "#big", "cullface": "down"},
				"down": {"uv": [1, 1, 11, 11], "texture": "#big", "cullface": "down"}
			}
		},
		{
			"name": "Box14",
			"from": [15, 1.5, 4.5],
			"to": [17, 8.5, 11.5],
			"rotation": {"angle": -45, "axis": "x", "origin": [17, 5, 8]},
			"faces": {
				"north": {"uv": [12, 8, 13, 11.5], "texture": "#big", "cullface": "down"},
				"east": {"uv": [12, 8, 15.5, 11.5], "texture": "#big", "cullface": "down"},
				"south": {"uv": [13, 8, 12, 11.5], "texture": "#big", "cullface": "down"},
				"up": {"uv": [12, 8, 13, 11.5], "rotation": 180, "texture": "#big", "cullface": "down"},
				"down": {"uv": [12, 11.5, 13, 8], "rotation": 180, "texture": "#big", "cullface": "down"}
			}
		},
		{
			"name": "Box14",
			"from": [4.5, 1.5, -1],
			"to": [11.5, 8.5, 1],
			"rotation": {"angle": 45, "axis": "z", "origin": [8, 5, -1]},
			"faces": {
				"north": {"uv": [12, 8, 15.5, 11.5], "texture": "#big", "cullface": "down"},
				"east": {"uv": [13, 8, 12, 11.5], "texture": "#big", "cullface": "down"},
				"west": {"uv": [12, 8, 13, 11.5], "texture": "#big", "cullface": "down"},
				"up": {"uv": [12, 8, 13, 11.5], "rotation": 90, "texture": "#big", "cullface": "down"},
				"down": {"uv": [12, 11.5, 13, 8], "rotation": 270, "texture": "#big", "cullface": "down"}
			}
		},
		{
			"name": "Box14",
			"from": [-1, 1.5, 4.5],
			"to": [1, 8.5, 11.5],
			"rotation": {"angle": 45, "axis": "x", "origin": [-1, 5, 8]},
			"faces": {
				"north": {"uv": [13, 8, 12, 11.5], "texture": "#big", "cullface": "down"},
				"south": {"uv": [12, 8, 13, 11.5], "texture": "#big", "cullface": "down"},
				"west": {"uv": [12, 8, 15.5, 11.5], "texture": "#big", "cullface": "down"},
				"up": {"uv": [12, 8, 13, 11.5], "texture": "#big", "cullface": "down"},
				"down": {"uv": [12, 11.5, 13, 8], "texture": "#big", "cullface": "down"}
			}
		}
	],
	"display": {
		"fixed": {
			"rotation": [0, 90, 0],
			"scale": [0.5, 0.5, 0.5]
		}
	}
}