{
	"credit": "Made by XeKr with Blockbench",
	"parent": "minecraft:block/cross",
	"textures": {
		"0": "block/blue_orchid_3d",
		"particle": "block/blue_orchid_3d"
	},
	"elements": [
		{
			"from": [8, 0, 8],
			"to": [8, 11, 16],
			"shade": false,
			"rotation": {"angle": 22.5, "axis": "y", "origin": [8, 0, 8]},
			"faces": {
				"east": {"uv": [9, 3, 1, 14], "texture": "#0"},
				"west": {"uv": [1, 3, 9, 14], "texture": "#0"}
			}
		},
		{
			"from": [8, 0, 8],
			"to": [8, 7, 15],
			"shade": false,
			"rotation": {"angle": 0, "axis": "y", "origin": [8, 0, 8]},
			"faces": {
				"east": {"uv": [9, 3, 2, 10], "texture": "#0"},
				"west": {"uv": [2, 3, 9, 10], "texture": "#0"}
			}
		},
		{
			"from": [8, 0, 2],
			"to": [8, 4, 8],
			"shade": false,
			"rotation": {"angle": 0, "axis": "y", "origin": [8, 0, 8]},
			"faces": {
				"east": {"uv": [3, 3, 9, 7], "texture": "#0"},
				"west": {"uv": [9, 3, 3, 7], "texture": "#0"}
			}
		},
		{
			"from": [2, 0, 8],
			"to": [8, 4, 8],
			"shade": false,
			"rotation": {"angle": 0, "axis": "y", "origin": [8, 0, 8]},
			"faces": {
				"north": {"uv": [3, 3, 9, 7], "texture": "#0"},
				"south": {"uv": [9, 3, 3, 7], "texture": "#0"}
			}
		},
		{
			"from": [2, 0, 8],
			"to": [8, 4, 8],
			"shade": false,
			"rotation": {"angle": 22.5, "axis": "y", "origin": [8, 0, 8]},
			"faces": {
				"north": {"uv": [3, 3, 9, 7], "texture": "#0"},
				"south": {"uv": [9, 3, 3, 7], "texture": "#0"}
			}
		},
		{
			"from": [8, 0, 8],
			"to": [12, 11, 8],
			"shade": false,
			"rotation": {"angle": 0, "axis": "y", "origin": [8, 0, 8]},
			"faces": {
				"north": {"uv": [14, 5, 10, 16], "texture": "#0"},
				"south": {"uv": [10, 5, 14, 16], "texture": "#0"}
			}
		},
		{
			"from": [5, 0, 8],
			"to": [8, 9, 8],
			"shade": false,
			"rotation": {"angle": -45, "axis": "y", "origin": [8, 0, 8]},
			"faces": {
				"north": {"uv": [10, 6, 13, 15], "texture": "#0"},
				"south": {"uv": [13, 6, 10, 15], "texture": "#0"}
			}
		},
		{
			"from": [8, 0, 8],
			"to": [8, 12, 12],
			"shade": false,
			"rotation": {"angle": -45, "axis": "y", "origin": [8, 0, 8]},
			"faces": {
				"east": {"uv": [14, 4, 10, 16], "texture": "#0"},
				"west": {"uv": [10, 4, 14, 16], "texture": "#0"}
			}
		},
		{
			"from": [4, 0, 5],
			"to": [8, 0, 11],
			"shade": false,
			"rotation": {"angle": -22.5, "axis": "z", "origin": [8, 0, 8]},
			"faces": {
				"up": {"uv": [16, 0, 10, 4], "rotation": 90, "texture": "#0"},
				"down": {"uv": [10, 0, 16, 4], "rotation": 90, "texture": "#0"}
			}
		},
		{
			"from": [6.5, 2.5, 2.5],
			"to": [9.5, 2.5, 5.5],
			"shade": false,
			"rotation": {"angle": -22.5, "axis": "x", "origin": [8, 2.5, 5.5]},
			"faces": {
				"up": {"uv": [3, 0, 0, 3], "rotation": 180, "texture": "#0"},
				"down": {"uv": [0, 0, 3, 3], "texture": "#0"}
			}
		},
		{
			"from": [2.5, 2.5, 7.5],
			"to": [5.5, 2.5, 10.5],
			"shade": false,
			"rotation": {"angle": 22.5, "axis": "y", "origin": [5.5, 2.5, 9]},
			"faces": {
				"up": {"uv": [3, 0, 0, 3], "rotation": 90, "texture": "#0"},
				"down": {"uv": [0, 0, 3, 3], "rotation": 90, "texture": "#0"}
			}
		},
		{
			"from": [8, 7, 12],
			"to": [11, 10, 12],
			"shade": false,
			"rotation": {"angle": 22.5, "axis": "y", "origin": [9.5, 10, 12]},
			"faces": {
				"north": {"uv": [3, 0, 0, 3], "texture": "#0"},
				"south": {"uv": [0, 0, 3, 3], "texture": "#0"}
			}
		},
		{
			"from": [5.5, 3, 7],
			"to": [8.5, 6, 7],
			"shade": false,
			"rotation": {"angle": 22.5, "axis": "x", "origin": [7, 6, 7]},
			"faces": {
				"north": {"uv": [3, 0, 0, 3], "texture": "#0"},
				"south": {"uv": [0, 0, 3, 3], "texture": "#0"}
			}
		},
		{
			"from": [9, 7, 6.5],
			"to": [12, 7, 9.5],
			"shade": false,
			"rotation": {"angle": -22.5, "axis": "z", "origin": [9, 7, 8]},
			"faces": {
				"up": {"uv": [3, 0, 0, 3], "rotation": 270, "texture": "#0"},
				"down": {"uv": [0, 0, 3, 3], "rotation": 270, "texture": "#0"}
			}
		},
		{
			"from": [5, 0, 4],
			"to": [11, 0, 8],
			"shade": false,
			"rotation": {"angle": 22.5, "axis": "x", "origin": [8, 0, 8]},
			"faces": {
				"up": {"uv": [16, 0, 10, 4], "rotation": 180, "texture": "#0"},
				"down": {"uv": [10, 0, 16, 4], "texture": "#0"}
			}
		},
		{
			"from": [8, 0, 5],
			"to": [12, 0, 11],
			"shade": false,
			"rotation": {"angle": 22.5, "axis": "z", "origin": [8, 0, 8]},
			"faces": {
				"up": {"uv": [16, 0, 10, 4], "rotation": 270, "texture": "#0"},
				"down": {"uv": [10, 0, 16, 4], "rotation": 270, "texture": "#0"}
			}
		},
		{
			"from": [5, 0, 8],
			"to": [11, 0, 12],
			"shade": false,
			"rotation": {"angle": -22.5, "axis": "x", "origin": [8, 0, 8]},
			"faces": {
				"up": {"uv": [16, 0, 10, 4], "texture": "#0"},
				"down": {"uv": [10, 0, 16, 4], "rotation": 180, "texture": "#0"}
			}
		}
	]
}