{
	"credit": "Made by XeKr with Blockbench",
	"parent": "block/cross",
	"textures": {
		"0": "block/bubble_coral_3d",
		"particle": "block/bubble_coral_3d"
	},
	"elements": [
		{
			"from": [9.625, 5.125, 12.625],
			"to": [13.375, 8.875, 16.375],
			"rotation": {"angle": -22.5, "axis": "y", "origin": [11.5, 7, 14.5]},
			"faces": {
				"north": {"uv": [8, 12, 12, 16], "texture": "#0"},
				"east": {"uv": [8, 12, 12, 16], "texture": "#0"},
				"south": {"uv": [8, 12, 12, 16], "texture": "#0"},
				"west": {"uv": [8, 12, 12, 16], "texture": "#0"},
				"up": {"uv": [8, 12, 12, 16], "texture": "#0"},
				"down": {"uv": [8, 12, 12, 16], "texture": "#0"}
			}
		},
		{
			"from": [9.5, 5, 12.5],
			"to": [13.5, 9, 16.5],
			"rotation": {"angle": -22.5, "axis": "y", "origin": [11.5, 7, 14.5]},
			"faces": {
				"north": {"uv": [0, 0, 4, 4], "texture": "#0"},
				"east": {"uv": [0, 0, 4, 4], "texture": "#0"},
				"south": {"uv": [0, 0, 4, 4], "texture": "#0"},
				"west": {"uv": [0, 0, 4, 4], "texture": "#0"},
				"up": {"uv": [0, 0, 4, 4], "texture": "#0"},
				"down": {"uv": [0, 0, 4, 4], "texture": "#0"}
			}
		},
		{
			"from": [3.625, 4.125, 12.125],
			"to": [7.375, 7.875, 15.875],
			"rotation": {"angle": -22.5, "axis": "z", "origin": [5.5, 6, 14]},
			"faces": {
				"north": {"uv": [8, 12, 12, 16], "texture": "#0"},
				"east": {"uv": [8, 12, 12, 16], "texture": "#0"},
				"south": {"uv": [8, 12, 12, 16], "texture": "#0"},
				"west": {"uv": [8, 12, 12, 16], "texture": "#0"},
				"up": {"uv": [8, 12, 12, 16], "texture": "#0"},
				"down": {"uv": [8, 12, 12, 16], "texture": "#0"}
			}
		},
		{
			"from": [3.5, 4, 12],
			"to": [7.5, 8, 16],
			"rotation": {"angle": -22.5, "axis": "z", "origin": [5.5, 6, 14]},
			"faces": {
				"north": {"uv": [4, 0, 8, 4], "texture": "#0"},
				"east": {"uv": [4, 0, 8, 4], "texture": "#0"},
				"south": {"uv": [4, 0, 8, 4], "texture": "#0"},
				"west": {"uv": [4, 0, 8, 4], "texture": "#0"},
				"up": {"uv": [4, 0, 8, 4], "texture": "#0"},
				"down": {"uv": [4, 0, 8, 4], "texture": "#0"}
			}
		},
		{
			"from": [5.625, 7.125, 7.625],
			"to": [9.375, 10.875, 11.375],
			"rotation": {"angle": -22.5, "axis": "y", "origin": [7.5, 9, 9.5]},
			"faces": {
				"north": {"uv": [0, 12, 4, 16], "texture": "#0"},
				"east": {"uv": [0, 12, 4, 16], "texture": "#0"},
				"south": {"uv": [0, 12, 4, 16], "texture": "#0"},
				"west": {"uv": [0, 12, 4, 16], "texture": "#0"},
				"up": {"uv": [0, 12, 4, 16], "texture": "#0"},
				"down": {"uv": [0, 12, 4, 16], "texture": "#0"}
			}
		},
		{
			"from": [5.5, 7, 7.5],
			"to": [9.5, 11, 11.5],
			"rotation": {"angle": -22.5, "axis": "y", "origin": [7.5, 9, 9.5]},
			"faces": {
				"north": {"uv": [8, 0, 12, 4], "texture": "#0"},
				"east": {"uv": [8, 0, 12, 4], "texture": "#0"},
				"south": {"uv": [8, 0, 12, 4], "texture": "#0"},
				"west": {"uv": [8, 0, 12, 4], "texture": "#0"},
				"up": {"uv": [8, 0, 12, 4], "texture": "#0"},
				"down": {"uv": [8, 0, 12, 4], "texture": "#0"}
			}
		},
		{
			"from": [7.625, 3.125, 9.625],
			"to": [11.375, 6.875, 13.375],
			"rotation": {"angle": 22.5, "axis": "z", "origin": [9.5, 5, 11.5]},
			"faces": {
				"north": {"uv": [0, 12, 4, 16], "texture": "#0"},
				"east": {"uv": [0, 12, 4, 16], "texture": "#0"},
				"south": {"uv": [0, 12, 4, 16], "texture": "#0"},
				"west": {"uv": [0, 12, 4, 16], "texture": "#0"},
				"up": {"uv": [0, 12, 4, 16], "texture": "#0"},
				"down": {"uv": [0, 12, 4, 16], "texture": "#0"}
			}
		},
		{
			"from": [7.5, 3, 9.5],
			"to": [11.5, 7, 13.5],
			"rotation": {"angle": 22.5, "axis": "z", "origin": [9.5, 5, 11.5]},
			"faces": {
				"north": {"uv": [12, 0, 16, 4], "texture": "#0"},
				"east": {"uv": [12, 0, 16, 4], "texture": "#0"},
				"south": {"uv": [12, 0, 16, 4], "texture": "#0"},
				"west": {"uv": [12, 0, 16, 4], "texture": "#0"},
				"up": {"uv": [12, 0, 16, 4], "texture": "#0"},
				"down": {"uv": [12, 0, 16, 4], "texture": "#0"}
			}
		},
		{
			"from": [10.625, 6.125, 7.625],
			"to": [13.375, 8.875, 10.375],
			"rotation": {"angle": 22.5, "axis": "y", "origin": [12, 7.5, 9]},
			"faces": {
				"north": {"uv": [4, 13, 7, 16], "texture": "#0"},
				"east": {"uv": [4, 13, 7, 16], "texture": "#0"},
				"south": {"uv": [4, 13, 7, 16], "texture": "#0"},
				"west": {"uv": [4, 13, 7, 16], "texture": "#0"},
				"up": {"uv": [4, 13, 7, 16], "texture": "#0"},
				"down": {"uv": [4, 13, 7, 16], "texture": "#0"}
			}
		},
		{
			"from": [10.5, 6, 7.5],
			"to": [13.5, 9, 10.5],
			"rotation": {"angle": 22.5, "axis": "y", "origin": [12, 7.5, 9]},
			"faces": {
				"north": {"uv": [8, 4, 11, 7], "texture": "#0"},
				"east": {"uv": [8, 4, 11, 7], "texture": "#0"},
				"south": {"uv": [8, 4, 11, 7], "texture": "#0"},
				"west": {"uv": [8, 4, 11, 7], "texture": "#0"},
				"up": {"uv": [8, 4, 11, 7], "texture": "#0"},
				"down": {"uv": [8, 4, 11, 7], "texture": "#0"}
			}
		},
		{
			"from": [9.625, 9.125, 11.625],
			"to": [12.375, 11.875, 14.375],
			"rotation": {"angle": -45, "axis": "y", "origin": [11, 10.5, 13]},
			"faces": {
				"north": {"uv": [4, 13, 7, 16], "texture": "#0"},
				"east": {"uv": [4, 13, 7, 16], "texture": "#0"},
				"south": {"uv": [4, 13, 7, 16], "texture": "#0"},
				"west": {"uv": [4, 13, 7, 16], "texture": "#0"},
				"up": {"uv": [4, 13, 7, 16], "texture": "#0"},
				"down": {"uv": [4, 13, 7, 16], "texture": "#0"}
			}
		},
		{
			"from": [9.5, 9, 11.5],
			"to": [12.5, 12, 14.5],
			"rotation": {"angle": -45, "axis": "y", "origin": [11, 10.5, 13]},
			"faces": {
				"north": {"uv": [12, 4, 15, 7], "texture": "#0"},
				"east": {"uv": [12, 4, 15, 7], "texture": "#0"},
				"south": {"uv": [12, 4, 15, 7], "texture": "#0"},
				"west": {"uv": [12, 4, 15, 7], "texture": "#0"},
				"up": {"uv": [12, 4, 15, 7], "texture": "#0"},
				"down": {"uv": [12, 4, 15, 7], "texture": "#0"}
			}
		},
		{
			"from": [1.125, 7.125, 13.625],
			"to": [3.875, 9.875, 16.375],
			"rotation": {"angle": 45, "axis": "y", "origin": [2.5, 8.5, 15]},
			"faces": {
				"north": {"uv": [12, 13, 15, 16], "texture": "#0"},
				"east": {"uv": [12, 13, 15, 16], "texture": "#0"},
				"south": {"uv": [12, 13, 15, 16], "texture": "#0"},
				"west": {"uv": [12, 13, 15, 16], "texture": "#0"},
				"up": {"uv": [12, 13, 15, 16], "texture": "#0"},
				"down": {"uv": [12, 13, 15, 16], "texture": "#0"}
			}
		},
		{
			"from": [1, 7, 13.5],
			"to": [4, 10, 16.5],
			"rotation": {"angle": 45, "axis": "y", "origin": [2.5, 8.5, 15]},
			"faces": {
				"north": {"uv": [0, 4, 3, 7], "texture": "#0"},
				"east": {"uv": [0, 4, 3, 7], "texture": "#0"},
				"south": {"uv": [0, 4, 3, 7], "texture": "#0"},
				"west": {"uv": [0, 4, 3, 7], "texture": "#0"},
				"up": {"uv": [0, 4, 3, 7], "texture": "#0"},
				"down": {"uv": [0, 4, 3, 7], "texture": "#0"}
			}
		},
		{
			"from": [12.125, 7.125, 13.125],
			"to": [14.875, 9.875, 15.875],
			"rotation": {"angle": 22.5, "axis": "z", "origin": [13.5, 8.5, 14.5]},
			"faces": {
				"north": {"uv": [12, 13, 15, 16], "texture": "#0"},
				"east": {"uv": [12, 13, 15, 16], "texture": "#0"},
				"south": {"uv": [12, 13, 15, 16], "texture": "#0"},
				"west": {"uv": [12, 13, 15, 16], "texture": "#0"},
				"up": {"uv": [12, 13, 15, 16], "texture": "#0"},
				"down": {"uv": [12, 13, 15, 16], "texture": "#0"}
			}
		},
		{
			"from": [12, 7, 13],
			"to": [15, 10, 16],
			"rotation": {"angle": 22.5, "axis": "z", "origin": [13.5, 8.5, 14.5]},
			"faces": {
				"north": {"uv": [4, 4, 7, 7], "texture": "#0"},
				"east": {"uv": [4, 4, 7, 7], "texture": "#0"},
				"south": {"uv": [4, 4, 7, 7], "texture": "#0"},
				"west": {"uv": [4, 4, 7, 7], "texture": "#0"},
				"up": {"uv": [4, 4, 7, 7], "texture": "#0"},
				"down": {"uv": [4, 4, 7, 7], "texture": "#0"}
			}
		},
		{
			"from": [2.625, 4.125, 13.625],
			"to": [5.375, 6.875, 16.375],
			"rotation": {"angle": 22.5, "axis": "x", "origin": [4, 5.5, 15]},
			"faces": {
				"north": {"uv": [12, 13, 15, 16], "texture": "#0"},
				"east": {"uv": [12, 13, 15, 16], "texture": "#0"},
				"south": {"uv": [12, 13, 15, 16], "texture": "#0"},
				"west": {"uv": [12, 13, 15, 16], "texture": "#0"},
				"up": {"uv": [12, 13, 15, 16], "texture": "#0"},
				"down": {"uv": [12, 13, 15, 16], "texture": "#0"}
			}
		},
		{
			"from": [2.5, 4, 13.5],
			"to": [5.5, 7, 16.5],
			"rotation": {"angle": 22.5, "axis": "x", "origin": [4, 5.5, 15]},
			"faces": {
				"north": {"uv": [0, 4, 3, 7], "texture": "#0"},
				"east": {"uv": [0, 4, 3, 7], "texture": "#0"},
				"south": {"uv": [0, 4, 3, 7], "texture": "#0"},
				"west": {"uv": [0, 4, 3, 7], "texture": "#0"},
				"up": {"uv": [0, 4, 3, 7], "texture": "#0"},
				"down": {"uv": [0, 4, 3, 7], "texture": "#0"}
			}
		},
		{
			"from": [2.625, 7.125, 8.625],
			"to": [5.375, 9.875, 11.375],
			"rotation": {"angle": 22.5, "axis": "x", "origin": [4, 8.5, 10]},
			"faces": {
				"north": {"uv": [4, 13, 7, 16], "texture": "#0"},
				"east": {"uv": [4, 13, 7, 16], "texture": "#0"},
				"south": {"uv": [4, 13, 7, 16], "texture": "#0"},
				"west": {"uv": [4, 13, 7, 16], "texture": "#0"},
				"up": {"uv": [4, 13, 7, 16], "texture": "#0"},
				"down": {"uv": [4, 13, 7, 16], "texture": "#0"}
			}
		},
		{
			"from": [2.5, 7, 8.5],
			"to": [5.5, 10, 11.5],
			"rotation": {"angle": 22.5, "axis": "x", "origin": [4, 8.5, 10]},
			"faces": {
				"north": {"uv": [8, 4, 11, 7], "texture": "#0"},
				"east": {"uv": [8, 4, 11, 7], "texture": "#0"},
				"south": {"uv": [8, 4, 11, 7], "texture": "#0"},
				"west": {"uv": [8, 4, 11, 7], "texture": "#0"},
				"up": {"uv": [8, 4, 11, 7], "texture": "#0"},
				"down": {"uv": [8, 4, 11, 7], "texture": "#0"}
			}
		},
		{
			"from": [12, 3, 14],
			"to": [14, 5, 16],
			"rotation": {"angle": 22.5, "axis": "y", "origin": [13, 4, 15]},
			"faces": {
				"north": {"uv": [0, 7, 2, 9], "texture": "#0"},
				"east": {"uv": [0, 7, 2, 9], "texture": "#0"},
				"south": {"uv": [0, 7, 2, 9], "texture": "#0"},
				"west": {"uv": [0, 7, 2, 9], "texture": "#0"},
				"up": {"uv": [0, 7, 2, 9], "texture": "#0"},
				"down": {"uv": [0, 7, 2, 9], "texture": "#0"}
			}
		},
		{
			"from": [1, 3, 14],
			"to": [3, 5, 16],
			"rotation": {"angle": -22.5, "axis": "y", "origin": [2, 4, 15]},
			"faces": {
				"north": {"uv": [4, 7, 6, 9], "texture": "#0"},
				"east": {"uv": [4, 7, 6, 9], "texture": "#0"},
				"south": {"uv": [4, 7, 6, 9], "texture": "#0"},
				"west": {"uv": [4, 7, 6, 9], "texture": "#0"},
				"up": {"uv": [4, 7, 6, 9], "texture": "#0"},
				"down": {"uv": [4, 7, 6, 9], "texture": "#0"}
			}
		},
		{
			"from": [1, 7, 7],
			"to": [3, 9, 9],
			"rotation": {"angle": -22.5, "axis": "x", "origin": [2, 8, 8]},
			"faces": {
				"north": {"uv": [8, 7, 10, 9], "texture": "#0"},
				"east": {"uv": [8, 7, 10, 9], "texture": "#0"},
				"south": {"uv": [8, 7, 10, 9], "texture": "#0"},
				"west": {"uv": [8, 7, 10, 9], "texture": "#0"},
				"up": {"uv": [8, 7, 10, 9], "texture": "#0"},
				"down": {"uv": [8, 7, 10, 9], "texture": "#0"}
			}
		},
		{
			"from": [13, 8, 7],
			"to": [15, 10, 9],
			"rotation": {"angle": 22.5, "axis": "z", "origin": [14, 9, 8]},
			"faces": {
				"north": {"uv": [12, 7, 14, 9], "texture": "#0"},
				"east": {"uv": [12, 7, 14, 9], "texture": "#0"},
				"south": {"uv": [12, 7, 14, 9], "texture": "#0"},
				"west": {"uv": [12, 7, 14, 9], "texture": "#0"},
				"up": {"uv": [12, 7, 14, 9], "texture": "#0"},
				"down": {"uv": [12, 7, 14, 9], "texture": "#0"}
			}
		}
	],
	"groups": [
		{
			"name": "L",
			"origin": [10, 8, 8],
			"children": [0, 1]
		},
		{
			"name": "L",
			"origin": [10, 8, 8],
			"children": [2, 3]
		},
		{
			"name": "L",
			"origin": [10, 8, 8],
			"children": [4, 5]
		},
		{
			"name": "L",
			"origin": [10, 8, 8],
			"children": [6, 7]
		},
		{
			"name": "M",
			"origin": [8, 8, 8],
			"children": [8, 9]
		},
		{
			"name": "M",
			"origin": [8, 8, 8],
			"children": [10, 11]
		},
		{
			"name": "M",
			"origin": [8, 8, 8],
			"children": [12, 13]
		},
		{
			"name": "M",
			"origin": [8, 8, 8],
			"children": [14, 15]
		},
		{
			"name": "M",
			"origin": [8, 8, 8],
			"children": [16, 17]
		},
		{
			"name": "M",
			"origin": [8, 8, 8],
			"children": [18, 19]
		}, 20, 21, 22, 23]
}