{
	"__comment": "Designed by XeKr with Cubik Studio - https://cubik.studio",
	"parent": "block/block",
	"ambientocclusion": false,
	"textures": {
		"particle": "block/cactus_side",
		"bottom": "block/cactus_bottom",
		"top": "block/cactus_top",
		"side": "block/cactus_side",
		"top2": "block/cactus_top2",
		"side2": "block/cactus_side2"
	},
	"elements": [ 	 
		{
			"__comment": "Element",
			"from": [ 0, 0, 0 ],
			"to": [ 16, 16, 16 ],
			"faces": {
				"down": { "uv": [ 0, 0, 16, 16 ], "texture": "#bottom", "cullface": "down" },
				"up": { "uv": [ 0, 0, 16, 16 ], "texture": "#top2", "cullface": "up" }
			}
		},
		{
			"__comment": "Element",
			"from": [ 0, 0, 1 ],
			"to": [ 16, 16, 15 ],
			"faces": {
				"north": { "uv": [ 0, 0, 16, 16 ], "texture": "#side" },
				"south": { "uv": [ 0, 0, 16, 16 ], "texture": "#side" }
			}
		},
		{
			"__comment": "Element",
			"from": [ 1, 0, 0 ],
			"to": [ 15, 16, 16 ],
			"faces": {
				"west": { "uv": [ 0, 0, 16, 16 ], "texture": "#side" },
				"east": { "uv": [ 0, 0, 16, 16 ], "texture": "#side" }
			}
		},
		{
			"__comment": "Box5",
			"from": [ 4, 4, 15 ],
			"to": [ 12, 12, 18 ],
			"faces": {
				"down": { "uv": [ 4, 12, 12, 15 ], "texture": "#side" },
				"up": { "uv": [ 4, 1, 12, 4 ], "texture": "#side" },
				"south": { "uv": [ 4, 4, 12, 12 ], "texture": "#top2" },
				"west": { "uv": [ 1, 4, 4, 12 ], "texture": "#side" },
				"east": { "uv": [ 12, 4, 15, 12 ], "texture": "#side" }
			}
		}
	]
}