{
	"credit": "Made by XeKr with Blockbench",
	"parent": "minecraft:block/fence_side",
	"textures": {
		"side": "block/stripped_crimson_stem",
		"inner": "block/nether_wart_block"
	},
	"elements": [
		{
			"name": "Box1",
			"from": [7, 11, 0],
			"to": [9, 13.95, 8],
			"faces": {
				"north": {"uv": [7, 2, 9, 5], "texture": "#side"},
				"east": {"uv": [8, 2, 16, 5], "texture": "#side"},
				"west": {"uv": [0, 2, 8, 5], "texture": "#side"},
				"up": {"uv": [7, 0, 9, 8], "texture": "#side"},
				"down": {"uv": [7, 8, 9, 16], "texture": "#side"}
			}
		},
		{
			"name": "Box1",
			"from": [7, 5, 0],
			"to": [9, 8, 8],
			"faces": {
				"north": {"uv": [7, 8, 9, 11], "texture": "#side"},
				"east": {"uv": [8, 8, 16, 11], "texture": "#side"},
				"west": {"uv": [0, 8, 8, 11], "texture": "#side"},
				"up": {"uv": [7, 0, 9, 8], "texture": "#side"},
				"down": {"uv": [7, 8, 9, 16], "texture": "#side"}
			}
		},
		{
			"name": "Box3",
			"from": [7.5, 0, 4],
			"to": [8.5, 16, 5],
			"faces": {
				"north": {"uv": [7, 0, 8, 16], "texture": "#inner"},
				"east": {"uv": [11, 0, 12, 16], "texture": "#inner"},
				"south": {"uv": [8, 0, 9, 16], "texture": "#inner"},
				"west": {"uv": [4, 0, 5, 16], "texture": "#inner"},
				"up": {"uv": [8, 4, 9, 5], "texture": "#inner"},
				"down": {"uv": [8, 11, 9, 12], "texture": "#inner"}
			}
		},
		{
			"name": "Box3",
			"from": [7.5, 0, 1],
			"to": [8.5, 16, 2],
			"faces": {
				"north": {"uv": [7, 0, 8, 16], "texture": "#inner"},
				"east": {"uv": [11, 0, 12, 16], "texture": "#inner"},
				"south": {"uv": [8, 0, 9, 16], "texture": "#inner"},
				"west": {"uv": [4, 0, 5, 16], "texture": "#inner"},
				"up": {"uv": [8, 4, 9, 5], "texture": "#inner"},
				"down": {"uv": [8, 11, 9, 12], "texture": "#inner"}
			}
		}
	]
}