{
	"credit": "Made by XeKr with Blockbench",
	"parent": "block/block0",
	"textures": {
		"body": "block/quartz_side",
		"particle": "block/quartz_block_smooth",
		"top": "block/quartz_block_smooth",
		"side": "block/quartz_block_side",
		"big": "block/quartz_anvil",
		"big1": "block/quartz_anvil_dark",
		"big2": "block/quartz_anvil_dark2",
		"big3": "block/quartz_anvil_dark3",
		"body2": "block/quartz_pillar",
		"front": "block/quartz_block_side"		
	},
	"elements": [
		{
			"__comment": "Anvil base",
			"from": [ 4, 0, 2 ],
			"to": [ 12, 2, 14 ],
			"faces": {
				"up": { "uv": [ 4, 2, 12, 14 ], "texture": "#top", "rotation": 180 },
				"north": { "uv": [ 0, 2, 2, 10 ], "texture": "#body2", "rotation": 90 },
				"south": { "uv": [ 0, 2, 2, 10 ], "texture": "#body2", "rotation": 90 },
				"west": { "uv": [ 0, 2, 2, 14 ], "texture": "#body2", "rotation": 90 },
				"east": { "uv": [ 2, 2, 0, 14 ], "texture": "#body2", "rotation": 270 }
			}
		},
		{
			"__comment": "Lower narrow portion",
			"from": [ 5, 2, 3 ],
			"to": [ 11, 3, 13 ],
			"faces": {
				"up": { "uv": [ 5, 3, 11, 13 ], "texture": "#top", "rotation": 180 },
				"north": { "uv": [ 4, 3, 5, 9 ], "texture": "#body2", "rotation": 90 },
				"south": { "uv": [ 4, 3, 5, 9 ], "texture": "#body2", "rotation": 90 },
				"west": { "uv": [ 4, 3, 5, 13 ], "texture": "#body2", "rotation": 90 },
				"east": { "uv": [ 5, 3, 4, 13 ], "texture": "#body2", "rotation": 270 }
			}
		},
		{
			"__comment": "Wider section beneath top portion",
			"from": [ 6, 3, 5 ],
			"to": [ 10, 13, 11 ],
			"faces": {
				"north": { "uv": [ 4, 0, 8, 10 ], "texture": "#body2" },
				"south": { "uv": [ 4, 0, 8, 10 ], "texture": "#body2" },
				"west": { "uv": [ 3, 0, 9, 10 ], "texture": "#body2" },
				"east": { "uv": [ 3, 0, 9, 10 ], "texture": "#body2" }
			}
		},
		{
			"__comment": "Anvil top",
			"from": [ 3, 13, 0 ],
			"to": [ 13, 16, 16 ],
			"faces": {
				"down": { "uv": [ 3, 0, 13, 16 ], "texture": "#top", "rotation": 180 },
				"up": { "uv": [ 3, 0, 13, 16 ], "texture": "#top", "rotation": 180 },
				"north": { "uv": [ 3, 0, 13, 3 ], "texture": "#front" },
				"south": { "uv": [ 3, 0, 13, 3 ], "texture": "#front" },
				"west": { "uv": [ 0, 0, 16, 3 ], "texture": "#front" },
				"east": { "uv": [ 0, 0, 16, 3 ], "texture": "#front" }
			}
		},
		{
			"name": "body",
			"from": [-4, 15, -4],
			"to": [20, 16.125, 20],
			"shade": false,
			"faces": {
				"north": {"uv": [0, 13, 12, 13.5], "texture": "#big1", "cullface": "down"},
				"east": {"uv": [0, 13, 12, 13.5], "texture": "#big2", "cullface": "down"},
				"south": {"uv": [0, 13, 12, 13.5], "texture": "#big1", "cullface": "down"},
				"west": {"uv": [0, 13, 12, 13.5], "texture": "#big2", "cullface": "down"},
				"up": {"uv": [0, 0, 12, 12], "texture": "#big", "cullface": "down"},
				"down": {"uv": [0, 0, 12, 12], "texture": "#big3", "cullface": "down"}
			}
		},
		{
			"name": "body5",
			"from": [-0.0625, -4, -0.0625],
			"to": [16.0625, 0.125, 16.0625],
			"faces": {
				"north": {"uv": [0, 3, 16, 7], "texture": "#side", "cullface": "down"},
				"east": {"uv": [0, 3, 16, 7], "texture": "#side", "cullface": "down"},
				"south": {"uv": [0, 3, 16, 7], "texture": "#side", "cullface": "down"},
				"west": {"uv": [0, 3, 16, 7], "texture": "#side", "cullface": "down"},
				"up": {"uv": [0, 0, 16, 16], "texture": "#top", "cullface": "down"}
			}
		},
		{
			"name": "body3",
			"from": [0, 10, 0],
			"to": [16, 13, 16],
			"faces": {
				"north": {"uv": [0, 3, 16, 6], "texture": "#body", "cullface": "down"},
				"east": {"uv": [0, 3, 16, 6], "texture": "#body", "cullface": "down"},
				"south": {"uv": [0, 3, 16, 6], "texture": "#body", "cullface": "down"},
				"west": {"uv": [0, 3, 16, 6], "texture": "#body", "cullface": "down"},
				"down": {"uv": [0, 0, 16, 16], "texture": "#top", "cullface": "down"}
			}
		},
		{
			"name": "body4",
			"from": [1, 0, 1],
			"to": [15, 10, 15],
			"faces": {
				"north": {"uv": [1, 6, 15, 16], "texture": "#body", "cullface": "down"},
				"east": {"uv": [1, 6, 15, 16], "texture": "#body", "cullface": "down"},
				"south": {"uv": [1, 6, 15, 16], "texture": "#body", "cullface": "down"},
				"west": {"uv": [1, 6, 15, 16], "texture": "#body", "cullface": "down"}
			}
		},
		{
			"name": "body8",
			"from": [-2, -8, -2],
			"to": [18, -6, 18],
			"faces": {
				"north": {"uv": [1, 13, 11, 14], "texture": "#big", "cullface": "down"},
				"east": {"uv": [1, 13, 11, 14], "texture": "#big", "cullface": "down"},
				"south": {"uv": [1, 13, 11, 14], "texture": "#big", "cullface": "down"},
				"west": {"uv": [1, 13, 11, 14], "texture": "#big", "cullface": "down"},
				"up": {"uv": [1, 1, 11, 11], "texture": "#big", "cullface": "down"},
				"down": {"uv": [1, 1, 11, 11], "texture": "#big", "cullface": "down"}
			}
		},
		{
			"name": "body6",
			"from": [-2, -5, -2],
			"to": [18, -4, 18],
			"faces": {
				"north": {"uv": [1, 13, 11, 13.5], "texture": "#big", "cullface": "down"},
				"east": {"uv": [1, 13, 11, 13.5], "texture": "#big", "cullface": "down"},
				"south": {"uv": [1, 13, 11, 13.5], "texture": "#big", "cullface": "down"},
				"west": {"uv": [1, 13, 11, 13.5], "texture": "#big", "cullface": "down"},
				"up": {"uv": [1, 1, 11, 11], "texture": "#big", "cullface": "down"},
				"down": {"uv": [1, 1, 11, 11], "texture": "#big", "cullface": "down"}
			}
		},
		{
			"name": "body7",
			"from": [-1, -6, -1],
			"to": [17, -5, 17],
			"faces": {
				"north": {"uv": [1.5, 14, 10.5, 14.5], "texture": "#big", "cullface": "down"},
				"east": {"uv": [1.5, 14, 10.5, 14.5], "texture": "#big", "cullface": "down"},
				"south": {"uv": [1.5, 14, 10.5, 14.5], "texture": "#big", "cullface": "down"},
				"west": {"uv": [1.5, 14, 10.5, 14.5], "texture": "#big", "cullface": "down"}
			}
		},
		{
			"name": "body2",
			"from": [-4, 13, -4],
			"to": [20, 14, 20],
			"shade": false,
			"faces": {
				"north": {"uv": [0, 13, 12, 13.5], "texture": "#big1", "cullface": "down"},
				"east": {"uv": [0, 13, 12, 13.5], "texture": "#big2", "cullface": "down"},
				"south": {"uv": [0, 13, 12, 13.5], "texture": "#big1", "cullface": "down"},
				"west": {"uv": [0, 13, 12, 13.5], "texture": "#big2", "cullface": "down"},
				"up": {"uv": [0, 0, 12, 12], "texture": "#big", "cullface": "down"},
				"down": {"uv": [0, 0, 12, 12], "texture": "#big3", "cullface": "down"}
			}
		},
		{
			"name": "body1",
			"from": [-3, 14, -3],
			"to": [19, 15, 19],
			"shade": false,
			"faces": {
				"north": {"uv": [0.5, 13.5, 11.5, 14], "texture": "#big1", "cullface": "down"},
				"east": {"uv": [0.5, 13.5, 11.5, 14], "texture": "#big2", "cullface": "down"},
				"south": {"uv": [0.5, 13.5, 11.5, 14], "texture": "#big1", "cullface": "down"},
				"west": {"uv": [0.5, 13.5, 11.5, 14], "texture": "#big2", "cullface": "down"}
			}
		},
		{
			"name": "nw",
			"from": [-5.5, 5, 0],
			"to": [2.5, 13, 5],
			"shade": false,
			"rotation": {"angle": -45, "axis": "y", "origin": [2.5, 0, 2.5]},
			"faces": {
				"north": {"uv": [16, 0, 12, 4], "texture": "#big1", "cullface": "down"},
				"east": {"uv": [12, 4, 14.5, 8], "texture": "#big2", "cullface": "down"},
				"south": {"uv": [12, 0, 16, 4], "texture": "#big1", "cullface": "down"},
				"west": {"uv": [12, 4, 14.5, 8], "texture": "#big2", "cullface": "down"},
				"down": {"uv": [12, 5.5, 14.5, 9.5], "rotation": 270, "texture": "#big3", "cullface": "down"}
			}
		},
		{
			"name": "nw1",
			"from": [-7.5, 13, -2],
			"to": [2.5, 14, 7],
			"shade": false,
			"rotation": {"angle": -45, "axis": "y", "origin": [2.5, 0, 2.5]},
			"faces": {
				"north": {"uv": [0, 12.5, 5.5, 13], "texture": "#big1", "cullface": "down"},
				"east": {"uv": [0, 12.5, 4.5, 13], "texture": "#big2", "cullface": "down"},
				"south": {"uv": [0, 12.5, 5.5, 13], "texture": "#big1", "cullface": "down"},
				"west": {"uv": [0, 12.5, 4.5, 13], "texture": "#big2", "cullface": "down"},
				"up": {"uv": [0, 0, 5.5, 4.5], "texture": "#big", "cullface": "down"},
				"down": {"uv": [0, 0, 5.5, 4.5], "texture": "#big3", "cullface": "down"}
			}
		},
		{
			"name": "nw2",
			"from": [-6.5, 14, -1],
			"to": [2.5, 15, 6],
			"shade": false,
			"rotation": {"angle": -45, "axis": "y", "origin": [2.5, 0, 2.5]},
			"faces": {
				"north": {"uv": [0, 13.5, 5, 14], "texture": "#big1", "cullface": "down"},
				"east": {"uv": [0, 13.5, 3.5, 14], "texture": "#big2", "cullface": "down"},
				"south": {"uv": [0, 13.5, 5, 14], "texture": "#big1", "cullface": "down"},
				"west": {"uv": [0, 13.5, 3.5, 14], "texture": "#big2", "cullface": "down"},
				"up": {"uv": [0, 0, 7.61091, 0.66117], "texture": "#body", "cullface": "down"},
				"down": {"uv": [0, 15.33883, 7.61091, 16], "texture": "#body", "cullface": "down"}
			}
		},
		{
			"name": "nw3",
			"from": [-2.5, 3, 1],
			"to": [2.5, 5, 4],
			"shade": false,
			"rotation": {"angle": -45, "axis": "y", "origin": [2.5, 0, 2.5]},
			"faces": {
				"north": {"uv": [0, 13.5, 2.5, 14.5], "texture": "#big1", "cullface": "down"},
				"east": {"uv": [0, 13.5, 1.5, 14.5], "texture": "#big2", "cullface": "down"},
				"south": {"uv": [0, 13.5, 2.5, 14.5], "texture": "#big1", "cullface": "down"},
				"west": {"uv": [0, 13.5, 1.5, 14.5], "texture": "#big2", "cullface": "down"},
				"down": {"uv": [12, 4, 13.5, 6.5], "rotation": 270, "texture": "#big3", "cullface": "down"}
			}
		},
		{
			"name": "nw4",
			"from": [-1.5, -4, 1],
			"to": [2.5, 3, 4],
			"shade": false,
			"rotation": {"angle": -45, "axis": "y", "origin": [2.5, 0, 2.5]},
			"faces": {
				"north": {"uv": [12, 4, 14, 7.5], "texture": "#big1", "cullface": "down"},
				"east": {"uv": [12, 4, 13.5, 7.5], "texture": "#big2", "cullface": "down"},
				"south": {"uv": [12, 4, 14, 7.5], "texture": "#big1", "cullface": "down"},
				"west": {"uv": [12, 4, 13.5, 7.5], "texture": "#big2", "cullface": "down"}
			}
		},
		{
			"name": "nw5",
			"from": [-7.5, 15, -2],
			"to": [2.5, 16.125, 7],
			"shade": false,
			"rotation": {"angle": -45, "axis": "y", "origin": [2.5, 0, 2.5]},
			"faces": {
				"north": {"uv": [0, 12.5, 5.5, 13], "texture": "#big1", "cullface": "down"},
				"east": {"uv": [0, 12.5, 4.5, 13], "texture": "#big2", "cullface": "down"},
				"south": {"uv": [0, 12.5, 5.5, 13], "texture": "#big1", "cullface": "down"},
				"west": {"uv": [0, 12.5, 4.5, 13], "texture": "#big2", "cullface": "down"},
				"up": {"uv": [0, 0, 5.5, 4.5], "texture": "#big", "cullface": "down"},
				"down": {"uv": [0, 0, 5.5, 4.5], "texture": "#big3", "cullface": "down"}
			}
		},
		{
			"name": "ne",
			"from": [11, 5, -5.5],
			"to": [16, 13, 2.5],
			"shade": false,
			"rotation": {"angle": -45, "axis": "y", "origin": [13.5, 0, 2.5]},
			"faces": {
				"north": {"uv": [12, 4, 14.5, 8], "texture": "#big1", "cullface": "down"},
				"east": {"uv": [16, 0, 12, 4], "texture": "#big2", "cullface": "down"},
				"south": {"uv": [12, 4, 14.5, 8], "texture": "#big1", "cullface": "down"},
				"west": {"uv": [12, 0, 16, 4], "texture": "#big2", "cullface": "down"},
				"down": {"uv": [12, 5.5, 14.5, 9.5], "rotation": 180, "texture": "#big3", "cullface": "down"}
			}
		},
		{
			"name": "ne1",
			"from": [9, 13, -7.5],
			"to": [18, 14, 2.5],
			"shade": false,
			"rotation": {"angle": -45, "axis": "y", "origin": [13.5, 0, 2.5]},
			"faces": {
				"north": {"uv": [0, 12.5, 4.5, 13], "texture": "#big1", "cullface": "down"},
				"east": {"uv": [0, 12.5, 5.5, 13], "texture": "#big2", "cullface": "down"},
				"south": {"uv": [0, 12.5, 4.5, 13], "texture": "#big1", "cullface": "down"},
				"west": {"uv": [0, 12.5, 5.5, 13], "texture": "#big2", "cullface": "down"},
				"up": {"uv": [0, 0, 5.5, 4.5], "rotation": 90, "texture": "#big", "cullface": "down"},
				"down": {"uv": [0, 0, 5.5, 4.5], "rotation": 270, "texture": "#big3", "cullface": "down"}
			}
		},
		{
			"name": "ne2",
			"from": [9.9999, 14, -6.5],
			"to": [16.9999, 15, 2.5],
			"shade": false,
			"rotation": {"angle": -45, "axis": "y", "origin": [13.5, 0, 2.5]},
			"faces": {
				"north": {"uv": [0, 13.5, 3.5, 14], "texture": "#big1", "cullface": "down"},
				"east": {"uv": [0, 13.5, 5, 14], "texture": "#big2", "cullface": "down"},
				"south": {"uv": [0, 13.5, 3.5, 14], "texture": "#big1", "cullface": "down"},
				"west": {"uv": [0, 13.5, 5, 14], "texture": "#big2", "cullface": "down"},
				"up": {"uv": [1.38902, 0, 8.38902, 2.6611], "texture": "#body", "cullface": "down"},
				"down": {"uv": [1.38902, 13.33891, 8.38902, 16], "texture": "#body", "cullface": "down"}
			}
		},
		{
			"name": "ne3",
			"from": [12, 3, -2.5],
			"to": [15, 5, 2.5],
			"shade": false,
			"rotation": {"angle": -45, "axis": "y", "origin": [13.5, 0, 2.5]},
			"faces": {
				"north": {"uv": [0, 13.5, 1.5, 14.5], "texture": "#big1", "cullface": "down"},
				"east": {"uv": [0, 13.5, 2.5, 14.5], "texture": "#big2", "cullface": "down"},
				"south": {"uv": [0, 13.5, 1.5, 14.5], "texture": "#big1", "cullface": "down"},
				"west": {"uv": [0, 13.5, 2.5, 14.5], "texture": "#big2", "cullface": "down"},
				"down": {"uv": [12, 4, 13.5, 6.5], "rotation": 180, "texture": "#big3", "cullface": "down"}
			}
		},
		{
			"name": "ne4",
			"from": [12, -4, -1.5],
			"to": [15, 3, 2.5],
			"shade": false,
			"rotation": {"angle": -45, "axis": "y", "origin": [13.5, 0, 2.5]},
			"faces": {
				"north": {"uv": [12, 4, 13.5, 7.5], "texture": "#big1", "cullface": "down"},
				"east": {"uv": [12, 4, 14, 7.5], "texture": "#big2", "cullface": "down"},
				"south": {"uv": [12, 4, 13.5, 7.5], "texture": "#big1", "cullface": "down"},
				"west": {"uv": [12, 4, 14, 7.5], "texture": "#big2", "cullface": "down"}
			}
		},
		{
			"name": "ne5",
			"from": [9, 15, -7.5],
			"to": [18, 16.125, 2.5],
			"shade": false,
			"rotation": {"angle": -45, "axis": "y", "origin": [13.5, 0, 2.5]},
			"faces": {
				"north": {"uv": [0, 12.5, 4.5, 13], "texture": "#big1", "cullface": "down"},
				"east": {"uv": [0, 12.5, 5.5, 13], "texture": "#big2", "cullface": "down"},
				"south": {"uv": [0, 12.5, 4.5, 13], "texture": "#big1", "cullface": "down"},
				"west": {"uv": [0, 12.5, 5.5, 13], "texture": "#big2", "cullface": "down"},
				"up": {"uv": [0, 0, 5.5, 4.5], "rotation": 90, "texture": "#big", "cullface": "down"},
				"down": {"uv": [0, 0, 5.5, 4.5], "rotation": 270, "texture": "#big3", "cullface": "down"}
			}
		},
		{
			"name": "se",
			"from": [13.5, 5, 10.9999],
			"to": [21.5, 13, 15.9999],
			"shade": false,
			"rotation": {"angle": -45, "axis": "y", "origin": [13.5, 0, 13.5]},
			"faces": {
				"north": {"uv": [12, 0, 16, 4], "texture": "#big1", "cullface": "down"},
				"east": {"uv": [12, 4, 14.5, 8], "texture": "#big2", "cullface": "down"},
				"south": {"uv": [16, 0, 12, 4], "texture": "#big1", "cullface": "down"},
				"west": {"uv": [12, 4, 14.5, 8], "texture": "#big2", "cullface": "down"},
				"down": {"uv": [12, 5.5, 14.5, 9.5], "rotation": 90, "texture": "#big3", "cullface": "down"}
			}
		},
		{
			"name": "se1",
			"from": [13.5, 13, 8.9999],
			"to": [23.5, 14, 17.9999],
			"shade": false,
			"rotation": {"angle": -45, "axis": "y", "origin": [13.5, 0, 13.5]},
			"faces": {
				"north": {"uv": [0, 12.5, 5.5, 13], "texture": "#big1", "cullface": "down"},
				"east": {"uv": [0, 12.5, 4.5, 13], "texture": "#big2", "cullface": "down"},
				"south": {"uv": [0, 12.5, 5.5, 13], "texture": "#big1", "cullface": "down"},
				"west": {"uv": [0, 12.5, 4.5, 13], "texture": "#big2", "cullface": "down"},
				"up": {"uv": [0, 0, 5.5, 4.5], "rotation": 180, "texture": "#big", "cullface": "down"},
				"down": {"uv": [0, 0, 5.5, 4.5], "rotation": 180, "texture": "#big3", "cullface": "down"}
			}
		},
		{
			"name": "se2",
			"from": [13.5, 14, 9.9999],
			"to": [22.5, 15, 16.9999],
			"shade": false,
			"rotation": {"angle": -45, "axis": "y", "origin": [13.5, 0, 13.5]},
			"faces": {
				"north": {"uv": [0, 13.5, 5, 14], "texture": "#big1", "cullface": "down"},
				"east": {"uv": [0, 13.5, 3.5, 14], "texture": "#big2", "cullface": "down"},
				"south": {"uv": [0, 13.5, 5, 14], "texture": "#big1", "cullface": "down"},
				"west": {"uv": [0, 13.5, 3.5, 14], "texture": "#big2", "cullface": "down"},
				"up": {"uv": [15.97495, 11.02506, 16, 16], "texture": "#body", "cullface": "down"},
				"down": {"uv": [15.97495, 0, 16, 4.97494], "texture": "#body", "cullface": "down"}
			}
		},
		{
			"name": "se3",
			"from": [13.5, 3, 12],
			"to": [18.5, 5, 15],
			"shade": false,
			"rotation": {"angle": -45, "axis": "y", "origin": [13.5, 0, 13.5]},
			"faces": {
				"north": {"uv": [0, 13.5, 2.5, 14.5], "texture": "#big1", "cullface": "down"},
				"east": {"uv": [0, 13.5, 1.5, 14.5], "texture": "#big2", "cullface": "down"},
				"south": {"uv": [0, 13.5, 2.5, 14.5], "texture": "#big1", "cullface": "down"},
				"west": {"uv": [0, 13.5, 1.5, 14.5], "texture": "#big2", "cullface": "down"},
				"down": {"uv": [12, 4, 13.5, 6.5], "rotation": 90, "texture": "#big3", "cullface": "down"}
			}
		},
		{
			"name": "sw",
			"from": [1, -4, 13.5],
			"to": [4, 3, 17.5],
			"shade": false,
			"rotation": {"angle": -45, "axis": "y", "origin": [2.5, 0, 13.5]},
			"faces": {
				"north": {"uv": [12, 4, 13.5, 7.5], "texture": "#big1", "cullface": "down"},
				"east": {"uv": [12, 4, 14, 7.5], "texture": "#big2", "cullface": "down"},
				"south": {"uv": [12, 4, 13.5, 7.5], "texture": "#big1", "cullface": "down"},
				"west": {"uv": [12, 4, 14, 7.5], "texture": "#big2", "cullface": "down"}
			}
		},
		{
			"name": "se4",
			"from": [13.5, 15, 8.9999],
			"to": [23.5, 16.125, 17.9999],
			"shade": false,
			"rotation": {"angle": -45, "axis": "y", "origin": [13.5, 0, 13.5]},
			"faces": {
				"north": {"uv": [0, 12.5, 5.5, 13], "texture": "#big1", "cullface": "down"},
				"east": {"uv": [0, 12.5, 4.5, 13], "texture": "#big2", "cullface": "down"},
				"south": {"uv": [0, 12.5, 5.5, 13], "texture": "#big1", "cullface": "down"},
				"west": {"uv": [0, 12.5, 4.5, 13], "texture": "#big2", "cullface": "down"},
				"up": {"uv": [0, 0, 5.5, 4.5], "rotation": 180, "texture": "#big", "cullface": "down"},
				"down": {"uv": [0, 0, 5.5, 4.5], "rotation": 180, "texture": "#big3", "cullface": "down"}
			}
		},
		{
			"name": "sw1",
			"from": [-1.9999, 13, 13.5],
			"to": [7.0001, 14, 23.5],
			"shade": false,
			"rotation": {"angle": -45, "axis": "y", "origin": [2.5, 0, 13.5]},
			"faces": {
				"north": {"uv": [0, 12.5, 4.5, 13], "texture": "#big1", "cullface": "down"},
				"east": {"uv": [0, 12.5, 5.5, 13], "texture": "#big2", "cullface": "down"},
				"south": {"uv": [0, 12.5, 4.5, 13], "texture": "#big1", "cullface": "down"},
				"west": {"uv": [0, 12.5, 5.5, 13], "texture": "#big2", "cullface": "down"},
				"up": {"uv": [0, 0, 5.5, 4.5], "rotation": 270, "texture": "#big", "cullface": "down"},
				"down": {"uv": [0, 0, 5.5, 4.5], "rotation": 90, "texture": "#big3", "cullface": "down"}
			}
		},
		{
			"name": "sw2",
			"from": [-0.9999, 14, 13.5],
			"to": [6.0001, 15, 22.5],
			"shade": false,
			"rotation": {"angle": -45, "axis": "y", "origin": [2.5, 0, 13.5]},
			"faces": {
				"north": {"uv": [0, 13.5, 3.5, 14], "texture": "#big1", "cullface": "down"},
				"east": {"uv": [0, 13.5, 5, 14], "texture": "#big2", "cullface": "down"},
				"south": {"uv": [0, 13.5, 3.5, 14], "texture": "#big1", "cullface": "down"},
				"west": {"uv": [0, 13.5, 5, 14], "texture": "#big2", "cullface": "down"},
				"up": {"uv": [0.0252, 11.0252, 7.0252, 16], "texture": "#body", "cullface": "down"},
				"down": {"uv": [0.0252, 0, 7.0252, 4.9748], "texture": "#body", "cullface": "down"}
			}
		},
		{
			"name": "sw3",
			"from": [1, 3, 13.5],
			"to": [4, 5, 18.5],
			"shade": false,
			"rotation": {"angle": -45, "axis": "y", "origin": [2.5, 0, 13.5]},
			"faces": {
				"north": {"uv": [0, 13.5, 1.5, 14.5], "texture": "#big1", "cullface": "down"},
				"east": {"uv": [0, 13.5, 2.5, 14.5], "texture": "#big2", "cullface": "down"},
				"south": {"uv": [0, 13.5, 1.5, 14.5], "texture": "#big1", "cullface": "down"},
				"west": {"uv": [0, 13.5, 2.5, 14.5], "texture": "#big2", "cullface": "down"},
				"down": {"uv": [12, 4, 13.5, 6.5], "texture": "#big3", "cullface": "down"}
			}
		},
		{
			"name": "se5",
			"from": [13.5, -4, 12],
			"to": [17.5, 3, 15],
			"shade": false,
			"rotation": {"angle": -45, "axis": "y", "origin": [13.5, 0, 13.5]},
			"faces": {
				"north": {"uv": [12, 4, 14, 7.5], "texture": "#big1", "cullface": "down"},
				"east": {"uv": [12, 4, 13.5, 7.5], "texture": "#big2", "cullface": "down"},
				"south": {"uv": [12, 4, 14, 7.5], "texture": "#big1", "cullface": "down"},
				"west": {"uv": [12, 4, 13.5, 7.5], "texture": "#big2", "cullface": "down"}
			}
		},
		{
			"name": "sw4",
			"from": [-1.9999, 15, 13.5],
			"to": [7.0001, 16.125, 23.5],
			"shade": false,
			"rotation": {"angle": -45, "axis": "y", "origin": [2.5, 0, 13.5]},
			"faces": {
				"north": {"uv": [0, 12.5, 4.5, 13], "texture": "#big1", "cullface": "down"},
				"east": {"uv": [0, 12.5, 5.5, 13], "texture": "#big2", "cullface": "down"},
				"south": {"uv": [0, 12.5, 4.5, 13], "texture": "#big1", "cullface": "down"},
				"west": {"uv": [0, 12.5, 5.5, 13], "texture": "#big2", "cullface": "down"},
				"up": {"uv": [0, 0, 5.5, 4.5], "rotation": 270, "texture": "#big", "cullface": "down"},
				"down": {"uv": [0, 0, 5.5, 4.5], "rotation": 90, "texture": "#big3", "cullface": "down"}
			}
		},
		{
			"name": "sw5",
			"from": [0, 5, 13.5],
			"to": [5, 13, 21.5],
			"shade": false,
			"rotation": {"angle": -45, "axis": "y", "origin": [2.5, 0, 13.5]},
			"faces": {
				"north": {"uv": [12, 4, 14.5, 8], "texture": "#big1", "cullface": "down"},
				"east": {"uv": [12, 0, 16, 4], "texture": "#big2", "cullface": "down"},
				"south": {"uv": [12, 4, 14.5, 8], "texture": "#big1", "cullface": "down"},
				"west": {"uv": [16, 0, 12, 4], "texture": "#big2", "cullface": "down"},
				"down": {"uv": [12, 5.5, 14.5, 9.5], "texture": "#big3", "cullface": "down"}
			}
		}
	],
	"display": {
		"fixed": {
			"rotation": [0, 90, 0],
			"scale": [0.5, 0.5, 0.5]
		}
	}
}