{
	"credit": "Made by XeKr with Blockbench",
	"parent": "minecraft:block/cross",
	"textures": {
		"0": "block/dandelion_3d",
		"particle": "block/dandelion_3d"
	},
	"elements": [
		{
			"from": [8.5, 0, 8],
			"to": [13.5, 5, 8],
			"shade": false,
			"rotation": {"angle": -45, "axis": "y", "origin": [11, 0, 8]},
			"faces": {
				"north": {"uv": [0, 7, 5, 12], "texture": "#0"},
				"south": {"uv": [0, 7, 5, 12], "texture": "#0"}
			}
		},
		{
			"from": [11, 0, 5.5],
			"to": [11, 5, 10.5],
			"shade": false,
			"rotation": {"angle": -45, "axis": "y", "origin": [11, 0, 8]},
			"faces": {
				"east": {"uv": [0, 7, 5, 12], "texture": "#0"},
				"west": {"uv": [0, 7, 5, 12], "texture": "#0"}
			}
		},
		{
			"from": [11, 2, 5.5],
			"to": [11, 5, 10.5],
			"shade": false,
			"rotation": {"angle": 0, "axis": "y", "origin": [11, 0, 8]},
			"faces": {
				"east": {"uv": [0, 7, 5, 10], "texture": "#0"},
				"west": {"uv": [0, 7, 5, 10], "texture": "#0"}
			}
		},
		{
			"from": [8.5, 2, 8],
			"to": [13.5, 5, 8],
			"shade": false,
			"rotation": {"angle": 0, "axis": "y", "origin": [11, 0, 8]},
			"faces": {
				"north": {"uv": [0, 7, 5, 10], "texture": "#0"},
				"south": {"uv": [0, 7, 5, 10], "texture": "#0"}
			}
		},
		{
			"from": [8.5, 4, 5.5],
			"to": [13.5, 4, 10.5],
			"rotation": {"angle": 0, "axis": "y", "origin": [11, 4, 8]},
			"faces": {
				"up": {"uv": [9, 0, 16, 7], "texture": "#0"},
				"down": {"uv": [9, 0, 16, 7], "texture": "#0"}
			}
		},
		{
			"from": [10.5, 3.9, 7.5],
			"to": [11.5, 3.9, 8.5],
			"rotation": {"angle": 0, "axis": "y", "origin": [11, 3.9, 8]},
			"faces": {
				"up": {"uv": [2, 8, 3, 9], "texture": "#0"},
				"down": {"uv": [2, 8, 3, 9], "texture": "#0"}
			}
		},
		{
			"from": [8.5, 4.1, 5.5],
			"to": [13.5, 4.1, 10.5],
			"rotation": {"angle": -45, "axis": "y", "origin": [11, 4, 8]},
			"faces": {
				"up": {"uv": [9, 0, 16, 7], "rotation": 270, "texture": "#0"},
				"down": {"uv": [9, 0, 16, 7], "rotation": 90, "texture": "#0"}
			}
		},
		{
			"from": [9, 4.2, 6],
			"to": [13, 4.2, 10],
			"rotation": {"angle": 22.5, "axis": "y", "origin": [11, 4.1, 8]},
			"faces": {
				"up": {"uv": [0, 0, 7, 7], "texture": "#0"},
				"down": {"uv": [0, 0, 7, 7], "texture": "#0"}
			}
		},
		{
			"from": [9, 4.3, 6],
			"to": [13, 4.3, 10],
			"rotation": {"angle": -22.5, "axis": "y", "origin": [11, 4.2, 8]},
			"faces": {
				"up": {"uv": [0, 0, 7, 7], "rotation": 270, "texture": "#0"},
				"down": {"uv": [0, 0, 7, 7], "rotation": 90, "texture": "#0"}
			}
		},
		{
			"from": [5, 0, 8],
			"to": [11, 0, 13],
			"rotation": {"angle": -22.5, "axis": "x", "origin": [8, 0, 8]},
			"faces": {
				"up": {"uv": [11, 10, 16, 16], "rotation": 270, "texture": "#0"},
				"down": {"uv": [11, 10, 16, 16], "rotation": 90, "texture": "#0"}
			}
		},
		{
			"from": [3, 0, 5],
			"to": [8, 0, 11],
			"rotation": {"angle": -22.5, "axis": "z", "origin": [8, 0, 8]},
			"faces": {
				"up": {"uv": [11, 10, 16, 16], "texture": "#0"},
				"down": {"uv": [11, 10, 16, 16], "texture": "#0"}
			}
		},
		{
			"from": [5, 0, 3],
			"to": [11, 0, 8],
			"rotation": {"angle": 22.5, "axis": "x", "origin": [8, 0, 8]},
			"faces": {
				"up": {"uv": [11, 10, 16, 16], "rotation": 90, "texture": "#0"},
				"down": {"uv": [11, 10, 16, 16], "rotation": 270, "texture": "#0"}
			}
		},
		{
			"from": [8, 0, 5],
			"to": [13, 0, 11],
			"rotation": {"angle": 22.5, "axis": "z", "origin": [8, 0, 8]},
			"faces": {
				"up": {"uv": [11, 10, 16, 16], "rotation": 180, "texture": "#0"},
				"down": {"uv": [11, 10, 16, 16], "rotation": 180, "texture": "#0"}
			}
		},
		{
			"from": [5.5, 5.4, 10.5],
			"to": [6.5, 5.4, 11.5],
			"rotation": {"angle": 0, "axis": "y", "origin": [6, 5.4, 11]},
			"faces": {
				"up": {"uv": [2, 8, 3, 9], "texture": "#0"},
				"down": {"uv": [2, 8, 3, 9], "texture": "#0"}
			}
		},
		{
			"from": [4.5, 4, 11],
			"to": [7.5, 6, 11],
			"shade": false,
			"rotation": {"angle": 0, "axis": "y", "origin": [6, 0, 11]},
			"faces": {
				"north": {"uv": [5, 9, 8, 11], "texture": "#0"},
				"south": {"uv": [5, 9, 8, 11], "texture": "#0"}
			}
		},
		{
			"from": [6, 4, 9.5],
			"to": [6, 6, 12.5],
			"shade": false,
			"rotation": {"angle": 0, "axis": "y", "origin": [6, 0, 11]},
			"faces": {
				"east": {"uv": [5, 9, 8, 11], "texture": "#0"},
				"west": {"uv": [5, 9, 8, 11], "texture": "#0"}
			}
		},
		{
			"from": [4.5, 5.5, 9.5],
			"to": [7.5, 5.5, 12.5],
			"rotation": {"angle": -22.5, "axis": "y", "origin": [6, 5.5, 11]},
			"faces": {
				"up": {"uv": [0, 0, 7, 7], "texture": "#0"},
				"down": {"uv": [9, 0, 16, 7], "texture": "#0"}
			}
		},
		{
			"from": [4.5, 5.6, 9.5],
			"to": [7.5, 5.6, 12.5],
			"rotation": {"angle": 22.5, "axis": "y", "origin": [6, 5.6, 11]},
			"faces": {
				"up": {"uv": [0, 0, 7, 7], "texture": "#0"},
				"down": {"uv": [9, 0, 16, 7], "texture": "#0"}
			}
		},
		{
			"from": [4.5, 0, 11],
			"to": [7.5, 6, 11],
			"shade": false,
			"rotation": {"angle": -45, "axis": "y", "origin": [6, 0, 11]},
			"faces": {
				"north": {"uv": [5, 9, 8, 15], "texture": "#0"},
				"south": {"uv": [5, 9, 8, 15], "texture": "#0"}
			}
		},
		{
			"from": [6, 0, 9.5],
			"to": [6, 6, 12.5],
			"shade": false,
			"rotation": {"angle": -45, "axis": "y", "origin": [6, 0, 11]},
			"faces": {
				"east": {"uv": [5, 9, 8, 15], "texture": "#0"},
				"west": {"uv": [5, 9, 8, 15], "texture": "#0"}
			}
		},
		{
			"from": [6.5, 6.4, 4.5],
			"to": [7.5, 6.4, 5.5],
			"rotation": {"angle": 0, "axis": "y", "origin": [7, 6.4, 5]},
			"faces": {
				"up": {"uv": [2, 8, 3, 9], "texture": "#0"},
				"down": {"uv": [2, 8, 3, 9], "texture": "#0"}
			}
		},
		{
			"from": [5.5, 5, 5],
			"to": [8.5, 7, 5],
			"shade": false,
			"rotation": {"angle": 0, "axis": "y", "origin": [7, 1, 5]},
			"faces": {
				"north": {"uv": [5, 9, 8, 11], "texture": "#0"},
				"south": {"uv": [5, 9, 8, 11], "texture": "#0"}
			}
		},
		{
			"from": [7, 5, 3.5],
			"to": [7, 7, 6.5],
			"shade": false,
			"rotation": {"angle": 0, "axis": "y", "origin": [7, 1, 5]},
			"faces": {
				"east": {"uv": [5, 9, 8, 11], "texture": "#0"},
				"west": {"uv": [5, 9, 8, 11], "texture": "#0"}
			}
		},
		{
			"from": [5.5, 6.5, 3.5],
			"to": [8.5, 6.5, 6.5],
			"rotation": {"angle": -22.5, "axis": "y", "origin": [7, 6.5, 5]},
			"faces": {
				"up": {"uv": [0, 0, 7, 7], "texture": "#0"},
				"down": {"uv": [9, 0, 16, 7], "texture": "#0"}
			}
		},
		{
			"from": [5.5, 6.6, 3.5],
			"to": [8.5, 6.6, 6.5],
			"rotation": {"angle": 22.5, "axis": "y", "origin": [7, 6.6, 5]},
			"faces": {
				"up": {"uv": [0, 0, 7, 7], "texture": "#0"},
				"down": {"uv": [9, 0, 16, 7], "texture": "#0"}
			}
		},
		{
			"from": [5.5, 0, 5],
			"to": [8.5, 7, 5],
			"shade": false,
			"rotation": {"angle": -45, "axis": "y", "origin": [7, 1, 5]},
			"faces": {
				"north": {"uv": [5, 9, 8, 16], "texture": "#0"},
				"south": {"uv": [5, 9, 8, 16], "texture": "#0"}
			}
		},
		{
			"from": [7, 0, 3.5],
			"to": [7, 7, 6.5],
			"shade": false,
			"rotation": {"angle": -45, "axis": "y", "origin": [7, 1, 5]},
			"faces": {
				"east": {"uv": [5, 9, 8, 16], "texture": "#0"},
				"west": {"uv": [5, 9, 8, 16], "texture": "#0"}
			}
		},
		{
			"from": [5.5, 7.4, 6.5],
			"to": [8.5, 7.4, 9.5],
			"rotation": {"angle": -45, "axis": "y", "origin": [7, 7.4, 8]},
			"faces": {
				"up": {"uv": [11, 7, 14, 10], "texture": "#0"},
				"down": {"uv": [11, 7, 14, 10], "texture": "#0"}
			}
		},
		{
			"from": [7, 6, 6.5],
			"to": [7, 9, 9.5],
			"shade": false,
			"rotation": {"angle": 0, "axis": "y", "origin": [7, 2, 8]},
			"faces": {
				"east": {"uv": [11, 7, 14, 10], "texture": "#0"},
				"west": {"uv": [11, 7, 14, 10], "texture": "#0"}
			}
		},
		{
			"from": [5.5, 6, 8],
			"to": [8.5, 9, 8],
			"shade": false,
			"rotation": {"angle": 0, "axis": "y", "origin": [7, 2, 8]},
			"faces": {
				"north": {"uv": [11, 7, 14, 10], "texture": "#0"},
				"south": {"uv": [11, 7, 14, 10], "texture": "#0"}
			}
		},
		{
			"from": [5.5, 0, 8],
			"to": [8.5, 9, 8],
			"shade": false,
			"rotation": {"angle": -45, "axis": "y", "origin": [7, 1, 8]},
			"faces": {
				"north": {"uv": [8, 7, 11, 16], "texture": "#0"},
				"south": {"uv": [8, 7, 11, 16], "texture": "#0"}
			}
		},
		{
			"from": [7, 0, 6.5],
			"to": [7, 9, 9.5],
			"shade": false,
			"rotation": {"angle": -45, "axis": "y", "origin": [7, 1, 8]},
			"faces": {
				"east": {"uv": [8, 7, 11, 16], "texture": "#0"},
				"west": {"uv": [8, 7, 11, 16], "texture": "#0"}
			}
		}
	],
	"groups": [
		0,
		1,
		2,
		3,
		4,
		5,
		6,
		7,
		8,
		9,
		10,
		11,
		12,
		{
			"name": "group",
			"origin": [6, 0, 11],
			"color": 0,
			"children": [13, 14, 15, 16, 17, 18, 19]
		},
		{
			"name": "group",
			"origin": [6, 0, 11],
			"color": 0,
			"children": [20, 21, 22, 23, 24, 25, 26]
		},
		{
			"name": "group",
			"origin": [6, 0, 11],
			"color": 0,
			"children": [27, 28, 29, 30, 31]
		}
	]
}