{
	"credit": "Made by XeKr with Blockbench",
	"parent": "block/block",
	"textures": {
		"particle": "block/dark_oak_planks",
		"texture": "block/dark_oak_planks",
		"out": "block/dark_oak_log",
		"in": "block/dark_oak_log_top"
	},
	"elements": [
		{
			"name": "Box9",
			"from": [0, 2, 7],
			"to": [2, 15, 9],
			"faces": {
				"north": {"uv": [7, 2, 9, 15], "texture": "#out"},
				"east": {"uv": [7, 2, 9, 15], "texture": "#out"},
				"south": {"uv": [7, 2, 9, 15], "texture": "#out"},
				"west": {"uv": [7, 2, 9, 15], "texture": "#out"},
				"up": {"uv": [7, 7, 9, 9], "texture": "#in"},
				"down": {"uv": [7, 7, 9, 9], "texture": "#in"}
			}
		},
		{
			"name": "Box9",
			"from": [14, 2, 7],
			"to": [16, 15, 9],
			"faces": {
				"north": {"uv": [7, 2, 9, 15], "texture": "#out"},
				"east": {"uv": [7, 2, 9, 15], "texture": "#out"},
				"south": {"uv": [7, 2, 9, 15], "texture": "#out"},
				"west": {"uv": [7, 2, 9, 15], "texture": "#out"},
				"up": {"uv": [7, 7, 9, 9], "texture": "#in"},
				"down": {"uv": [7, 7, 9, 9], "texture": "#in"}
			}
		},
		{
			"name": "Box12",
			"from": [2, 11, 7],
			"to": [8, 14, 9],
			"faces": {
				"north": {"uv": [2, 1, 8, 4], "texture": "#texture"},
				"east": {"uv": [7, 1, 9, 4], "texture": "#texture"},
				"south": {"uv": [2, 1, 8, 4], "texture": "#texture"},
				"west": {"uv": [7, 1, 9, 4], "texture": "#texture"},
				"up": {"uv": [2, 8, 8, 10], "texture": "#texture"},
				"down": {"uv": [2, 8, 8, 10], "texture": "#texture"}
			}
		},
		{
			"name": "Box13",
			"from": [2, 5, 7],
			"to": [8, 8, 9],
			"rotation": {"angle": 0, "axis": "y", "origin": [8, 2, 8]},
			"faces": {
				"north": {"uv": [2, 1, 8, 4], "texture": "#texture"},
				"east": {"uv": [7, 1, 9, 4], "texture": "#texture"},
				"south": {"uv": [2, 1, 8, 4], "texture": "#texture"},
				"west": {"uv": [7, 1, 9, 4], "texture": "#texture"},
				"up": {"uv": [2, 8, 8, 10], "texture": "#texture"},
				"down": {"uv": [2, 8, 8, 10], "texture": "#texture"}
			}
		},
		{
			"name": "Box13",
			"from": [8, 11, 7],
			"to": [14, 14, 9],
			"rotation": {"angle": 0, "axis": "y", "origin": [14, 8, 8]},
			"faces": {
				"north": {"uv": [2, 1, 8, 4], "texture": "#texture"},
				"east": {"uv": [7, 1, 9, 4], "texture": "#texture"},
				"south": {"uv": [2, 1, 8, 4], "texture": "#texture"},
				"west": {"uv": [7, 1, 9, 4], "texture": "#texture"},
				"up": {"uv": [2, 8, 8, 10], "texture": "#texture"},
				"down": {"uv": [2, 8, 8, 10], "texture": "#texture"}
			}
		},
		{
			"name": "Box14",
			"from": [8, 5, 7],
			"to": [14, 8, 9],
			"rotation": {"angle": 0, "axis": "y", "origin": [14, 2, 8]},
			"faces": {
				"north": {"uv": [2, 1, 8, 4], "texture": "#texture"},
				"east": {"uv": [7, 1, 9, 4], "texture": "#texture"},
				"south": {"uv": [2, 1, 8, 4], "texture": "#texture"},
				"west": {"uv": [7, 1, 9, 4], "texture": "#texture"},
				"up": {"uv": [2, 8, 8, 10], "texture": "#texture"},
				"down": {"uv": [2, 8, 8, 10], "texture": "#texture"}
			}
		},
		{
			"name": "Box16",
			"from": [2.5, 3, 9],
			"to": [4.5, 15, 10],
			"rotation": {"angle": 0, "axis": "y", "origin": [4.5, 7, 8]},
			"faces": {
				"north": {"uv": [4, 13, 16, 15], "rotation": 90, "texture": "#texture"},
				"east": {"uv": [4, 13, 16, 14], "rotation": 90, "texture": "#texture"},
				"south": {"uv": [4, 13, 16, 15], "rotation": 90, "texture": "#texture"},
				"west": {"uv": [4, 13, 16, 14], "rotation": 90, "texture": "#texture"},
				"up": {"uv": [6, 9, 8, 10], "texture": "#texture"},
				"down": {"uv": [6, 6, 8, 7], "texture": "#texture"}
			}
		},
		{
			"name": "Box17",
			"from": [8.5, 3, 9],
			"to": [10.5, 15, 10],
			"rotation": {"angle": 0, "axis": "y", "origin": [10.5, 7, 8]},
			"faces": {
				"north": {"uv": [4, 13, 16, 15], "rotation": 90, "texture": "#texture"},
				"east": {"uv": [4, 13, 16, 14], "rotation": 90, "texture": "#texture"},
				"south": {"uv": [4, 13, 16, 15], "rotation": 90, "texture": "#texture"},
				"west": {"uv": [4, 13, 16, 14], "rotation": 90, "texture": "#texture"},
				"up": {"uv": [6, 9, 8, 10], "texture": "#texture"},
				"down": {"uv": [6, 6, 8, 7], "texture": "#texture"}
			}
		},
		{
			"name": "Box17",
			"from": [2.5, 3, 6],
			"to": [4.5, 15, 7],
			"rotation": {"angle": 0, "axis": "y", "origin": [4.5, 7, 5]},
			"faces": {
				"north": {"uv": [4, 13, 16, 15], "rotation": 90, "texture": "#texture"},
				"east": {"uv": [4, 13, 16, 14], "rotation": 90, "texture": "#texture"},
				"south": {"uv": [4, 13, 16, 15], "rotation": 90, "texture": "#texture"},
				"west": {"uv": [4, 13, 16, 14], "rotation": 90, "texture": "#texture"},
				"up": {"uv": [6, 9, 8, 10], "texture": "#texture"},
				"down": {"uv": [6, 6, 8, 7], "texture": "#texture"}
			}
		},
		{
			"name": "Box18",
			"from": [8.5, 3, 6],
			"to": [10.5, 15, 7],
			"rotation": {"angle": 0, "axis": "y", "origin": [10.5, 7, 5]},
			"faces": {
				"north": {"uv": [4, 13, 16, 15], "rotation": 90, "texture": "#texture"},
				"east": {"uv": [4, 13, 16, 14], "rotation": 90, "texture": "#texture"},
				"south": {"uv": [4, 13, 16, 15], "rotation": 90, "texture": "#texture"},
				"west": {"uv": [4, 13, 16, 14], "rotation": 90, "texture": "#texture"},
				"up": {"uv": [6, 9, 8, 10], "texture": "#texture"},
				"down": {"uv": [6, 6, 8, 7], "texture": "#texture"}
			}
		},
		{
			"name": "Box17",
			"from": [5.5, 3, 9],
			"to": [7.5, 15, 10],
			"rotation": {"angle": 0, "axis": "y", "origin": [7.5, 7, 8]},
			"faces": {
				"north": {"uv": [4, 13, 16, 15], "rotation": 90, "texture": "#texture"},
				"east": {"uv": [4, 13, 16, 14], "rotation": 90, "texture": "#texture"},
				"south": {"uv": [4, 13, 16, 15], "rotation": 90, "texture": "#texture"},
				"west": {"uv": [4, 13, 16, 14], "rotation": 90, "texture": "#texture"},
				"up": {"uv": [6, 9, 8, 10], "texture": "#texture"},
				"down": {"uv": [6, 6, 8, 7], "texture": "#texture"}
			}
		},
		{
			"name": "Box18",
			"from": [11.5, 3, 9],
			"to": [13.5, 15, 10],
			"rotation": {"angle": 0, "axis": "y", "origin": [13.5, 7, 8]},
			"faces": {
				"north": {"uv": [4, 13, 16, 15], "rotation": 90, "texture": "#texture"},
				"east": {"uv": [4, 13, 16, 14], "rotation": 90, "texture": "#texture"},
				"south": {"uv": [4, 13, 16, 15], "rotation": 90, "texture": "#texture"},
				"west": {"uv": [4, 13, 16, 14], "rotation": 90, "texture": "#texture"},
				"up": {"uv": [6, 9, 8, 10], "texture": "#texture"},
				"down": {"uv": [6, 6, 8, 7], "texture": "#texture"}
			}
		},
		{
			"name": "Box18",
			"from": [5.5, 3, 6],
			"to": [7.5, 15, 7],
			"rotation": {"angle": 0, "axis": "y", "origin": [7.5, 7, 5]},
			"faces": {
				"north": {"uv": [4, 13, 16, 15], "rotation": 90, "texture": "#texture"},
				"east": {"uv": [4, 13, 16, 14], "rotation": 90, "texture": "#texture"},
				"south": {"uv": [4, 13, 16, 15], "rotation": 90, "texture": "#texture"},
				"west": {"uv": [4, 13, 16, 14], "rotation": 90, "texture": "#texture"},
				"up": {"uv": [6, 9, 8, 10], "texture": "#texture"},
				"down": {"uv": [6, 6, 8, 7], "texture": "#texture"}
			}
		},
		{
			"name": "Box19",
			"from": [11.5, 3, 6],
			"to": [13.5, 15, 7],
			"rotation": {"angle": 0, "axis": "y", "origin": [13.5, 7, 5]},
			"faces": {
				"north": {"uv": [4, 13, 16, 15], "rotation": 90, "texture": "#texture"},
				"east": {"uv": [4, 13, 16, 14], "rotation": 90, "texture": "#texture"},
				"south": {"uv": [4, 13, 16, 15], "rotation": 90, "texture": "#texture"},
				"west": {"uv": [4, 13, 16, 14], "rotation": 90, "texture": "#texture"},
				"up": {"uv": [6, 9, 8, 10], "texture": "#texture"},
				"down": {"uv": [6, 6, 8, 7], "texture": "#texture"}
			}
		}
	],
	"display": {
		"gui": {
			"rotation": [30, 45, 0],
			"translation": [0, -1, 0],
			"scale": [0.8, 0.8, 0.8]
		},
		"head": {
			"translation": [0, -3, -6]
		}
	}
}