{
	"credit": "Made by XeKr with Blockbench",
	"parent": "block/cross",
	"textures": {
		"0": "block/horn_coral_3d",
		"particle": "block/horn_coral_3d"
	},
	"elements": [
		{
			"from": [10, 7.5, 12],
			"to": [13, 8.5, 16],
			"rotation": {"angle": 0, "axis": "y", "origin": [11.5, 8, 14]},
			"faces": {
				"north": {"uv": [13, 5, 16, 6], "texture": "#0"},
				"east": {"uv": [12, 15, 16, 16], "texture": "#0"},
				"south": {"uv": [13, 5, 16, 6], "texture": "#0"},
				"west": {"uv": [16, 15, 12, 16], "texture": "#0"},
				"down": {"uv": [13, 4, 16, 8], "texture": "#0"}
			}
		},
		{
			"from": [8, 8.5, 10],
			"to": [15, 9.5, 17],
			"rotation": {"angle": 0, "axis": "y", "origin": [11.5, 9, 13.5]},
			"faces": {
				"north": {"uv": [0, 8, 7, 9], "texture": "#0"},
				"east": {"uv": [0, 8, 7, 9], "texture": "#0"},
				"south": {"uv": [0, 8, 7, 9], "texture": "#0"},
				"west": {"uv": [0, 8, 7, 9], "texture": "#0"},
				"up": {"uv": [0, 8, 7, 15], "texture": "#0"},
				"down": {"uv": [0, 8, 7, 15], "texture": "#0"}
			}
		},
		{
			"from": [2.5, 6.5, 13],
			"to": [5.5, 7.5, 16],
			"rotation": {"angle": 0, "axis": "y", "origin": [4, 7, 14.5]},
			"faces": {
				"north": {"uv": [13, 5, 16, 6], "texture": "#0"},
				"east": {"uv": [13, 5, 16, 6], "texture": "#0"},
				"south": {"uv": [13, 5, 16, 6], "texture": "#0"},
				"west": {"uv": [13, 5, 16, 6], "texture": "#0"},
				"down": {"uv": [13, 5, 16, 8], "texture": "#0"}
			}
		},
		{
			"from": [1, 7.5, 11],
			"to": [7, 8.5, 17],
			"rotation": {"angle": -22.5, "axis": "y", "origin": [4, 8, 14]},
			"faces": {
				"north": {"uv": [7, 9, 13, 10], "texture": "#0"},
				"east": {"uv": [7, 9, 13, 10], "texture": "#0"},
				"south": {"uv": [7, 9, 13, 10], "texture": "#0"},
				"west": {"uv": [7, 9, 13, 10], "texture": "#0"},
				"up": {"uv": [7, 9, 13, 15], "texture": "#0"},
				"down": {"uv": [7, 9, 13, 15], "texture": "#0"}
			}
		},
		{
			"from": [4.5, 4, 11],
			"to": [7.5, 5, 16],
			"rotation": {"angle": 0, "axis": "y", "origin": [6, 4.5, 13.5]},
			"faces": {
				"north": {"uv": [13, 5, 16, 6], "texture": "#0"},
				"east": {"uv": [11, 15, 16, 16], "texture": "#0"},
				"south": {"uv": [13, 5, 16, 6], "texture": "#0"},
				"west": {"uv": [16, 15, 11, 16], "texture": "#0"},
				"down": {"uv": [13, 4, 16, 9], "texture": "#0"}
			}
		},
		{
			"from": [2, 5, 8.375],
			"to": [10, 6, 16.375],
			"rotation": {"angle": 22.5, "axis": "y", "origin": [6, 5.5, 12.375]},
			"faces": {
				"north": {"uv": [0, 0, 8, 1], "texture": "#0"},
				"east": {"uv": [0, 0, 8, 1], "texture": "#0"},
				"south": {"uv": [0, 0, 8, 1], "texture": "#0"},
				"west": {"uv": [0, 0, 8, 1], "texture": "#0"},
				"up": {"uv": [0, 0, 8, 8], "texture": "#0"},
				"down": {"uv": [0, 0, 8, 8], "texture": "#0"}
			}
		},
		{
			"from": [2, 9, 13],
			"to": [4, 10, 16],
			"rotation": {"angle": 0, "axis": "y", "origin": [3, 9.5, 14.5]},
			"faces": {
				"north": {"uv": [14, 5, 16, 6], "texture": "#0"},
				"east": {"uv": [13, 5, 16, 6], "texture": "#0"},
				"south": {"uv": [14, 5, 16, 6], "texture": "#0"},
				"west": {"uv": [13, 5, 16, 6], "texture": "#0"},
				"down": {"uv": [14, 5, 16, 8], "texture": "#0"}
			}
		},
		{
			"from": [0.5, 10, 11.5],
			"to": [5.5, 11, 16.5],
			"rotation": {"angle": 0, "axis": "y", "origin": [3, 10.5, 14]},
			"faces": {
				"north": {"uv": [8, 4, 13, 5], "texture": "#0"},
				"east": {"uv": [8, 4, 13, 5], "texture": "#0"},
				"south": {"uv": [8, 4, 13, 5], "texture": "#0"},
				"west": {"uv": [8, 4, 13, 5], "texture": "#0"},
				"up": {"uv": [8, 4, 13, 9], "texture": "#0"},
				"down": {"uv": [8, 4, 13, 9], "texture": "#0"}
			}
		},
		{
			"from": [6.5, 10, 13],
			"to": [7.5, 11, 16],
			"rotation": {"angle": 0, "axis": "y", "origin": [7, 10.5, 13.5]},
			"faces": {
				"north": {"uv": [14, 5, 15, 6], "texture": "#0"},
				"east": {"uv": [12, 15, 15, 16], "texture": "#0"},
				"south": {"uv": [14, 5, 15, 6], "texture": "#0"},
				"west": {"uv": [15, 15, 12, 16], "texture": "#0"},
				"up": {"uv": [14, 7, 15, 4], "texture": "#0"},
				"down": {"uv": [14, 4, 15, 7], "texture": "#0"}
			}
		},
		{
			"from": [5.5, 11, 11.875],
			"to": [8.5, 12, 14.875],
			"rotation": {"angle": 45, "axis": "y", "origin": [7, 11.5, 13.375]},
			"faces": {
				"north": {"uv": [13, 0, 16, 1], "texture": "#0"},
				"east": {"uv": [13, 0, 16, 1], "texture": "#0"},
				"south": {"uv": [13, 0, 16, 1], "texture": "#0"},
				"west": {"uv": [13, 0, 16, 1], "texture": "#0"},
				"up": {"uv": [13, 0, 16, 3], "texture": "#0"},
				"down": {"uv": [13, 0, 16, 3], "texture": "#0"}
			}
		},
		{
			"from": [13, 4.5, 13],
			"to": [14, 5.5, 16],
			"rotation": {"angle": 0, "axis": "y", "origin": [13.5, 5, 13.5]},
			"faces": {
				"north": {"uv": [14, 5, 15, 6], "texture": "#0"},
				"east": {"uv": [12, 15, 15, 16], "texture": "#0"},
				"south": {"uv": [14, 5, 15, 6], "texture": "#0"},
				"west": {"uv": [15, 15, 12, 16], "texture": "#0"},
				"up": {"uv": [14, 7, 15, 4], "texture": "#0"},
				"down": {"uv": [14, 4, 15, 7], "texture": "#0"}
			}
		},
		{
			"from": [11.5, 5.5, 11.375],
			"to": [15.5, 6.5, 15.375],
			"rotation": {"angle": 0, "axis": "y", "origin": [13.5, 6, 13.375]},
			"faces": {
				"north": {"uv": [8, 0, 12, 1], "texture": "#0"},
				"east": {"uv": [8, 0, 12, 1], "texture": "#0"},
				"south": {"uv": [8, 0, 12, 1], "texture": "#0"},
				"west": {"uv": [8, 0, 12, 1], "texture": "#0"},
				"up": {"uv": [8, 0, 12, 4], "texture": "#0"},
				"down": {"uv": [8, 0, 12, 4], "texture": "#0"}
			}
		},
		{
			"from": [12.5, 9.5, 13],
			"to": [13.5, 10.5, 16],
			"rotation": {"angle": 0, "axis": "y", "origin": [13, 10, 13.5]},
			"faces": {
				"north": {"uv": [14, 5, 15, 6], "texture": "#0"},
				"east": {"uv": [12, 15, 15, 16], "texture": "#0"},
				"south": {"uv": [14, 5, 15, 6], "texture": "#0"},
				"west": {"uv": [15, 15, 12, 16], "texture": "#0"},
				"up": {"uv": [14, 7, 15, 4], "texture": "#0"},
				"down": {"uv": [14, 4, 15, 7], "texture": "#0"}
			}
		},
		{
			"from": [11, 10.5, 11.375],
			"to": [15, 11.5, 15.375],
			"rotation": {"angle": 22.5, "axis": "y", "origin": [13, 11, 13.375]},
			"faces": {
				"north": {"uv": [8, 0, 12, 1], "texture": "#0"},
				"east": {"uv": [8, 0, 12, 1], "texture": "#0"},
				"south": {"uv": [8, 0, 12, 1], "texture": "#0"},
				"west": {"uv": [8, 0, 12, 1], "texture": "#0"},
				"up": {"uv": [8, 0, 12, 4], "texture": "#0"},
				"down": {"uv": [8, 0, 12, 4], "texture": "#0"}
			}
		},
		{
			"from": [8.5, 6, 8],
			"to": [9.5, 7, 16],
			"rotation": {"angle": 0, "axis": "y", "origin": [9, 6.5, 13.5]},
			"faces": {
				"north": {"uv": [14, 11, 15, 12], "texture": "#0"},
				"east": {"uv": [8, 15, 16, 16], "texture": "#0"},
				"south": {"uv": [14, 5, 15, 6], "texture": "#0"},
				"west": {"uv": [16, 15, 8, 16], "texture": "#0"},
				"up": {"uv": [14, 12, 15, 4], "texture": "#0"},
				"down": {"uv": [14, 4, 15, 12], "texture": "#0"}
			}
		},
		{
			"from": [7.5, 7, 6.875],
			"to": [10.5, 8, 9.875],
			"rotation": {"angle": -22.5, "axis": "y", "origin": [9, 7.5, 8.375]},
			"faces": {
				"north": {"uv": [13, 0, 16, 1], "texture": "#0"},
				"east": {"uv": [13, 0, 16, 1], "texture": "#0"},
				"south": {"uv": [13, 0, 16, 1], "texture": "#0"},
				"west": {"uv": [13, 0, 16, 1], "texture": "#0"},
				"up": {"uv": [13, 0, 16, 3], "rotation": 270, "texture": "#0"},
				"down": {"uv": [13, 0, 16, 3], "rotation": 90, "texture": "#0"}
			}
		},
		{
			"from": [13, 3, 9],
			"to": [14, 4, 16],
			"rotation": {"angle": 0, "axis": "y", "origin": [13.5, 3.5, 13.5]},
			"faces": {
				"north": {"uv": [14, 11, 15, 12], "texture": "#0"},
				"east": {"uv": [8, 15, 15, 16], "texture": "#0"},
				"south": {"uv": [14, 5, 15, 6], "texture": "#0"},
				"west": {"uv": [15, 15, 8, 16], "texture": "#0"},
				"up": {"uv": [14, 11, 15, 4], "texture": "#0"},
				"down": {"uv": [14, 4, 15, 11], "texture": "#0"}
			}
		},
		{
			"from": [12, 4, 7.875],
			"to": [15, 5, 10.875],
			"rotation": {"angle": 22.5, "axis": "y", "origin": [13.5, 4.5, 9.375]},
			"faces": {
				"north": {"uv": [13, 0, 16, 1], "texture": "#0"},
				"east": {"uv": [13, 0, 16, 1], "texture": "#0"},
				"south": {"uv": [13, 0, 16, 1], "texture": "#0"},
				"west": {"uv": [13, 0, 16, 1], "texture": "#0"},
				"up": {"uv": [13, 0, 16, 3], "rotation": 270, "texture": "#0"},
				"down": {"uv": [13, 0, 16, 3], "rotation": 90, "texture": "#0"}
			}
		},
		{
			"from": [1.5, 3, 9],
			"to": [2.5, 4, 16],
			"rotation": {"angle": 0, "axis": "y", "origin": [2, 3.5, 13.5]},
			"faces": {
				"north": {"uv": [14, 11, 15, 12], "texture": "#0"},
				"east": {"uv": [8, 15, 15, 16], "texture": "#0"},
				"south": {"uv": [14, 5, 15, 6], "texture": "#0"},
				"west": {"uv": [15, 15, 8, 16], "texture": "#0"},
				"up": {"uv": [14, 11, 15, 4], "texture": "#0"},
				"down": {"uv": [14, 4, 15, 11], "texture": "#0"}
			}
		},
		{
			"from": [0.5, 4, 7.875],
			"to": [3.5, 5, 10.875],
			"rotation": {"angle": 0, "axis": "y", "origin": [2, 4.5, 9.375]},
			"faces": {
				"north": {"uv": [13, 0, 16, 1], "texture": "#0"},
				"east": {"uv": [13, 0, 16, 1], "texture": "#0"},
				"south": {"uv": [13, 0, 16, 1], "texture": "#0"},
				"west": {"uv": [13, 0, 16, 1], "texture": "#0"},
				"up": {"uv": [13, 0, 16, 3], "rotation": 270, "texture": "#0"},
				"down": {"uv": [13, 0, 16, 3], "rotation": 90, "texture": "#0"}
			}
		}
	],
	"groups": [
		{
			"name": "group",
			"origin": [11, 2, 15],
			"children": [0, 1]
		},
		{
			"name": "group",
			"origin": [5, 0, 15],
			"children": [2, 3]
		},
		{
			"name": "group",
			"origin": [11, 2, 15],
			"children": [4, 5]
		},
		{
			"name": "group",
			"origin": [5, 0, 15],
			"children": [6, 7]
		},
		{
			"name": "group",
			"origin": [11, 2, 15],
			"children": [8, 9]
		},
		{
			"name": "group",
			"origin": [11, 2, 15],
			"children": [10, 11]
		},
		{
			"name": "group",
			"origin": [11, 2, 15],
			"children": [12, 13]
		},
		{
			"name": "group",
			"origin": [11, 2, 15],
			"children": [14, 15]
		},
		{
			"name": "group",
			"origin": [11, 2, 15],
			"children": [16, 17]
		},
		{
			"name": "group",
			"origin": [11, 2, 15],
			"children": [18, 19]
		}
	]
}