{
	"credit": "Made by XeKr with Blockbench",
	"parent": "block/cross",
	"textures": {
		"0": "block/horn_coral_3d",
		"particle": "block/horn_coral_3d"
	},
	"elements": [
		{
			"from": [5, 0, 6.5],
			"to": [7, 8, 8.5],
			"rotation": {"angle": 22.5, "axis": "y", "origin": [6, 0, 7.5]},
			"faces": {
				"north": {"uv": [14, 4, 16, 12], "texture": "#0"},
				"east": {"uv": [14, 4, 16, 12], "texture": "#0"},
				"south": {"uv": [14, 4, 16, 12], "texture": "#0"},
				"west": {"uv": [14, 4, 16, 12], "texture": "#0"},
				"down": {"uv": [14, 14, 16, 16], "texture": "#0"}
			}
		},
		{
			"from": [4, 8, 5.5],
			"to": [8, 9, 9.5],
			"rotation": {"angle": 22.5, "axis": "y", "origin": [6, 0, 7.5]},
			"faces": {
				"north": {"uv": [8, 0, 12, 1], "texture": "#0"},
				"east": {"uv": [8, 0, 12, 1], "texture": "#0"},
				"south": {"uv": [8, 0, 12, 1], "texture": "#0"},
				"west": {"uv": [8, 0, 12, 1], "texture": "#0"},
				"down": {"uv": [8, 0, 12, 4], "texture": "#0"}
			}
		},
		{
			"from": [2, 9, 3.5],
			"to": [10, 10, 11.5],
			"rotation": {"angle": 22.5, "axis": "y", "origin": [6, 0, 7.5]},
			"faces": {
				"north": {"uv": [0, 0, 8, 1], "texture": "#0"},
				"east": {"uv": [0, 0, 8, 1], "texture": "#0"},
				"south": {"uv": [0, 0, 8, 1], "texture": "#0"},
				"west": {"uv": [0, 0, 8, 1], "texture": "#0"},
				"up": {"uv": [0, 0, 8, 8], "texture": "#0"},
				"down": {"uv": [0, 0, 8, 8], "texture": "#0"}
			}
		},
		{
			"from": [8, 0, 10.5],
			"to": [10, 6, 12.5],
			"rotation": {"angle": -22.5, "axis": "y", "origin": [9, 0, 11.5]},
			"faces": {
				"north": {"uv": [14, 4, 16, 10], "texture": "#0"},
				"east": {"uv": [14, 4, 16, 10], "texture": "#0"},
				"south": {"uv": [14, 4, 16, 10], "texture": "#0"},
				"west": {"uv": [14, 4, 16, 10], "texture": "#0"},
				"down": {"uv": [14, 14, 16, 16], "texture": "#0"}
			}
		},
		{
			"from": [7.5, 6, 10],
			"to": [10.5, 7, 13],
			"rotation": {"angle": -22.5, "axis": "y", "origin": [9, 0, 11.5]},
			"faces": {
				"north": {"uv": [13, 0, 16, 1], "texture": "#0"},
				"east": {"uv": [13, 0, 16, 1], "texture": "#0"},
				"south": {"uv": [13, 0, 16, 1], "texture": "#0"},
				"west": {"uv": [13, 0, 16, 1], "texture": "#0"},
				"down": {"uv": [13, 0, 16, 3], "texture": "#0"}
			}
		},
		{
			"from": [6, 7, 8.5],
			"to": [12, 8, 14.5],
			"rotation": {"angle": -22.5, "axis": "y", "origin": [9, 0, 11.5]},
			"faces": {
				"north": {"uv": [7, 9, 13, 10], "texture": "#0"},
				"east": {"uv": [7, 9, 13, 10], "texture": "#0"},
				"south": {"uv": [7, 9, 13, 10], "texture": "#0"},
				"west": {"uv": [7, 9, 13, 10], "texture": "#0"},
				"up": {"uv": [7, 9, 13, 15], "texture": "#0"},
				"down": {"uv": [7, 9, 13, 15], "texture": "#0"}
			}
		},
		{
			"from": [3.5, 0, 11],
			"to": [4.5, 4, 12],
			"rotation": {"angle": 22.5, "axis": "y", "origin": [4, 0, 11.5]},
			"faces": {
				"north": {"uv": [15, 4, 16, 8], "texture": "#0"},
				"east": {"uv": [15, 4, 16, 8], "texture": "#0"},
				"south": {"uv": [15, 4, 16, 8], "texture": "#0"},
				"west": {"uv": [15, 4, 16, 8], "texture": "#0"},
				"down": {"uv": [15, 15, 16, 16], "texture": "#0"}
			}
		},
		{
			"from": [3, 4, 10.5],
			"to": [5, 5, 12.5],
			"rotation": {"angle": 22.5, "axis": "y", "origin": [4, 0, 11.5]},
			"faces": {
				"north": {"uv": [14, 0, 16, 1], "texture": "#0"},
				"east": {"uv": [14, 0, 16, 1], "texture": "#0"},
				"south": {"uv": [14, 0, 16, 1], "texture": "#0"},
				"west": {"uv": [14, 0, 16, 1], "texture": "#0"},
				"down": {"uv": [14, 0, 16, 2], "texture": "#0"}
			}
		},
		{
			"from": [1.5, 5, 9],
			"to": [6.5, 6, 14],
			"rotation": {"angle": 22.5, "axis": "y", "origin": [4, 0, 11.5]},
			"faces": {
				"north": {"uv": [8, 4, 13, 5], "texture": "#0"},
				"east": {"uv": [8, 4, 13, 5], "texture": "#0"},
				"south": {"uv": [8, 4, 13, 5], "texture": "#0"},
				"west": {"uv": [8, 4, 13, 5], "texture": "#0"},
				"up": {"uv": [8, 4, 13, 9], "texture": "#0"},
				"down": {"uv": [8, 4, 13, 9], "texture": "#0"}
			}
		},
		{
			"from": [9, 0, 4.5],
			"to": [11, 3, 6.5],
			"rotation": {"angle": 45, "axis": "y", "origin": [10, 0, 5.5]},
			"faces": {
				"north": {"uv": [14, 4, 16, 7], "texture": "#0"},
				"east": {"uv": [14, 4, 16, 7], "texture": "#0"},
				"south": {"uv": [14, 4, 16, 7], "texture": "#0"},
				"west": {"uv": [14, 4, 16, 7], "texture": "#0"},
				"down": {"uv": [14, 14, 16, 16], "texture": "#0"}
			}
		},
		{
			"from": [8, 3, 3.5],
			"to": [12, 4, 7.5],
			"rotation": {"angle": 45, "axis": "y", "origin": [10, 0, 5.5]},
			"faces": {
				"north": {"uv": [8, 0, 12, 1], "texture": "#0"},
				"east": {"uv": [8, 0, 12, 1], "texture": "#0"},
				"south": {"uv": [8, 0, 12, 1], "texture": "#0"},
				"west": {"uv": [8, 0, 12, 1], "texture": "#0"},
				"down": {"uv": [8, 0, 12, 4], "texture": "#0"}
			}
		},
		{
			"from": [6.5, 4, 2],
			"to": [13.5, 5, 9],
			"rotation": {"angle": 45, "axis": "y", "origin": [10, 0, 5.5]},
			"faces": {
				"north": {"uv": [0, 8, 7, 9], "texture": "#0"},
				"east": {"uv": [0, 8, 7, 9], "texture": "#0"},
				"south": {"uv": [0, 8, 7, 9], "texture": "#0"},
				"west": {"uv": [0, 8, 7, 9], "texture": "#0"},
				"up": {"uv": [0, 8, 7, 15], "texture": "#0"},
				"down": {"uv": [0, 8, 7, 15], "texture": "#0"}
			}
		},
		{
			"from": [4.5, 0, 3],
			"to": [5.5, 4, 4],
			"rotation": {"angle": 0, "axis": "y", "origin": [5, 0, 3.5]},
			"faces": {
				"north": {"uv": [15, 4, 16, 8], "texture": "#0"},
				"east": {"uv": [15, 4, 16, 8], "texture": "#0"},
				"south": {"uv": [15, 4, 16, 8], "texture": "#0"},
				"west": {"uv": [15, 4, 16, 8], "texture": "#0"},
				"down": {"uv": [15, 15, 16, 16], "texture": "#0"}
			}
		},
		{
			"from": [4, 4, 2.5],
			"to": [6, 5, 4.5],
			"rotation": {"angle": 0, "axis": "y", "origin": [5, 0, 3.5]},
			"faces": {
				"north": {"uv": [14, 0, 16, 1], "texture": "#0"},
				"east": {"uv": [14, 0, 16, 1], "texture": "#0"},
				"south": {"uv": [14, 0, 16, 1], "texture": "#0"},
				"west": {"uv": [14, 0, 16, 1], "texture": "#0"},
				"down": {"uv": [14, 0, 16, 2], "texture": "#0"}
			}
		},
		{
			"from": [2.5, 5, 1],
			"to": [7.5, 6, 6],
			"rotation": {"angle": 0, "axis": "y", "origin": [5, 0, 3.5]},
			"faces": {
				"north": {"uv": [8, 4, 13, 5], "texture": "#0"},
				"east": {"uv": [8, 4, 13, 5], "texture": "#0"},
				"south": {"uv": [8, 4, 13, 5], "texture": "#0"},
				"west": {"uv": [8, 4, 13, 5], "texture": "#0"},
				"up": {"uv": [8, 4, 13, 9], "texture": "#0"},
				"down": {"uv": [8, 4, 13, 9], "texture": "#0"}
			}
		},
		{
			"from": [12.5, 0, 9],
			"to": [13.5, 2, 10],
			"rotation": {"angle": 0, "axis": "y", "origin": [13, 0, 9.5]},
			"faces": {
				"north": {"uv": [15, 4, 16, 6], "texture": "#0"},
				"east": {"uv": [15, 4, 16, 6], "texture": "#0"},
				"south": {"uv": [15, 4, 16, 6], "texture": "#0"},
				"west": {"uv": [15, 4, 16, 6], "texture": "#0"},
				"down": {"uv": [15, 15, 16, 16], "texture": "#0"}
			}
		},
		{
			"from": [11, 2, 7.5],
			"to": [15, 3, 11.5],
			"rotation": {"angle": 0, "axis": "y", "origin": [13, 0, 9.5]},
			"faces": {
				"north": {"uv": [8, 3, 12, 4], "texture": "#0"},
				"east": {"uv": [8, 3, 12, 4], "texture": "#0"},
				"south": {"uv": [8, 3, 12, 4], "texture": "#0"},
				"west": {"uv": [8, 3, 12, 4], "texture": "#0"},
				"up": {"uv": [8, 0, 12, 4], "texture": "#0"},
				"down": {"uv": [8, 0, 12, 4], "texture": "#0"}
			}
		},
		{
			"from": [2.5, 0, 8],
			"to": [3.5, 2, 9],
			"rotation": {"angle": 0, "axis": "y", "origin": [3, 0, 8.5]},
			"faces": {
				"north": {"uv": [15, 4, 16, 6], "texture": "#0"},
				"east": {"uv": [15, 4, 16, 6], "texture": "#0"},
				"south": {"uv": [15, 4, 16, 6], "texture": "#0"},
				"west": {"uv": [15, 4, 16, 6], "texture": "#0"},
				"down": {"uv": [15, 15, 16, 16], "texture": "#0"}
			}
		},
		{
			"from": [1, 2, 6.5],
			"to": [5, 3, 10.5],
			"rotation": {"angle": 0, "axis": "y", "origin": [3, 0, 8.5]},
			"faces": {
				"north": {"uv": [8, 3, 12, 4], "texture": "#0"},
				"east": {"uv": [8, 3, 12, 4], "texture": "#0"},
				"south": {"uv": [8, 3, 12, 4], "texture": "#0"},
				"west": {"uv": [8, 3, 12, 4], "texture": "#0"},
				"up": {"uv": [8, 0, 12, 4], "texture": "#0"},
				"down": {"uv": [8, 0, 12, 4], "texture": "#0"}
			}
		}
	],
	"groups": [
		{
			"name": "group",
			"origin": [7, 0, 7],
			"children": [0, 1, 2]
		},
		{
			"name": "group",
			"origin": [9, 0, 10],
			"children": [3, 4, 5]
		},
		{
			"name": "group",
			"origin": [9, 0, 10],
			"children": [6, 7, 8]
		},
		{
			"name": "group",
			"origin": [7, 0, 7],
			"children": [9, 10, 11]
		},
		{
			"name": "group",
			"origin": [9, 0, 10],
			"children": [12, 13, 14]
		},
		{
			"name": "group",
			"origin": [9, 0, 10],
			"children": [15, 16]
		},
		{
			"name": "group",
			"origin": [9, 0, 10],
			"children": [17, 18]
		}
	]
}