{
	"credit": "Made by XeKr with Blockbench",
	"parent": "block/cross",
	"textures": {
		"0": "block/horn_coral_3d",
		"particle": "block/horn_coral_3d"
	},
	"elements": [
		{
			"from": [2, 0, 8.5],
			"to": [8, 0.625, 14.5],
			"rotation": {"angle": -22.5, "axis": "y", "origin": [5, 0, 11.5]},
			"faces": {
				"north": {"uv": [7, 9, 13, 10], "texture": "#0"},
				"east": {"uv": [7, 9, 13, 10], "texture": "#0"},
				"south": {"uv": [7, 9, 13, 10], "texture": "#0"},
				"west": {"uv": [7, 9, 13, 10], "texture": "#0"},
				"up": {"uv": [7, 9, 13, 15], "texture": "#0"},
				"down": {"uv": [7, 9, 13, 15], "texture": "#0"}
			}
		},
		{
			"from": [12.375, 0, 0.625],
			"to": [15.375, 1.125, 3.625],
			"rotation": {"angle": -22.5, "axis": "y", "origin": [13.875, 0, 2.125]},
			"faces": {
				"north": {"uv": [13, 0, 16, 1], "texture": "#0"},
				"east": {"uv": [13, 0, 16, 1], "texture": "#0"},
				"south": {"uv": [13, 0, 16, 1], "texture": "#0"},
				"west": {"uv": [13, 0, 16, 1], "texture": "#0"},
				"up": {"uv": [13, 0, 16, 3], "texture": "#0"},
				"down": {"uv": [13, 0, 16, 3], "texture": "#0"}
			}
		},
		{
			"from": [0.625, 0, 12.375],
			"to": [3.625, 1.125, 15.375],
			"rotation": {"angle": 22.5, "axis": "y", "origin": [2.125, 0, 13.875]},
			"faces": {
				"north": {"uv": [13, 0, 16, 1], "texture": "#0"},
				"east": {"uv": [13, 0, 16, 1], "texture": "#0"},
				"south": {"uv": [13, 0, 16, 1], "texture": "#0"},
				"west": {"uv": [13, 0, 16, 1], "texture": "#0"},
				"up": {"uv": [13, 0, 16, 3], "texture": "#0"},
				"down": {"uv": [13, 0, 16, 3], "texture": "#0"}
			}
		},
		{
			"from": [0.625, 2.5, 0.625],
			"to": [3.625, 3, 3.625],
			"rotation": {"angle": -22.5, "axis": "y", "origin": [2.125, 2.75, 2.125]},
			"faces": {
				"north": {"uv": [13, 0, 16, 1], "texture": "#0"},
				"east": {"uv": [13, 0, 16, 1], "texture": "#0"},
				"south": {"uv": [13, 0, 16, 1], "texture": "#0"},
				"west": {"uv": [13, 0, 16, 1], "texture": "#0"},
				"up": {"uv": [13, 0, 16, 3], "rotation": 270, "texture": "#0"},
				"down": {"uv": [13, 0, 16, 3], "rotation": 90, "texture": "#0"}
			}
		},
		{
			"from": [12.375, 2.5, 12.25],
			"to": [15.375, 3, 15.25],
			"rotation": {"angle": 45, "axis": "y", "origin": [13.875, 2.75, 13.75]},
			"faces": {
				"north": {"uv": [13, 0, 16, 1], "texture": "#0"},
				"east": {"uv": [13, 0, 16, 1], "texture": "#0"},
				"south": {"uv": [13, 0, 16, 1], "texture": "#0"},
				"west": {"uv": [13, 0, 16, 1], "texture": "#0"},
				"up": {"uv": [13, 0, 16, 3], "rotation": 270, "texture": "#0"},
				"down": {"uv": [13, 0, 16, 3], "rotation": 90, "texture": "#0"}
			}
		},
		{
			"from": [6.625, 1.5, 0.625],
			"to": [9.625, 2, 3.625],
			"rotation": {"angle": 22.5, "axis": "y", "origin": [8.125, 1.75, 2.125]},
			"faces": {
				"north": {"uv": [13, 0, 16, 1], "texture": "#0"},
				"east": {"uv": [13, 0, 16, 1], "texture": "#0"},
				"south": {"uv": [13, 0, 16, 1], "texture": "#0"},
				"west": {"uv": [13, 0, 16, 1], "texture": "#0"},
				"up": {"uv": [13, 0, 16, 3], "rotation": 270, "texture": "#0"},
				"down": {"uv": [13, 0, 16, 3], "rotation": 90, "texture": "#0"}
			}
		},
		{
			"from": [0.125, 1.5, 5.625],
			"to": [3.125, 2, 8.625],
			"rotation": {"angle": 0, "axis": "y", "origin": [1.625, 1.75, 7.125]},
			"faces": {
				"north": {"uv": [13, 0, 16, 1], "texture": "#0"},
				"east": {"uv": [13, 0, 16, 1], "texture": "#0"},
				"south": {"uv": [13, 0, 16, 1], "texture": "#0"},
				"west": {"uv": [13, 0, 16, 1], "texture": "#0"},
				"up": {"uv": [13, 0, 16, 3], "rotation": 180, "texture": "#0"},
				"down": {"uv": [13, 0, 16, 3], "rotation": 180, "texture": "#0"}
			}
		},
		{
			"from": [1.625, 0, 1.625],
			"to": [2.625, 2.5, 2.625],
			"rotation": {"angle": -22.5, "axis": "y", "origin": [2.125, 1.25, 2.125]},
			"faces": {
				"north": {"uv": [15, 5, 16, 8], "texture": "#0"},
				"east": {"uv": [15, 5, 16, 8], "texture": "#0"},
				"south": {"uv": [15, 5, 16, 8], "texture": "#0"},
				"west": {"uv": [15, 5, 16, 8], "texture": "#0"},
				"down": {"uv": [14, 5, 15, 6], "rotation": 90, "texture": "#0"}
			}
		},
		{
			"from": [13.375, 0, 13.25],
			"to": [14.375, 2.5, 14.25],
			"rotation": {"angle": 45, "axis": "y", "origin": [13.875, 1.25, 13.75]},
			"faces": {
				"north": {"uv": [15, 5, 16, 8], "texture": "#0"},
				"east": {"uv": [15, 5, 16, 8], "texture": "#0"},
				"south": {"uv": [15, 5, 16, 8], "texture": "#0"},
				"west": {"uv": [15, 5, 16, 8], "texture": "#0"},
				"down": {"uv": [14, 5, 15, 6], "rotation": 90, "texture": "#0"}
			}
		},
		{
			"from": [7.625, 0, 1.625],
			"to": [8.625, 1.5, 2.625],
			"rotation": {"angle": 22.5, "axis": "y", "origin": [8.125, 1.25, 2.125]},
			"faces": {
				"north": {"uv": [15, 5, 16, 7], "texture": "#0"},
				"east": {"uv": [15, 5, 16, 7], "texture": "#0"},
				"south": {"uv": [15, 5, 16, 7], "texture": "#0"},
				"west": {"uv": [15, 5, 16, 7], "texture": "#0"},
				"down": {"uv": [14, 5, 15, 6], "rotation": 90, "texture": "#0"}
			}
		},
		{
			"from": [1.125, 0, 6.625],
			"to": [2.125, 1.5, 7.625],
			"rotation": {"angle": 0, "axis": "y", "origin": [1.625, 1.25, 7.125]},
			"faces": {
				"north": {"uv": [15, 5, 16, 7], "texture": "#0"},
				"east": {"uv": [15, 5, 16, 7], "texture": "#0"},
				"south": {"uv": [15, 5, 16, 7], "texture": "#0"},
				"west": {"uv": [15, 5, 16, 7], "texture": "#0"},
				"down": {"uv": [14, 5, 15, 6], "rotation": 180, "texture": "#0"}
			}
		},
		{
			"from": [8.5, 0, 10],
			"to": [13.5, 1.125, 15],
			"rotation": {"angle": 22.5, "axis": "y", "origin": [11, 0, 12.5]},
			"faces": {
				"north": {"uv": [8, 4, 13, 5], "texture": "#0"},
				"east": {"uv": [8, 4, 13, 5], "texture": "#0"},
				"south": {"uv": [8, 4, 13, 5], "texture": "#0"},
				"west": {"uv": [8, 4, 13, 5], "texture": "#0"},
				"up": {"uv": [8, 4, 13, 9], "texture": "#0"},
				"down": {"uv": [8, 4, 13, 9], "texture": "#0"}
			}
		},
		{
			"from": [6.5, 0, 2],
			"to": [13.5, 0.625, 9],
			"rotation": {"angle": 45, "axis": "y", "origin": [10, 0, 5.5]},
			"faces": {
				"north": {"uv": [0, 8, 7, 9], "texture": "#0"},
				"east": {"uv": [0, 8, 7, 9], "texture": "#0"},
				"south": {"uv": [0, 8, 7, 9], "texture": "#0"},
				"west": {"uv": [0, 8, 7, 9], "texture": "#0"},
				"up": {"uv": [0, 8, 7, 15], "texture": "#0"},
				"down": {"uv": [0, 8, 7, 15], "texture": "#0"}
			}
		},
		{
			"from": [2.5, 0, 1],
			"to": [7.5, 1.2, 6],
			"rotation": {"angle": 22.5, "axis": "y", "origin": [5, 0, 3.5]},
			"faces": {
				"north": {"uv": [8, 4, 13, 5], "texture": "#0"},
				"east": {"uv": [8, 4, 13, 5], "texture": "#0"},
				"south": {"uv": [8, 4, 13, 5], "texture": "#0"},
				"west": {"uv": [8, 4, 13, 5], "texture": "#0"},
				"up": {"uv": [8, 4, 13, 9], "texture": "#0"},
				"down": {"uv": [8, 4, 13, 9], "texture": "#0"}
			}
		},
		{
			"from": [11.75, 0, 7.5],
			"to": [15.75, 1.2, 11.5],
			"rotation": {"angle": 0, "axis": "y", "origin": [13.75, 0, 9.5]},
			"faces": {
				"north": {"uv": [8, 3, 12, 4], "texture": "#0"},
				"east": {"uv": [8, 3, 12, 4], "texture": "#0"},
				"south": {"uv": [8, 3, 12, 4], "texture": "#0"},
				"west": {"uv": [8, 3, 12, 4], "texture": "#0"},
				"up": {"uv": [8, 0, 12, 4], "texture": "#0"},
				"down": {"uv": [8, 0, 12, 4], "texture": "#0"}
			}
		},
		{
			"from": [1, 0, 5.5],
			"to": [5, 1.125, 9.5],
			"rotation": {"angle": 0, "axis": "y", "origin": [3, 0, 7.5]},
			"faces": {
				"north": {"uv": [8, 3, 12, 4], "texture": "#0"},
				"east": {"uv": [8, 3, 12, 4], "texture": "#0"},
				"south": {"uv": [8, 3, 12, 4], "texture": "#0"},
				"west": {"uv": [8, 3, 12, 4], "texture": "#0"},
				"up": {"uv": [8, 0, 12, 4], "texture": "#0"},
				"down": {"uv": [8, 0, 12, 4], "texture": "#0"}
			}
		},
		{
			"from": [5, 0, 7],
			"to": [7, 0.25, 9],
			"rotation": {"angle": 22.5, "axis": "y", "origin": [6, 0.125, 8]},
			"faces": {
				"north": {"uv": [14, 5, 16, 6], "texture": "#0"},
				"east": {"uv": [14, 5, 16, 6], "texture": "#0"},
				"south": {"uv": [14, 5, 16, 6], "texture": "#0"},
				"west": {"uv": [14, 5, 16, 6], "texture": "#0"},
				"up": {"uv": [14, 5, 16, 7], "texture": "#0"},
				"down": {"uv": [14, 5, 16, 7], "texture": "#0"}
			}
		},
		{
			"from": [13, 0, 6],
			"to": [15, 0.25, 8],
			"rotation": {"angle": -22.5, "axis": "y", "origin": [14, 0.125, 7]},
			"faces": {
				"north": {"uv": [14, 5, 16, 6], "texture": "#0"},
				"east": {"uv": [14, 5, 16, 6], "texture": "#0"},
				"south": {"uv": [14, 5, 16, 6], "texture": "#0"},
				"west": {"uv": [14, 5, 16, 6], "texture": "#0"},
				"up": {"uv": [14, 5, 16, 7], "texture": "#0"},
				"down": {"uv": [14, 5, 16, 7], "texture": "#0"}
			}
		},
		{
			"from": [13, 0, 13],
			"to": [15, 0.25, 15],
			"rotation": {"angle": 22.5, "axis": "y", "origin": [14, 0.125, 14]},
			"faces": {
				"north": {"uv": [14, 5, 16, 6], "texture": "#0"},
				"east": {"uv": [14, 5, 16, 6], "texture": "#0"},
				"south": {"uv": [14, 5, 16, 6], "texture": "#0"},
				"west": {"uv": [14, 5, 16, 6], "texture": "#0"},
				"up": {"uv": [14, 5, 16, 7], "texture": "#0"},
				"down": {"uv": [14, 5, 16, 7], "texture": "#0"}
			}
		},
		{
			"from": [1, 0, 10],
			"to": [3, 0.25, 12],
			"rotation": {"angle": -22.5, "axis": "y", "origin": [2, 0.125, 11]},
			"faces": {
				"north": {"uv": [14, 5, 16, 6], "texture": "#0"},
				"east": {"uv": [14, 5, 16, 6], "texture": "#0"},
				"south": {"uv": [14, 5, 16, 6], "texture": "#0"},
				"west": {"uv": [14, 5, 16, 6], "texture": "#0"},
				"up": {"uv": [14, 5, 16, 7], "texture": "#0"},
				"down": {"uv": [14, 5, 16, 7], "texture": "#0"}
			}
		},
		{
			"from": [1.5, 0, 3],
			"to": [3.5, 0.25, 5],
			"rotation": {"angle": 45, "axis": "y", "origin": [2.5, 0.125, 4]},
			"faces": {
				"north": {"uv": [14, 5, 16, 6], "texture": "#0"},
				"east": {"uv": [14, 5, 16, 6], "texture": "#0"},
				"south": {"uv": [14, 5, 16, 6], "texture": "#0"},
				"west": {"uv": [14, 5, 16, 6], "texture": "#0"},
				"up": {"uv": [14, 5, 16, 7], "texture": "#0"},
				"down": {"uv": [14, 5, 16, 7], "texture": "#0"}
			}
		},
		{
			"from": [7.5, 0, 13],
			"to": [9.5, 0.25, 15],
			"rotation": {"angle": 45, "axis": "y", "origin": [8.5, 0.125, 14]},
			"faces": {
				"north": {"uv": [14, 5, 16, 6], "texture": "#0"},
				"east": {"uv": [14, 5, 16, 6], "texture": "#0"},
				"south": {"uv": [14, 5, 16, 6], "texture": "#0"},
				"west": {"uv": [14, 5, 16, 6], "texture": "#0"},
				"up": {"uv": [14, 5, 16, 7], "texture": "#0"},
				"down": {"uv": [14, 5, 16, 7], "texture": "#0"}
			}
		},
		{
			"from": [8, 0, 1],
			"to": [10, 0.25, 3],
			"rotation": {"angle": 22.5, "axis": "y", "origin": [9, 0.125, 2]},
			"faces": {
				"north": {"uv": [14, 5, 16, 6], "texture": "#0"},
				"east": {"uv": [14, 5, 16, 6], "texture": "#0"},
				"south": {"uv": [14, 5, 16, 6], "texture": "#0"},
				"west": {"uv": [14, 5, 16, 6], "texture": "#0"},
				"up": {"uv": [14, 5, 16, 7], "texture": "#0"},
				"down": {"uv": [14, 5, 16, 7], "texture": "#0"}
			}
		}
	]
}