{
	"credit": "Made by XeKr with Blockbench",
	"parent": "block/block",
	"textures": {
		"particle": "block/jungle_planks",
		"texture": "block/jungle_planks",
		"in": "block/jungle_log_top"
	},
	"elements": [
		{
			"name": "Box9",
			"from": [0, 1, 7],
			"to": [2, 12, 9],
			"rotation": {"angle": 0, "axis": "y", "origin": [8, 5, 8]},
			"faces": {
				"north": {"uv": [0, 2, 2, 13], "texture": "#texture"},
				"east": {"uv": [0, 2, 2, 13], "texture": "#texture"},
				"south": {"uv": [0, 2, 2, 13], "texture": "#texture"},
				"west": {"uv": [0, 2, 2, 13], "texture": "#texture"}
			}
		},
		{
			"name": "Box9",
			"from": [14, 1, 7],
			"to": [16, 12, 9],
			"rotation": {"angle": 0, "axis": "y", "origin": [8, 5, 8]},
			"faces": {
				"north": {"uv": [0, 2, 2, 13], "texture": "#texture"},
				"east": {"uv": [0, 2, 2, 13], "texture": "#texture"},
				"south": {"uv": [0, 2, 2, 13], "texture": "#texture"},
				"west": {"uv": [0, 2, 2, 13], "texture": "#texture"}
			}
		},
		{
			"name": "Box11",
			"from": [8, 2, 7],
			"to": [14, 5, 9],
			"rotation": {"angle": 0, "axis": "y", "origin": [8, 5, 8]},
			"faces": {
				"north": {"uv": [2, 13, 8, 16], "texture": "#texture"},
				"east": {"uv": [7, 8, 9, 11], "texture": "#texture"},
				"south": {"uv": [8, 13, 14, 16], "texture": "#texture"},
				"west": {"uv": [7, 8, 9, 11], "texture": "#texture"},
				"up": {"uv": [6, 5, 12, 7], "texture": "#texture"},
				"down": {"uv": [6, 5, 12, 7], "texture": "#texture"}
			}
		},
		{
			"name": "Box16",
			"from": [7, 5, 7],
			"to": [8, 8, 9],
			"rotation": {"angle": 0, "axis": "y", "origin": [8, 5, 8]},
			"faces": {
				"north": {"uv": [15, 5, 16, 8], "texture": "#texture"},
				"east": {"uv": [9, 0, 11, 3], "texture": "#texture"},
				"south": {"uv": [14, 9, 15, 12], "texture": "#texture"},
				"west": {"uv": [12, 0, 14, 3], "texture": "#texture"},
				"up": {"uv": [7, 7, 8, 9], "texture": "#texture"},
				"down": {"uv": [7, 7, 8, 9], "texture": "#texture"}
			}
		},
		{
			"name": "Box16",
			"from": [-0.5, 0, 6.5],
			"to": [2.5, 1, 9.5],
			"rotation": {"angle": 0, "axis": "y", "origin": [8, 6, 8]},
			"faces": {
				"north": {"uv": [13, 15, 16, 16], "texture": "#texture"},
				"east": {"uv": [13, 15, 16, 16], "texture": "#texture"},
				"south": {"uv": [0, 15, 3, 16], "texture": "#texture"},
				"west": {"uv": [0, 15, 3, 16], "texture": "#texture"},
				"up": {"uv": [6.5, 6.5, 9.5, 9.5], "texture": "#in"},
				"down": {"uv": [6.5, 6.5, 9.5, 9.5], "texture": "#in"}
			}
		},
		{
			"name": "Box16",
			"from": [-0.5, 11.9688, 6.5],
			"to": [2.5, 12.9688, 9.5],
			"rotation": {"angle": 0, "axis": "y", "origin": [8, 5, 8]},
			"faces": {
				"north": {"uv": [13, 15, 16, 16], "texture": "#texture"},
				"east": {"uv": [13, 15, 16, 16], "texture": "#texture"},
				"south": {"uv": [0, 15, 3, 16], "texture": "#texture"},
				"west": {"uv": [0, 15, 3, 16], "texture": "#texture"},
				"up": {"uv": [6.5, 6.5, 9.5, 9.5], "texture": "#in"},
				"down": {"uv": [6.5, 6.5, 9.5, 9.5], "texture": "#in"}
			}
		},
		{
			"name": "Box16",
			"from": [13.5, 11.9688, 6.5],
			"to": [16.5, 12.9688, 9.5],
			"rotation": {"angle": 0, "axis": "y", "origin": [8, 5, 8]},
			"faces": {
				"north": {"uv": [13, 15, 16, 16], "texture": "#texture"},
				"east": {"uv": [13, 15, 16, 16], "texture": "#texture"},
				"south": {"uv": [0, 15, 3, 16], "texture": "#texture"},
				"west": {"uv": [0, 15, 3, 16], "texture": "#texture"},
				"up": {"uv": [6.5, 6.5, 9.5, 9.5], "texture": "#in"},
				"down": {"uv": [6.5, 6.5, 9.5, 9.5], "texture": "#in"}
			}
		},
		{
			"name": "Box16",
			"from": [13.5, 0, 6.5],
			"to": [16.5, 1, 9.5],
			"rotation": {"angle": 0, "axis": "y", "origin": [8, 6, 8]},
			"faces": {
				"north": {"uv": [13, 15, 16, 16], "texture": "#texture"},
				"east": {"uv": [13, 15, 16, 16], "texture": "#texture"},
				"south": {"uv": [0, 15, 3, 16], "texture": "#texture"},
				"west": {"uv": [0, 15, 3, 16], "texture": "#texture"},
				"up": {"uv": [6.5, 6.5, 9.5, 9.5], "texture": "#in"},
				"down": {"uv": [6.5, 6.5, 9.5, 9.5], "texture": "#in"}
			}
		},
		{
			"name": "Box10",
			"from": [1, 6.5, 7.5],
			"to": [8, 7.5, 8.5],
			"rotation": {"angle": -45, "axis": "z", "origin": [4, 6.5, 7.5]},
			"faces": {
				"north": {"uv": [0, 0, 1, 7], "rotation": 90, "texture": "#texture"},
				"east": {"uv": [0, 3, 1, 4], "texture": "#texture"},
				"south": {"uv": [0, 0, 1, 7], "rotation": 90, "texture": "#texture"},
				"west": {"uv": [0, 3, 1, 4], "texture": "#texture"},
				"up": {"uv": [0, 0, 1, 7], "rotation": 90, "texture": "#texture"},
				"down": {"uv": [0, 0, 1, 7], "rotation": 90, "texture": "#texture"}
			}
		},
		{
			"name": "Box11",
			"from": [11, 3.5, 7.5],
			"to": [12, 10.5, 8.5],
			"rotation": {"angle": 45, "axis": "z", "origin": [12, 6.5, 7.5]},
			"faces": {
				"north": {"uv": [0, 0, 1, 7], "rotation": 180, "texture": "#texture"},
				"east": {"uv": [0, 0, 1, 7], "texture": "#texture"},
				"south": {"uv": [0, 0, 1, 7], "texture": "#texture"},
				"west": {"uv": [0, 0, 1, 7], "texture": "#texture"},
				"up": {"uv": [0, 3, 1, 4], "rotation": 270, "texture": "#texture"},
				"down": {"uv": [0, 3, 1, 4], "rotation": 270, "texture": "#texture"}
			}
		},
		{
			"name": "Box10",
			"from": [4, 3.5, 7.5],
			"to": [5, 10.5, 8.5],
			"rotation": {"angle": -45, "axis": "z", "origin": [4, 6.5, 7.5]},
			"faces": {
				"north": {"uv": [0, 0, 1, 7], "texture": "#texture"},
				"east": {"uv": [0, 0, 1, 7], "texture": "#texture"},
				"south": {"uv": [0, 0, 1, 7], "texture": "#texture"},
				"west": {"uv": [0, 0, 1, 7], "texture": "#texture"},
				"up": {"uv": [0, 3, 1, 4], "texture": "#texture"},
				"down": {"uv": [0, 3, 1, 4], "texture": "#texture"}
			}
		},
		{
			"name": "Box11",
			"from": [8, 6.5, 7.5],
			"to": [15, 7.5, 8.5],
			"rotation": {"angle": 45, "axis": "z", "origin": [12, 6.5, 7.5]},
			"faces": {
				"north": {"uv": [0, 0, 1, 7], "rotation": 90, "texture": "#texture"},
				"east": {"uv": [0, 3, 1, 4], "rotation": 270, "texture": "#texture"},
				"south": {"uv": [0, 0, 1, 7], "rotation": 270, "texture": "#texture"},
				"west": {"uv": [0, 3, 1, 4], "rotation": 270, "texture": "#texture"},
				"up": {"uv": [0, 0, 1, 7], "rotation": 270, "texture": "#texture"},
				"down": {"uv": [0, 0, 1, 7], "rotation": 270, "texture": "#texture"}
			}
		},
		{
			"name": "Box16",
			"from": [8, 5, 7],
			"to": [9, 8, 9],
			"rotation": {"angle": 0, "axis": "y", "origin": [8, 5, 8]},
			"faces": {
				"north": {"uv": [15, 9, 16, 12], "texture": "#texture"},
				"east": {"uv": [9, 0, 11, 3], "texture": "#texture"},
				"south": {"uv": [15, 9, 16, 12], "texture": "#texture"},
				"west": {"uv": [12, 0, 14, 3], "texture": "#texture"},
				"up": {"uv": [7, 7, 8, 9], "texture": "#texture"},
				"down": {"uv": [7, 7, 8, 9], "texture": "#texture"}
			}
		},
		{
			"name": "Box11",
			"from": [2, 2, 7],
			"to": [8, 5, 9],
			"rotation": {"angle": 0, "axis": "y", "origin": [8, 5, 8]},
			"faces": {
				"north": {"uv": [5, 1, 11, 4], "texture": "#texture"},
				"east": {"uv": [7, 8, 9, 11], "texture": "#texture"},
				"south": {"uv": [3, 1, 9, 4], "texture": "#texture"},
				"west": {"uv": [7, 8, 9, 11], "texture": "#texture"},
				"up": {"uv": [6, 5, 12, 7], "texture": "#texture"},
				"down": {"uv": [6, 5, 12, 7], "texture": "#texture"}
			}
		},
		{
			"name": "Box11",
			"from": [2, 8, 7],
			"to": [8, 11, 9],
			"rotation": {"angle": 0, "axis": "y", "origin": [8, 5, 8]},
			"faces": {
				"north": {"uv": [8, 13, 14, 16], "texture": "#texture"},
				"east": {"uv": [7, 8, 9, 11], "texture": "#texture"},
				"south": {"uv": [3, 13, 9, 16], "texture": "#texture"},
				"west": {"uv": [7, 8, 9, 11], "texture": "#texture"},
				"up": {"uv": [6, 5, 12, 7], "texture": "#texture"},
				"down": {"uv": [6, 5, 12, 7], "texture": "#texture"}
			}
		},
		{
			"name": "Box11",
			"from": [8, 8, 7],
			"to": [14, 11, 9],
			"rotation": {"angle": 0, "axis": "y", "origin": [8, 5, 8]},
			"faces": {
				"north": {"uv": [2, 1, 8, 4], "texture": "#texture"},
				"east": {"uv": [7, 8, 9, 11], "texture": "#texture"},
				"south": {"uv": [7, 1, 13, 4], "texture": "#texture"},
				"west": {"uv": [7, 8, 9, 11], "texture": "#texture"},
				"up": {"uv": [7, 9, 13, 11], "texture": "#texture"},
				"down": {"uv": [6, 5, 12, 7], "texture": "#texture"}
			}
		}
	],
	"display": {
		"gui": {
			"rotation": [30, 45, 0],
			"translation": [0, -1, 0],
			"scale": [0.8, 0.8, 0.8]
		},
		"head": {
			"translation": [0, -3, -6]
		}
	}
}