{
	"credit": "Made by XeKr with Blockbench",
	"parent": "block/block",
	"textures": {
		"particle": "block/lantern_3d",
		"all": "block/lantern_3d",
		"torch": "block/torch_3d"
	},
	"elements": [
		{
			"name": "Box16",
			"from": [4, 1, 4],
			"to": [12, 2, 12],
			"faces": {
				"north": {"uv": [0, 8, 8, 9], "texture": "#all"},
				"east": {"uv": [0, 8, 8, 9], "texture": "#all"},
				"south": {"uv": [0, 8, 8, 9], "texture": "#all"},
				"west": {"uv": [0, 8, 8, 9], "texture": "#all"},
				"up": {"uv": [8, 8, 16, 16], "texture": "#all"},
				"down": {"uv": [8, 8, 16, 16], "texture": "#all"}
			}
		},
		{
			"name": "Box17",
			"from": [5, 2, 5],
			"to": [6, 7, 6],
			"faces": {
				"north": {"uv": [1, 3, 2, 8], "texture": "#all"},
				"east": {"uv": [1, 3, 2, 8], "texture": "#all"},
				"south": {"uv": [1, 3, 2, 8], "texture": "#all"},
				"west": {"uv": [1, 3, 2, 8], "texture": "#all"}
			}
		},
		{
			"name": "Box17",
			"from": [10, 2, 5],
			"to": [11, 7, 6],
			"faces": {
				"north": {"uv": [1, 3, 2, 8], "texture": "#all"},
				"east": {"uv": [1, 3, 2, 8], "texture": "#all"},
				"south": {"uv": [1, 3, 2, 8], "texture": "#all"},
				"west": {"uv": [1, 3, 2, 8], "texture": "#all"}
			}
		},
		{
			"name": "Box17",
			"from": [10, 2, 10],
			"to": [11, 7, 11],
			"faces": {
				"north": {"uv": [1, 3, 2, 8], "texture": "#all"},
				"east": {"uv": [1, 3, 2, 8], "texture": "#all"},
				"south": {"uv": [1, 3, 2, 8], "texture": "#all"},
				"west": {"uv": [1, 3, 2, 8], "texture": "#all"}
			}
		},
		{
			"name": "Box17",
			"from": [5, 2, 10],
			"to": [6, 7, 11],
			"faces": {
				"north": {"uv": [1, 3, 2, 8], "texture": "#all"},
				"east": {"uv": [1, 3, 2, 8], "texture": "#all"},
				"south": {"uv": [1, 3, 2, 8], "texture": "#all"},
				"west": {"uv": [1, 3, 2, 8], "texture": "#all"}
			}
		},
		{
			"name": "Box16",
			"from": [4, 7, 4],
			"to": [12, 8, 12],
			"faces": {
				"north": {"uv": [0, 8, 8, 9], "texture": "#all"},
				"east": {"uv": [0, 8, 8, 9], "texture": "#all"},
				"south": {"uv": [0, 8, 8, 9], "texture": "#all"},
				"west": {"uv": [0, 8, 8, 9], "texture": "#all"},
				"up": {"uv": [8, 8, 16, 16], "texture": "#all"},
				"down": {"uv": [8, 8, 16, 16], "texture": "#all"}
			}
		},
		{
			"name": "Box22",
			"from": [5, 8, 5],
			"to": [11, 9, 11],
			"faces": {
				"north": {"uv": [1, 1, 7, 2], "texture": "#all"},
				"east": {"uv": [1, 1, 7, 2], "texture": "#all"},
				"south": {"uv": [1, 1, 7, 2], "texture": "#all"},
				"west": {"uv": [1, 1, 7, 2], "texture": "#all"},
				"up": {"uv": [1, 9, 7, 15], "texture": "#all"}
			}
		},
		{
			"name": "Box23",
			"from": [6, 9, 6],
			"to": [10, 10, 10],
			"faces": {
				"north": {"uv": [2, 0, 6, 1], "texture": "#all"},
				"east": {"uv": [2, 0, 6, 1], "texture": "#all"},
				"south": {"uv": [2, 0, 6, 1], "texture": "#all"},
				"west": {"uv": [2, 0, 6, 1], "texture": "#all"},
				"up": {"uv": [2, 10, 6, 14], "texture": "#all"}
			}
		},
		{
			"name": "PlaneX24",
			"from": [8, 10, 6.5],
			"to": [8.001, 12, 9.5],
			"rotation": {"angle": 45, "axis": "y", "origin": [8, 15, 8]},
			"faces": {
				"east": {"uv": [11, 6, 14, 8], "texture": "#all"},
				"west": {"uv": [11, 6, 14, 8], "texture": "#all"}
			}
		},
		{
			"name": "PlaneX13",
			"from": [8, 2, 6],
			"to": [8.001, 6, 10],
			"rotation": {"angle": -45, "axis": "y", "origin": [8, 2, 8]},
			"faces": {
				"east": {"uv": [6, 5, 10, 9], "texture": "#torch"},
				"west": {"uv": [6, 5, 10, 9], "texture": "#torch"}
			}
		},
		{
			"name": "PlaneX13",
			"from": [8, 2, 6],
			"to": [8.001, 6, 10],
			"rotation": {"angle": 45, "axis": "y", "origin": [8, 2, 8]},
			"faces": {
				"east": {"uv": [6, 5, 10, 9], "texture": "#torch"},
				"west": {"uv": [6, 5, 10, 9], "texture": "#torch"}
			}
		},
		{
			"name": "Box14",
			"from": [6, 2, 5],
			"to": [10, 7, 11],
			"faces": {
				"north": {"uv": [2, 3, 6, 8], "texture": "#all"},
				"south": {"uv": [2, 3, 6, 8], "texture": "#all"}
			}
		},
		{
			"name": "Box14",
			"from": [5, 2, 6],
			"to": [11, 7, 10],
			"faces": {
				"east": {"uv": [2, 3, 6, 8], "texture": "#all"},
				"west": {"uv": [2, 3, 6, 8], "texture": "#all"}
			}
		},
		{
			"name": "PlaneX24",
			"from": [8, 14, 6.5],
			"to": [8.001, 16, 9.5],
			"rotation": {"angle": 45, "axis": "y", "origin": [8, 15, 8]},
			"faces": {
				"east": {"uv": [11, 4, 14, 6], "texture": "#all"},
				"west": {"uv": [11, 4, 14, 6], "texture": "#all"}
			}
		},
		{
			"name": "PlaneX24",
			"from": [6.54289, 11, 7.95611],
			"to": [9.54289, 15, 7.95711],
			"rotation": {"angle": 45, "axis": "y", "origin": [8, 15, 8]},
			"faces": {
				"north": {"uv": [11, 0, 14, 4], "texture": "#all"},
				"south": {"uv": [11, 0, 14, 4], "texture": "#all"}
			}
		}
	]
}