{
	"credit": "Made by XeKr with Blockbench",
	"parent": "block/block",
	"textures": {
		"0": "block/leaves1",
		"1": "block/leaves_3d1",
		"2": "block/leaves_3d2",
		"3": "block/leaves_3d3",
		"particle": "block/leaves1"
	},
	"elements": [
		{
			"name": "inner",
			"from": [0, 0, 0],
			"to": [16, 16, 16],
			"faces": {
				"north": {"uv": [0, 0, 16, 16], "texture": "#0", "cullface": "north", "tintindex": 0},
				"east": {"uv": [0, 0, 16, 16], "texture": "#0", "cullface": "east", "tintindex": 0},
				"south": {"uv": [0, 0, 16, 16], "texture": "#0", "cullface": "south", "tintindex": 0},
				"west": {"uv": [0, 0, 16, 16], "texture": "#0", "cullface": "west", "tintindex": 0},
				"up": {"uv": [0, 0, 16, 16], "texture": "#0", "cullface": "up", "tintindex": 0},
				"down": {"uv": [0, 0, 16, 16], "texture": "#0", "cullface": "down", "tintindex": 0}
			}
		},
		{
			"from": [-8, -8, 8],
			"to": [24, 24, 8],
			"rotation": {"angle": -22.5, "axis": "y", "origin": [8, 8, 8]},
			"faces": {
				"north": {"uv": [0, 0, 16, 16], "texture": "#1", "tintindex": 0},
				"south": {"uv": [0, 0, 16, 16], "texture": "#1", "tintindex": 0}
			}
		},
		{
			"from": [8, -8, -8],
			"to": [8, 24, 24],
			"rotation": {"angle": -22.5, "axis": "y", "origin": [8, 8, 8]},
			"faces": {
				"east": {"uv": [0, 0, 16, 16], "texture": "#1", "tintindex": 0},
				"west": {"uv": [0, 0, 16, 16], "texture": "#1", "tintindex": 0}
			}
		},
		{
			"from": [8, -8, -8],
			"to": [8, 24, 24],
			"rotation": {"angle": 22.5, "axis": "y", "origin": [8, 8, 8]},
			"faces": {
				"east": {"uv": [0, 0, 16, 16], "texture": "#2", "tintindex": 0},
				"west": {"uv": [0, 0, 16, 16], "texture": "#2", "tintindex": 0}
			}
		},
		{
			"from": [-8, -8, 8],
			"to": [24, 24, 8],
			"rotation": {"angle": 22.5, "axis": "y", "origin": [8, 8, 8]},
			"faces": {
				"north": {"uv": [0, 0, 16, 16], "texture": "#2", "tintindex": 0},
				"south": {"uv": [0, 0, 16, 16], "texture": "#2", "tintindex": 0}
			}
		},
		{
			"from": [4, 6, -6],
			"to": [20, 6, 2],
			"rotation": {"angle": -22.5, "axis": "x", "origin": [12, 6, 2]},
			"faces": {
				"up": {"uv": [0, 16, 16, 8], "texture": "#3", "cullface": "north", "tintindex": 0},
				"down": {"uv": [0, 8, 16, 16], "texture": "#3", "cullface": "north", "tintindex": 0}
			}
		},
		{
			"from": [14, 6, 4],
			"to": [22, 6, 20],
			"rotation": {"angle": -22.5, "axis": "z", "origin": [14, 6, 12]},
			"faces": {
				"up": {"uv": [0, 16, 16, 8], "rotation": 90, "texture": "#3", "cullface": "east", "tintindex": 0},
				"down": {"uv": [0, 8, 16, 16], "rotation": 270, "texture": "#3", "cullface": "east", "tintindex": 0}
			}
		},
		{
			"from": [-4, 6, 14],
			"to": [12, 6, 22],
			"rotation": {"angle": 22.5, "axis": "x", "origin": [4, 6, 14]},
			"faces": {
				"up": {"uv": [0, 16, 16, 8], "rotation": 180, "texture": "#3", "cullface": "south", "tintindex": 0},
				"down": {"uv": [0, 8, 16, 16], "rotation": 180, "texture": "#3", "cullface": "south", "tintindex": 0}
			}
		},
		{
			"from": [-6, 6, -4],
			"to": [2, 6, 12],
			"rotation": {"angle": 22.5, "axis": "z", "origin": [2, 6, 4]},
			"faces": {
				"up": {"uv": [0, 16, 16, 8], "rotation": 270, "texture": "#3", "cullface": "west", "tintindex": 0},
				"down": {"uv": [0, 8, 16, 16], "rotation": 90, "texture": "#3", "cullface": "west", "tintindex": 0}
			}
		},
		{
			"from": [14, 14, -4],
			"to": [22, 14, 12],
			"rotation": {"angle": -22.5, "axis": "z", "origin": [14, 14, 4]},
			"faces": {
				"up": {"uv": [0, 0, 16, 8], "rotation": 270, "texture": "#3", "cullface": "east", "tintindex": 0},
				"down": {"uv": [0, 8, 16, 0], "rotation": 90, "texture": "#3", "cullface": "east", "tintindex": 0}
			}
		},
		{
			"from": [-4, 14, -6],
			"to": [12, 14, 2],
			"rotation": {"angle": -22.5, "axis": "x", "origin": [4, 14, 2]},
			"faces": {
				"up": {"uv": [16, 8, 0, 0], "texture": "#3", "cullface": "north", "tintindex": 0},
				"down": {"uv": [16, 0, 0, 8], "texture": "#3", "cullface": "north", "tintindex": 0}
			}
		},
		{
			"from": [-6, 14, 4],
			"to": [2, 14, 20],
			"rotation": {"angle": 22.5, "axis": "z", "origin": [2, 14, 12]},
			"faces": {
				"up": {"uv": [0, 0, 16, 8], "rotation": 90, "texture": "#3", "cullface": "west", "tintindex": 0},
				"down": {"uv": [0, 8, 16, 0], "rotation": 270, "texture": "#3", "cullface": "west", "tintindex": 0}
			}
		},
		{
			"from": [4, 14, 14],
			"to": [20, 14, 22],
			"rotation": {"angle": 22.5, "axis": "x", "origin": [12, 14, 14]},
			"faces": {
				"up": {"uv": [16, 8, 0, 0], "rotation": 180, "texture": "#3", "cullface": "south", "tintindex": 0},
				"down": {"uv": [16, 0, 0, 8], "rotation": 180, "texture": "#3", "cullface": "south", "tintindex": 0}
			}
		}
	]
}