{
	"credit": "Made by XeKr with Blockbench",
	"parent": "block/block",
	"textures": {
		"texture": "block/oak_planks"
	},
	"elements": [
		{
			"name": "top bar",
			"from": [7, 11, 0],
			"to": [9, 13.95, 9],
			"faces": {
				"north": {"uv": [7, 1, 9, 4], "texture": "#texture", "cullface": "north"},
				"east": {"uv": [4, 1, 13, 4], "texture": "#texture"},
				"west": {"uv": [4, 1, 13, 4], "texture": "#texture"},
				"up": {"uv": [6, 13, 15, 15], "rotation": 90, "texture": "#texture"},
				"down": {"uv": [6, 13, 15, 15], "rotation": 90, "texture": "#texture"}
			}
		},
		{
			"name": "lower bar",
			"from": [7, 5, 0],
			"to": [9, 8, 9],
			"faces": {
				"north": {"uv": [7, 0, 9, 3], "texture": "#texture", "cullface": "north"},
				"east": {"uv": [4, 13, 13, 16], "texture": "#texture"},
				"west": {"uv": [3, 13, 12, 16], "texture": "#texture"},
				"up": {"uv": [6, 13, 15, 15], "rotation": 90, "texture": "#texture"},
				"down": {"uv": [6, 13, 15, 15], "rotation": 90, "texture": "#texture"}
			}
		}
	]
}