{
	"credit": "Made by XeKr with Blockbench",
	"parent": "minecraft:block/cross",
	"textures": {
		"0": "block/orange_tulip_3d",
		"particle": "block/orange_tulip_3d"
	},
	"elements": [
		{
			"from": [4.7, 7.5, 4.3],
			"to": [4.7, 10.5, 7.3],
			"shade": false,
			"rotation": {"angle": 0, "axis": "x", "origin": [6, 9.5, 6]},
			"faces": {
				"east": {"uv": [1, 4, 4, 7], "texture": "#0"},
				"west": {"uv": [1, 4, 4, 7], "texture": "#0"}
			}
		},
		{
			"from": [4.3, 7.5, 7.3],
			"to": [7.3, 10.5, 7.3],
			"shade": false,
			"rotation": {"angle": 0, "axis": "x", "origin": [6, 9.5, 6]},
			"faces": {
				"north": {"uv": [1, 4, 4, 7], "texture": "#0"},
				"south": {"uv": [1, 4, 4, 7], "texture": "#0"}
			}
		},
		{
			"from": [4.7, 6.1, 6],
			"to": [7.7, 8.1, 6],
			"shade": false,
			"rotation": {"angle": -45, "axis": "x", "origin": [6, 6.2, 6]},
			"faces": {
				"north": {"uv": [1, 7, 4, 9], "texture": "#0"},
				"south": {"uv": [1, 7, 4, 9], "texture": "#0"}
			}
		},
		{
			"from": [6, 6.1, 4.3],
			"to": [6, 8.1, 7.3],
			"shade": false,
			"rotation": {"angle": 45, "axis": "z", "origin": [6, 6.2, 6]},
			"faces": {
				"east": {"uv": [1, 7, 4, 9], "texture": "#0"},
				"west": {"uv": [1, 7, 4, 9], "texture": "#0"}
			}
		},
		{
			"from": [4.3, 6.1, 6],
			"to": [7.3, 8.1, 6],
			"shade": false,
			"rotation": {"angle": 45, "axis": "x", "origin": [6, 6.2, 6]},
			"faces": {
				"north": {"uv": [1, 7, 4, 9], "texture": "#0"},
				"south": {"uv": [1, 7, 4, 9], "texture": "#0"}
			}
		},
		{
			"from": [6, 6.1, 4.7],
			"to": [6, 8.1, 7.7],
			"shade": false,
			"rotation": {"angle": -45, "axis": "z", "origin": [6, 6.2, 6]},
			"faces": {
				"east": {"uv": [1, 7, 4, 9], "texture": "#0"},
				"west": {"uv": [1, 7, 4, 9], "texture": "#0"}
			}
		},
		{
			"from": [6.2, 7.5, 4.7],
			"to": [7.2, 9.5, 4.7],
			"shade": false,
			"rotation": {"angle": 22.5, "axis": "y", "origin": [6, 9.5, 6]},
			"faces": {
				"north": {"uv": [2, 5, 3, 7], "texture": "#0"},
				"south": {"uv": [2, 5, 3, 7], "texture": "#0"}
			}
		},
		{
			"from": [4.7, 7.5, 4.8],
			"to": [4.7, 9.5, 5.8],
			"shade": false,
			"rotation": {"angle": 22.5, "axis": "y", "origin": [6, 9.5, 6]},
			"faces": {
				"east": {"uv": [2, 5, 3, 7], "texture": "#0"},
				"west": {"uv": [2, 5, 3, 7], "texture": "#0"}
			}
		},
		{
			"from": [4.8, 7.5, 7.3],
			"to": [5.8, 9.5, 7.3],
			"shade": false,
			"rotation": {"angle": 22.5, "axis": "y", "origin": [6, 9.5, 6]},
			"faces": {
				"north": {"uv": [2, 5, 3, 7], "texture": "#0"},
				"south": {"uv": [2, 5, 3, 7], "texture": "#0"}
			}
		},
		{
			"from": [7.3, 7.5, 6.2],
			"to": [7.3, 9.5, 7.2],
			"shade": false,
			"rotation": {"angle": 22.5, "axis": "y", "origin": [6, 9.5, 6]},
			"faces": {
				"east": {"uv": [2, 5, 3, 7], "texture": "#0"},
				"west": {"uv": [2, 5, 3, 7], "texture": "#0"}
			}
		},
		{
			"from": [7.3, 7.5, 4.7],
			"to": [7.3, 10.5, 7.7],
			"shade": false,
			"rotation": {"angle": 0, "axis": "x", "origin": [6, 9.5, 6]},
			"faces": {
				"east": {"uv": [1, 4, 4, 7], "texture": "#0"},
				"west": {"uv": [1, 4, 4, 7], "texture": "#0"}
			}
		},
		{
			"from": [4.7, 7.5, 4.7],
			"to": [7.7, 10.5, 4.7],
			"shade": false,
			"rotation": {"angle": 0, "axis": "x", "origin": [6, 9.5, 6]},
			"faces": {
				"north": {"uv": [1, 4, 4, 7], "texture": "#0"},
				"south": {"uv": [1, 4, 4, 7], "texture": "#0"}
			}
		},
		{
			"from": [4.7, 9, 4.7],
			"to": [7.3, 9, 7.3],
			"shade": false,
			"rotation": {"angle": 0, "axis": "y", "origin": [6, 5, 6]},
			"faces": {
				"up": {"uv": [1, 0, 4, 3], "rotation": 90, "texture": "#0"},
				"down": {"uv": [1, 0, 4, 3], "rotation": 270, "texture": "#0"}
			}
		},
		{
			"from": [3.5, 0, 6],
			"to": [8.5, 11, 6],
			"shade": false,
			"rotation": {"angle": 45, "axis": "y", "origin": [6, -1, 6]},
			"faces": {
				"north": {"uv": [8, 4, 13, 15], "texture": "#0"},
				"south": {"uv": [8, 4, 13, 15], "texture": "#0"}
			}
		},
		{
			"from": [6, 0, 3.5],
			"to": [6, 11, 8.5],
			"shade": false,
			"rotation": {"angle": 45, "axis": "y", "origin": [6, -1, 6]},
			"faces": {
				"east": {"uv": [8, 4, 13, 15], "texture": "#0"},
				"west": {"uv": [8, 4, 13, 15], "texture": "#0"}
			}
		},
		{
			"from": [8.7, 5.5, 8.3],
			"to": [8.7, 8.5, 11.3],
			"shade": false,
			"rotation": {"angle": 0, "axis": "x", "origin": [10, 7.5, 10]},
			"faces": {
				"east": {"uv": [1, 4, 4, 7], "texture": "#0"},
				"west": {"uv": [1, 4, 4, 7], "texture": "#0"}
			}
		},
		{
			"from": [8.3, 5.5, 11.3],
			"to": [11.3, 8.5, 11.3],
			"shade": false,
			"rotation": {"angle": 0, "axis": "x", "origin": [10, 7.5, 10]},
			"faces": {
				"north": {"uv": [1, 4, 4, 7], "texture": "#0"},
				"south": {"uv": [1, 4, 4, 7], "texture": "#0"}
			}
		},
		{
			"from": [8.7, 4.1, 10],
			"to": [11.7, 6.1, 10],
			"shade": false,
			"rotation": {"angle": -45, "axis": "x", "origin": [10, 4.2, 10]},
			"faces": {
				"north": {"uv": [1, 7, 4, 9], "texture": "#0"},
				"south": {"uv": [1, 7, 4, 9], "texture": "#0"}
			}
		},
		{
			"from": [10, 4.1, 8.3],
			"to": [10, 6.1, 11.3],
			"shade": false,
			"rotation": {"angle": 45, "axis": "z", "origin": [10, 4.2, 10]},
			"faces": {
				"east": {"uv": [1, 7, 4, 9], "texture": "#0"},
				"west": {"uv": [1, 7, 4, 9], "texture": "#0"}
			}
		},
		{
			"from": [8.3, 4.1, 10],
			"to": [11.3, 6.1, 10],
			"shade": false,
			"rotation": {"angle": 45, "axis": "x", "origin": [10, 4.2, 10]},
			"faces": {
				"north": {"uv": [1, 7, 4, 9], "texture": "#0"},
				"south": {"uv": [1, 7, 4, 9], "texture": "#0"}
			}
		},
		{
			"from": [10, 4.1, 8.7],
			"to": [10, 6.1, 11.7],
			"shade": false,
			"rotation": {"angle": -45, "axis": "z", "origin": [10, 4.2, 10]},
			"faces": {
				"east": {"uv": [1, 7, 4, 9], "texture": "#0"},
				"west": {"uv": [1, 7, 4, 9], "texture": "#0"}
			}
		},
		{
			"from": [10.2, 5.5, 8.7],
			"to": [11.2, 7.5, 8.7],
			"shade": false,
			"rotation": {"angle": 22.5, "axis": "y", "origin": [10, 7.5, 10]},
			"faces": {
				"north": {"uv": [2, 5, 3, 7], "texture": "#0"},
				"south": {"uv": [2, 5, 3, 7], "texture": "#0"}
			}
		},
		{
			"from": [8.7, 5.5, 8.8],
			"to": [8.7, 7.5, 9.8],
			"shade": false,
			"rotation": {"angle": 22.5, "axis": "y", "origin": [10, 7.5, 10]},
			"faces": {
				"east": {"uv": [2, 5, 3, 7], "texture": "#0"},
				"west": {"uv": [2, 5, 3, 7], "texture": "#0"}
			}
		},
		{
			"from": [8.8, 5.5, 11.3],
			"to": [9.8, 7.5, 11.3],
			"shade": false,
			"rotation": {"angle": 22.5, "axis": "y", "origin": [10, 7.5, 10]},
			"faces": {
				"north": {"uv": [2, 5, 3, 7], "texture": "#0"},
				"south": {"uv": [2, 5, 3, 7], "texture": "#0"}
			}
		},
		{
			"from": [11.3, 5.5, 10.2],
			"to": [11.3, 7.5, 11.2],
			"shade": false,
			"rotation": {"angle": 22.5, "axis": "y", "origin": [10, 7.5, 10]},
			"faces": {
				"east": {"uv": [2, 5, 3, 7], "texture": "#0"},
				"west": {"uv": [2, 5, 3, 7], "texture": "#0"}
			}
		},
		{
			"from": [11.3, 5.5, 8.7],
			"to": [11.3, 8.5, 11.7],
			"shade": false,
			"rotation": {"angle": 0, "axis": "x", "origin": [10, 7.5, 10]},
			"faces": {
				"east": {"uv": [1, 4, 4, 7], "texture": "#0"},
				"west": {"uv": [1, 4, 4, 7], "texture": "#0"}
			}
		},
		{
			"from": [8.7, 5.5, 8.7],
			"to": [11.7, 8.5, 8.7],
			"shade": false,
			"rotation": {"angle": 0, "axis": "x", "origin": [10, 7.5, 10]},
			"faces": {
				"north": {"uv": [1, 4, 4, 7], "texture": "#0"},
				"south": {"uv": [1, 4, 4, 7], "texture": "#0"}
			}
		},
		{
			"from": [8.7, 7, 8.7],
			"to": [11.3, 7, 11.3],
			"shade": false,
			"rotation": {"angle": 0, "axis": "y", "origin": [10, 3, 10]},
			"faces": {
				"up": {"uv": [1, 0, 4, 3], "rotation": 270, "texture": "#0"},
				"down": {"uv": [1, 0, 4, 3], "rotation": 90, "texture": "#0"}
			}
		},
		{
			"from": [10, 0, 7.5],
			"to": [10, 9, 12.5],
			"shade": false,
			"rotation": {"angle": -45, "axis": "y", "origin": [10, -3, 10]},
			"faces": {
				"east": {"uv": [8, 4, 13, 13], "texture": "#0"},
				"west": {"uv": [8, 4, 13, 13], "texture": "#0"}
			}
		},
		{
			"from": [7.5, 0, 10],
			"to": [12.5, 9, 10],
			"shade": false,
			"rotation": {"angle": -45, "axis": "y", "origin": [10, -3, 10]},
			"faces": {
				"north": {"uv": [8, 4, 13, 13], "texture": "#0"},
				"south": {"uv": [8, 4, 13, 13], "texture": "#0"}
			}
		}
	],
	"groups": [
		{
			"name": "group",
			"origin": [6, 0, 6],
			"color": 0,
			"children": [0, 1, 2, 3, 4, 5, 6, 7, 8, 9, 10, 11, 12, 13, 14]
		},
		{
			"name": "group",
			"origin": [6, 0, 6],
			"color": 0,
			"children": [15, 16, 17, 18, 19, 20, 21, 22, 23, 24, 25, 26, 27, 28, 29]
		}
	]
}