{
	"credit": "Made by XeKr with Blockbench",
	"parent": "block/flower_pot_cross",
	"textures": {
		"3": "block/flower_pot10_3d",
		"particle": "block/flower_pot10",
		"flowerpot": "block/flower_pot10",
		"plant": "block/wither_rose",
		"chain": "block/flower_pot_chain"
	},
	"elements": [
		{
			"name": "Box1",
			"from": [5, 0, 5],
			"to": [11, 6, 11],
			"faces": {
				"north": {"uv": [10, 0, 16, 6], "texture": "#flowerpot"},
				"east": {"uv": [16, 10, 10, 16], "texture": "#flowerpot"},
				"south": {"uv": [0, 10, 6, 16], "texture": "#flowerpot"},
				"west": {"uv": [10, 10, 16, 16], "texture": "#flowerpot"},
				"up": {"uv": [10, 5, 16, 11], "texture": "#flowerpot"},
				"down": {"uv": [0, 0, 6, 6], "texture": "#flowerpot"}
			}
		},
		{
			"from": [0, 5, 8],
			"to": [16, 16, 8],
			"rotation": {"angle": 0, "axis": "y", "origin": [8, 11, 8]},
			"faces": {
				"north": {"uv": [0, 0, 16, 11], "texture": "#chain", "cullface": "down"},
				"south": {"uv": [0, 0, 16, 11], "texture": "#chain", "cullface": "down"}
			}
		},
		{
			"from": [8, 5, 0],
			"to": [8, 16, 16],
			"rotation": {"angle": 0, "axis": "y", "origin": [8, 11, 8]},
			"faces": {
				"east": {"uv": [0, 0, 16, 11], "texture": "#chain", "cullface": "down"},
				"west": {"uv": [0, 0, 16, 11], "texture": "#chain", "cullface": "down"}
			}
		},
		{
			"name": "PlaneX2",
			"from": [8, 5, 5],
			"to": [8.001, 15, 11],
			"rotation": {"angle": 45, "axis": "y", "origin": [8, 5, 8]},
			"faces": {
				"east": {"uv": [4, 3, 12, 16], "texture": "#plant"},
				"west": {"uv": [4, 3, 12, 16], "texture": "#plant"}
			}
		},
		{
			"name": "PlaneX2",
			"from": [8, 5, 5],
			"to": [8.001, 15, 11],
			"rotation": {"angle": -45, "axis": "y", "origin": [8, 5, 8]},
			"faces": {
				"east": {"uv": [4, 3, 12, 16], "texture": "#plant"},
				"west": {"uv": [4, 3, 12, 16], "texture": "#plant"}
			}
		},
		{
			"from": [4.5, -0.5, 4.5],
			"to": [11.5, 6.5, 11.5],
			"rotation": {"angle": 0, "axis": "y", "origin": [8, 3, 8]},
			"faces": {
				"north": {"uv": [0, 9, 7, 16], "texture": "#3", "cullface": "down"},
				"east": {"uv": [0, 9, 7, 16], "texture": "#3", "cullface": "down"},
				"south": {"uv": [0, 9, 7, 16], "texture": "#3", "cullface": "down"},
				"west": {"uv": [0, 9, 7, 16], "texture": "#3", "cullface": "down"},
				"up": {"uv": [0, 0, 7, 7], "texture": "#3", "cullface": "down"},
				"down": {"uv": [0, 0, 7, 7], "texture": "#3", "cullface": "down"}
			}
		},
		{
			"from": [11.5, 6.5, 11.5],
			"to": [4.5, -0.5, 4.5],
			"rotation": {"angle": 0, "axis": "y", "origin": [8, 3, 8]},
			"faces": {
				"north": {"uv": [0, 9, 7, 16], "texture": "#3", "cullface": "down"},
				"east": {"uv": [0, 9, 7, 16], "texture": "#3", "cullface": "down"},
				"south": {"uv": [0, 9, 7, 16], "texture": "#3", "cullface": "down"},
				"west": {"uv": [0, 9, 7, 16], "texture": "#3", "cullface": "down"},
				"up": {"uv": [0, 0, 7, 7], "texture": "#3", "cullface": "down"},
				"down": {"uv": [0, 0, 7, 7], "texture": "#3", "cullface": "down"}
			}
		},
		{
			"from": [3.5, 5.5, 3.5],
			"to": [12.5, 5.5, 12.5],
			"rotation": {"angle": 0, "axis": "y", "origin": [8, 5.5, 8]},
			"faces": {
				"up": {"uv": [7, 0, 16, 9], "texture": "#3", "cullface": "down"},
				"down": {"uv": [7, 0, 16, 9], "texture": "#3", "cullface": "down"}
			}
		}
	]
}