{
	"credit": "Made by XeKr with Blockbench",
	"parent": "block/block",
	"textures": {
		"particle": "block/spruce_planks",
		"texture": "block/spruce_planks",
		"out": "block/spruce_trapdoor"
	},
	"elements": [
		{
			"name": "Box9",
			"from": [0, 0, 6.5],
			"to": [3, 12, 9.5],
			"rotation": {"angle": 0, "axis": "y", "origin": [8, 5, 8]},
			"faces": {
				"north": {"uv": [5, 2, 8, 14], "texture": "#out"},
				"east": {"uv": [5, 2, 8, 14], "texture": "#out"},
				"south": {"uv": [5, 2, 8, 14], "texture": "#out"},
				"west": {"uv": [5, 2, 8, 14], "texture": "#out"},
				"up": {"uv": [2, 8, 5, 11], "texture": "#texture"},
				"down": {"uv": [2, 8, 5, 11], "texture": "#texture"}
			}
		},
		{
			"name": "Box9",
			"from": [13, 0, 6.5],
			"to": [16, 12, 9.5],
			"rotation": {"angle": 0, "axis": "y", "origin": [8, 5, 8]},
			"faces": {
				"north": {"uv": [5, 2, 8, 14], "texture": "#out"},
				"east": {"uv": [5, 2, 8, 14], "texture": "#out"},
				"south": {"uv": [5, 2, 8, 14], "texture": "#out"},
				"west": {"uv": [5, 2, 8, 14], "texture": "#out"},
				"up": {"uv": [2, 8, 5, 11], "texture": "#texture"},
				"down": {"uv": [2, 8, 5, 11], "texture": "#texture"}
			}
		},
		{
			"name": "Box11",
			"from": [0.5, 8, 9.5],
			"to": [2.5, 11, 13.5],
			"rotation": {"angle": 0, "axis": "y", "origin": [1.5, 5, 8]},
			"faces": {
				"east": {"uv": [9, 1, 13, 4], "texture": "#texture"},
				"west": {"uv": [3, 1, 7, 4], "texture": "#texture"},
				"up": {"uv": [3, 8, 7, 10], "rotation": 270, "texture": "#texture"},
				"down": {"uv": [3, 8, 7, 10], "rotation": 90, "texture": "#texture"}
			}
		},
		{
			"name": "Box11",
			"from": [0.5, 2, 9.5],
			"to": [2.5, 5, 13.5],
			"rotation": {"angle": 0, "axis": "y", "origin": [1.5, 5, 8]},
			"faces": {
				"east": {"uv": [9, 9, 13, 12], "texture": "#texture"},
				"west": {"uv": [3, 9, 7, 12], "texture": "#texture"},
				"up": {"uv": [3, 8, 7, 10], "rotation": 270, "texture": "#texture"},
				"down": {"uv": [3, 8, 7, 10], "rotation": 90, "texture": "#texture"}
			}
		},
		{
			"name": "Box11",
			"from": [0.5, 6, 9.5],
			"to": [2.5, 7, 13.5],
			"rotation": {"angle": 0, "axis": "y", "origin": [1.5, 5, 8]},
			"faces": {
				"east": {"uv": [9, 6, 13, 7], "texture": "#texture"},
				"west": {"uv": [3, 6, 7, 7], "texture": "#texture"},
				"up": {"uv": [3, 8, 7, 10], "rotation": 270, "texture": "#texture"},
				"down": {"uv": [3, 8, 7, 10], "rotation": 90, "texture": "#texture"}
			}
		},
		{
			"name": "Box14",
			"from": [1, 5, 11],
			"to": [2, 12, 12],
			"rotation": {"angle": 0, "axis": "y", "origin": [1.5, 5, 8]},
			"faces": {
				"north": {"uv": [9, 11, 16, 12], "rotation": 90, "texture": "#texture"},
				"east": {"uv": [9, 11, 16, 12], "rotation": 90, "texture": "#texture"},
				"south": {"uv": [9, 11, 16, 12], "rotation": 90, "texture": "#texture"},
				"west": {"uv": [9, 11, 16, 12], "rotation": 90, "texture": "#texture"},
				"up": {"uv": [15, 11, 16, 12], "rotation": 90, "texture": "#texture"}
			}
		},
		{
			"name": "Box15",
			"from": [0, 2, 13.5],
			"to": [3, 11, 14.5],
			"rotation": {"angle": 0, "axis": "y", "origin": [1.5, 5, 8]},
			"faces": {
				"north": {"uv": [7, 8, 16, 11], "rotation": 90, "texture": "#texture"},
				"east": {"uv": [7, 8, 16, 9], "rotation": 90, "texture": "#texture"},
				"south": {"uv": [7, 8, 16, 11], "rotation": 90, "texture": "#texture"},
				"west": {"uv": [7, 10, 16, 11], "rotation": 90, "texture": "#texture"},
				"up": {"uv": [7, 10, 10, 11], "rotation": 180, "texture": "#texture"},
				"down": {"uv": [7, 10, 10, 11], "texture": "#texture"}
			}
		},
		{
			"name": "Box15",
			"from": [13, 2, 13.5],
			"to": [16, 11, 14.5],
			"rotation": {"angle": 0, "axis": "y", "origin": [14.5, 5, 8]},
			"faces": {
				"north": {"uv": [7, 8, 16, 11], "rotation": 90, "texture": "#texture"},
				"east": {"uv": [7, 8, 16, 9], "rotation": 90, "texture": "#texture"},
				"south": {"uv": [7, 8, 16, 11], "rotation": 90, "texture": "#texture"},
				"west": {"uv": [7, 10, 16, 11], "rotation": 90, "texture": "#texture"},
				"up": {"uv": [7, 8, 10, 9], "texture": "#texture"},
				"down": {"uv": [7, 8, 10, 9], "rotation": 180, "texture": "#texture"}
			}
		},
		{
			"name": "Box11",
			"from": [13.5, 8, 9.5],
			"to": [15.5, 11, 13.5],
			"rotation": {"angle": 0, "axis": "y", "origin": [14.5, 5, 8]},
			"faces": {
				"east": {"uv": [9, 1, 13, 4], "texture": "#texture"},
				"west": {"uv": [3, 1, 7, 4], "texture": "#texture"},
				"up": {"uv": [3, 8, 7, 10], "rotation": 90, "texture": "#texture"},
				"down": {"uv": [3, 8, 7, 10], "rotation": 270, "texture": "#texture"}
			}
		},
		{
			"name": "Box14",
			"from": [14, 5, 11],
			"to": [15, 12, 12],
			"rotation": {"angle": 0, "axis": "y", "origin": [14.5, 5, 8]},
			"faces": {
				"north": {"uv": [9, 11, 16, 12], "rotation": 90, "texture": "#texture"},
				"east": {"uv": [9, 11, 16, 12], "rotation": 90, "texture": "#texture"},
				"south": {"uv": [9, 11, 16, 12], "rotation": 90, "texture": "#texture"},
				"west": {"uv": [9, 11, 16, 12], "rotation": 90, "texture": "#texture"},
				"up": {"uv": [15, 11, 16, 12], "rotation": 270, "texture": "#texture"}
			}
		},
		{
			"name": "Box11",
			"from": [13.5, 6, 9.5],
			"to": [15.5, 7, 13.5],
			"rotation": {"angle": 0, "axis": "y", "origin": [14.5, 5, 8]},
			"faces": {
				"east": {"uv": [9, 6, 13, 7], "texture": "#texture"},
				"west": {"uv": [3, 6, 7, 7], "texture": "#texture"},
				"up": {"uv": [3, 8, 7, 10], "rotation": 90, "texture": "#texture"},
				"down": {"uv": [3, 8, 7, 10], "rotation": 270, "texture": "#texture"}
			}
		},
		{
			"name": "Box11",
			"from": [13.5, 2, 9.5],
			"to": [15.5, 5, 13.5],
			"rotation": {"angle": 0, "axis": "y", "origin": [14.5, 5, 8]},
			"faces": {
				"east": {"uv": [9, 9, 13, 12], "texture": "#texture"},
				"west": {"uv": [3, 9, 7, 12], "texture": "#texture"},
				"up": {"uv": [3, 7, 7, 9], "rotation": 90, "texture": "#texture"},
				"down": {"uv": [3, 8, 7, 10], "rotation": 270, "texture": "#texture"}
			}
		}
	],
	"display": {
		"gui": {
			"rotation": [30, 45, 0],
			"translation": [0, -1, 0],
			"scale": [0.8, 0.8, 0.8]
		},
		"head": {
			"translation": [0, -3, -6]
		}
	}
}