{
	"credit": "Made by XeKr with Blockbench",
	"parent": "block/cross",
	"textures": {
		"0": "block/tube_coral_3d",
		"particle": "block/tube_coral_3d"
	},
	"elements": [
		{
			"from": [9.5, 6, 15.5],
			"to": [13.5, 13, 19.5],
			"rotation": {"angle": -45, "axis": "x", "origin": [11.5, 6, 17.5]},
			"faces": {
				"north": {"uv": [0, 3, 4, 10], "texture": "#0"},
				"east": {"uv": [0, 3, 4, 10], "texture": "#0"},
				"south": {"uv": [0, 3, 4, 10], "texture": "#0"},
				"west": {"uv": [0, 3, 4, 10], "texture": "#0"},
				"up": {"uv": [0, 0, 4, 4], "rotation": 180, "texture": "#0"},
				"down": {"uv": [12, 12, 16, 16], "texture": "#0"}
			}
		},
		{
			"from": [12.5, 13, 18.5],
			"to": [10.5, 9, 16.5],
			"rotation": {"angle": -45, "axis": "x", "origin": [11.5, 6, 17.5]},
			"faces": {
				"north": {"uv": [1, 4, 3, 8], "rotation": 180, "texture": "#0"},
				"east": {"uv": [1, 4, 3, 8], "rotation": 180, "texture": "#0"},
				"south": {"uv": [1, 4, 3, 8], "rotation": 180, "texture": "#0"},
				"west": {"uv": [1, 4, 3, 8], "rotation": 180, "texture": "#0"},
				"up": {"uv": [13, 13, 15, 15], "rotation": 180, "texture": "#0"}
			}
		},
		{
			"from": [7, 5, 9],
			"to": [11, 12, 13],
			"rotation": {"angle": -22.5, "axis": "x", "origin": [9, 5, 11]},
			"faces": {
				"north": {"uv": [4, 3, 8, 10], "texture": "#0"},
				"east": {"uv": [4, 3, 8, 10], "texture": "#0"},
				"south": {"uv": [4, 3, 8, 10], "texture": "#0"},
				"west": {"uv": [4, 3, 8, 10], "texture": "#0"},
				"up": {"uv": [4, 0, 8, 4], "rotation": 180, "texture": "#0"},
				"down": {"uv": [12, 12, 16, 16], "texture": "#0"}
			}
		},
		{
			"from": [10, 12, 12],
			"to": [8, 8, 10],
			"rotation": {"angle": -22.5, "axis": "x", "origin": [9, 5, 11]},
			"faces": {
				"north": {"uv": [5, 4, 7, 8], "rotation": 180, "texture": "#0"},
				"east": {"uv": [5, 4, 7, 8], "rotation": 180, "texture": "#0"},
				"south": {"uv": [5, 4, 7, 8], "rotation": 180, "texture": "#0"},
				"west": {"uv": [5, 4, 7, 8], "rotation": 180, "texture": "#0"},
				"up": {"uv": [13, 13, 15, 15], "rotation": 180, "texture": "#0"}
			}
		},
		{
			"from": [3, 4, 10],
			"to": [7, 8, 17],
			"rotation": {"angle": 22.5, "axis": "x", "origin": [5, 6, 17]},
			"faces": {
				"north": {"uv": [8, 0, 12, 4], "texture": "#0"},
				"east": {"uv": [8, 3, 12, 10], "rotation": 90, "texture": "#0"},
				"south": {"uv": [12, 12, 16, 16], "texture": "#0"},
				"west": {"uv": [8, 3, 12, 10], "rotation": 270, "texture": "#0"},
				"up": {"uv": [8, 3, 12, 10], "texture": "#0"},
				"down": {"uv": [8, 3, 12, 10], "rotation": 180, "texture": "#0"}
			}
		},
		{
			"from": [6, 7, 14],
			"to": [4, 5, 10],
			"rotation": {"angle": 22.5, "axis": "x", "origin": [5, 6, 17]},
			"faces": {
				"north": {"uv": [13, 13, 15, 15], "texture": "#0"},
				"east": {"uv": [9, 4, 11, 8], "rotation": 270, "texture": "#0"},
				"west": {"uv": [9, 4, 11, 8], "rotation": 90, "texture": "#0"},
				"up": {"uv": [9, 4, 11, 8], "rotation": 180, "texture": "#0"},
				"down": {"uv": [9, 4, 11, 8], "texture": "#0"}
			}
		},
		{
			"from": [12.5, 3, 10],
			"to": [15.5, 6, 17],
			"rotation": {"angle": 22.5, "axis": "x", "origin": [14, 4.5, 17]},
			"faces": {
				"north": {"uv": [13, 6, 16, 9], "texture": "#0"},
				"east": {"uv": [9, 3, 12, 10], "rotation": 90, "texture": "#0"},
				"south": {"uv": [8, 10, 11, 13], "texture": "#0"},
				"west": {"uv": [9, 3, 12, 10], "rotation": 270, "texture": "#0"},
				"up": {"uv": [9, 3, 12, 10], "texture": "#0"},
				"down": {"uv": [9, 3, 12, 10], "rotation": 180, "texture": "#0"}
			}
		},
		{
			"from": [14.5, 5, 13],
			"to": [13.5, 4, 10],
			"rotation": {"angle": 22.5, "axis": "x", "origin": [14, 4.5, 17]},
			"faces": {
				"north": {"uv": [13, 13, 14, 14], "texture": "#0"},
				"east": {"uv": [10, 4, 11, 7], "rotation": 270, "texture": "#0"},
				"west": {"uv": [10, 4, 11, 7], "rotation": 90, "texture": "#0"},
				"up": {"uv": [10, 4, 11, 7], "rotation": 180, "texture": "#0"},
				"down": {"uv": [10, 4, 11, 7], "texture": "#0"}
			}
		},
		{
			"from": [0.5, 5, 9],
			"to": [3.5, 8, 16],
			"rotation": {"angle": 45, "axis": "x", "origin": [2, 6.5, 16]},
			"faces": {
				"north": {"uv": [13, 3, 16, 6], "texture": "#0"},
				"east": {"uv": [5, 3, 8, 10], "rotation": 90, "texture": "#0"},
				"south": {"uv": [8, 10, 11, 13], "texture": "#0"},
				"west": {"uv": [5, 3, 8, 10], "rotation": 270, "texture": "#0"},
				"up": {"uv": [5, 3, 8, 10], "texture": "#0"},
				"down": {"uv": [5, 3, 8, 10], "rotation": 180, "texture": "#0"}
			}
		},
		{
			"from": [2.5, 7, 12],
			"to": [1.5, 6, 9],
			"rotation": {"angle": 45, "axis": "x", "origin": [2, 6.5, 16]},
			"faces": {
				"north": {"uv": [13, 13, 14, 14], "texture": "#0"},
				"east": {"uv": [6, 4, 7, 7], "rotation": 270, "texture": "#0"},
				"west": {"uv": [6, 4, 7, 7], "rotation": 90, "texture": "#0"},
				"up": {"uv": [6, 4, 7, 7], "rotation": 180, "texture": "#0"},
				"down": {"uv": [6, 4, 7, 7], "texture": "#0"}
			}
		},
		{
			"from": [6, 6.5, 14.5],
			"to": [9, 13.5, 17.5],
			"rotation": {"angle": -22.5, "axis": "x", "origin": [7.5, 6.5, 16]},
			"faces": {
				"north": {"uv": [1, 3, 4, 10], "texture": "#0"},
				"east": {"uv": [1, 3, 4, 10], "texture": "#0"},
				"south": {"uv": [1, 3, 4, 10], "texture": "#0"},
				"west": {"uv": [1, 3, 4, 10], "texture": "#0"},
				"up": {"uv": [13, 0, 16, 3], "rotation": 180, "texture": "#0"},
				"down": {"uv": [8, 10, 11, 13], "texture": "#0"}
			}
		},
		{
			"from": [8, 13.5, 16.5],
			"to": [7, 10.5, 15.5],
			"rotation": {"angle": -22.5, "axis": "x", "origin": [7.5, 6.5, 16]},
			"faces": {
				"north": {"uv": [2, 4, 3, 7], "rotation": 180, "texture": "#0"},
				"east": {"uv": [2, 4, 3, 7], "rotation": 180, "texture": "#0"},
				"south": {"uv": [2, 4, 3, 7], "rotation": 180, "texture": "#0"},
				"west": {"uv": [2, 4, 3, 7], "rotation": 180, "texture": "#0"},
				"up": {"uv": [13, 13, 14, 14], "rotation": 180, "texture": "#0"}
			}
		},
		{
			"from": [7.125, 4.25, 9.25],
			"to": [10.875, 6.25, 16.25],
			"rotation": {"angle": 0, "axis": "y", "origin": [15.125, 12.25, 18.25]},
			"faces": {
				"north": {"uv": [0, 7, 4, 9], "texture": "#0"},
				"east": {"uv": [0, 7, 2, 14], "rotation": 90, "texture": "#0"},
				"south": {"uv": [0, 7, 4, 9], "texture": "#0"},
				"west": {"uv": [0, 7, 2, 14], "rotation": 270, "texture": "#0"},
				"up": {"uv": [0, 7, 4, 14], "texture": "#0"},
				"down": {"uv": [0, 7, 4, 14], "rotation": 180, "texture": "#0"}
			}
		},
		{
			"from": [2, 7, 16],
			"to": [4, 14, 18],
			"rotation": {"angle": -22.5, "axis": "x", "origin": [3, 7, 17]},
			"faces": {
				"north": {"uv": [9, 3, 11, 10], "texture": "#0"},
				"east": {"uv": [9, 3, 11, 10], "texture": "#0"},
				"south": {"uv": [9, 3, 11, 10], "texture": "#0"},
				"west": {"uv": [9, 3, 11, 10], "texture": "#0"},
				"up": {"uv": [4, 14, 6, 16], "rotation": 180, "texture": "#0"},
				"down": {"uv": [13, 13, 15, 15], "texture": "#0"}
			}
		},
		{
			"from": [5, 2, 6],
			"to": [7, 4, 13],
			"rotation": {"angle": 45, "axis": "x", "origin": [6, 3, 13]},
			"faces": {
				"north": {"uv": [0, 14, 2, 16], "texture": "#0"},
				"east": {"uv": [1, 3, 3, 10], "rotation": 90, "texture": "#0"},
				"south": {"uv": [13, 13, 15, 15], "texture": "#0"},
				"west": {"uv": [1, 3, 3, 10], "rotation": 270, "texture": "#0"},
				"up": {"uv": [1, 3, 3, 10], "texture": "#0"},
				"down": {"uv": [1, 3, 3, 10], "rotation": 180, "texture": "#0"}
			}
		},
		{
			"from": [1, 3, 9],
			"to": [3, 5, 16],
			"rotation": {"angle": 22.5, "axis": "x", "origin": [2, 4, 16]},
			"faces": {
				"north": {"uv": [0, 14, 2, 16], "texture": "#0"},
				"east": {"uv": [1, 3, 3, 10], "rotation": 90, "texture": "#0"},
				"south": {"uv": [13, 13, 15, 15], "texture": "#0"},
				"west": {"uv": [1, 3, 3, 10], "rotation": 270, "texture": "#0"},
				"up": {"uv": [1, 3, 3, 10], "texture": "#0"},
				"down": {"uv": [1, 3, 3, 10], "rotation": 180, "texture": "#0"}
			}
		},
		{
			"from": [11, 3, 9],
			"to": [13, 5, 16],
			"rotation": {"angle": 0, "axis": "x", "origin": [12, 4, 16]},
			"faces": {
				"north": {"uv": [0, 14, 2, 16], "texture": "#0"},
				"east": {"uv": [1, 3, 3, 10], "rotation": 90, "texture": "#0"},
				"south": {"uv": [13, 13, 15, 15], "texture": "#0"},
				"west": {"uv": [1, 3, 3, 10], "rotation": 270, "texture": "#0"},
				"up": {"uv": [1, 3, 3, 10], "texture": "#0"},
				"down": {"uv": [1, 3, 3, 10], "rotation": 180, "texture": "#0"}
			}
		},
		{
			"from": [5.125, 2.375, 12.25],
			"to": [6.875, 4.375, 16.25],
			"rotation": {"angle": 0, "axis": "x", "origin": [6, 3.375, 16.25]},
			"faces": {
				"north": {"uv": [1, 8, 3, 10], "texture": "#0"},
				"east": {"uv": [1, 6, 3, 10], "rotation": 90, "texture": "#0"},
				"south": {"uv": [13, 13, 15, 15], "texture": "#0"},
				"west": {"uv": [1, 6, 3, 10], "rotation": 270, "texture": "#0"},
				"up": {"uv": [1, 6, 3, 10], "texture": "#0"},
				"down": {"uv": [1, 6, 3, 10], "rotation": 180, "texture": "#0"}
			}
		},
		{
			"from": [13, 6, 15],
			"to": [15, 13, 17],
			"rotation": {"angle": -22.5, "axis": "x", "origin": [14, 6, 16]},
			"faces": {
				"north": {"uv": [5, 3, 7, 10], "texture": "#0"},
				"east": {"uv": [5, 3, 7, 10], "texture": "#0"},
				"south": {"uv": [5, 3, 7, 10], "texture": "#0"},
				"west": {"uv": [5, 3, 7, 10], "texture": "#0"},
				"up": {"uv": [2, 14, 4, 16], "rotation": 180, "texture": "#0"},
				"down": {"uv": [13, 13, 15, 15], "texture": "#0"}
			}
		}
	],
	"groups": [
		{
			"name": "group",
			"origin": [15, 12, 19],
			"children": [0, 1]
		},
		{
			"name": "group",
			"origin": [15, 12, 19],
			"children": [2, 3]
		},
		{
			"name": "group",
			"origin": [15, 12, 19],
			"children": [4, 5]
		},
		{
			"name": "group",
			"origin": [15, 12, 19],
			"children": [6, 7]
		},
		{
			"name": "group",
			"origin": [15, 12, 19],
			"children": [8, 9]
		},
		{
			"name": "group",
			"origin": [15, 12, 19],
			"children": [10, 11]
		}, 12, 13, 14, 15, 16, 17, 18]
}