{
	"credit": "Made by XeKr with Blockbench",
	"parent": "block/cross",
	"textures": {
		"0": "block/tube_coral_3d",
		"particle": "block/tube_coral_3d"
	},
	"elements": [
		{
			"from": [5.5, 0, 5],
			"to": [9.5, 11, 9],
			"rotation": {"angle": 22.5, "axis": "y", "origin": [7.5, 0, 7]},
			"faces": {
				"north": {"uv": [0, 3, 4, 14], "texture": "#0"},
				"east": {"uv": [0, 3, 4, 14], "texture": "#0"},
				"south": {"uv": [0, 3, 4, 14], "texture": "#0"},
				"west": {"uv": [0, 3, 4, 14], "texture": "#0"},
				"up": {"uv": [0, 0, 4, 4], "texture": "#0"},
				"down": {"uv": [12, 12, 16, 16], "texture": "#0"}
			}
		},
		{
			"from": [8.5, 11, 8],
			"to": [6.5, 7, 6],
			"rotation": {"angle": 22.5, "axis": "y", "origin": [7.5, 0, 7]},
			"faces": {
				"north": {"uv": [1, 7, 3, 3], "texture": "#0"},
				"east": {"uv": [1, 7, 3, 3], "texture": "#0"},
				"south": {"uv": [1, 7, 3, 3], "texture": "#0"},
				"west": {"uv": [1, 7, 3, 3], "texture": "#0"},
				"up": {"uv": [13, 13, 15, 15], "texture": "#0"}
			}
		},
		{
			"from": [8, 0, 9],
			"to": [12, 6, 13],
			"rotation": {"angle": -22.5, "axis": "y", "origin": [10, 0, 11]},
			"faces": {
				"north": {"uv": [4, 3, 8, 9], "texture": "#0"},
				"east": {"uv": [4, 3, 8, 9], "texture": "#0"},
				"south": {"uv": [4, 3, 8, 9], "texture": "#0"},
				"west": {"uv": [4, 3, 8, 9], "texture": "#0"},
				"up": {"uv": [4, 0, 8, 4], "texture": "#0"},
				"down": {"uv": [12, 12, 16, 16], "texture": "#0"}
			}
		},
		{
			"from": [11, 6, 12],
			"to": [9, 2, 10],
			"rotation": {"angle": -22.5, "axis": "y", "origin": [10, -5, 11]},
			"faces": {
				"north": {"uv": [5, 7, 7, 3], "texture": "#0"},
				"east": {"uv": [5, 7, 7, 3], "texture": "#0"},
				"south": {"uv": [5, 7, 7, 3], "texture": "#0"},
				"west": {"uv": [5, 7, 7, 3], "texture": "#0"},
				"up": {"uv": [13, 13, 15, 15], "texture": "#0"}
			}
		},
		{
			"from": [4, 0, 9],
			"to": [7, 8, 12],
			"rotation": {"angle": 0, "axis": "y", "origin": [5.5, 5.5, 10.5]},
			"faces": {
				"north": {"uv": [9, 3, 12, 11], "texture": "#0"},
				"east": {"uv": [9, 3, 12, 11], "texture": "#0"},
				"south": {"uv": [9, 3, 12, 11], "texture": "#0"},
				"west": {"uv": [9, 3, 12, 11], "texture": "#0"},
				"up": {"uv": [13, 6, 16, 9], "texture": "#0"},
				"down": {"uv": [8, 11, 11, 14], "texture": "#0"}
			}
		},
		{
			"from": [6, 8, 11],
			"to": [5, 6, 10],
			"rotation": {"angle": 0, "axis": "y", "origin": [5.5, 5.5, 10.5]},
			"faces": {
				"north": {"uv": [10, 5, 11, 3], "texture": "#0"},
				"east": {"uv": [10, 5, 11, 3], "texture": "#0"},
				"south": {"uv": [10, 5, 11, 3], "texture": "#0"},
				"west": {"uv": [10, 5, 11, 3], "texture": "#0"},
				"up": {"uv": [10, 11, 11, 12], "texture": "#0"}
			}
		},
		{
			"from": [9, 0, 3],
			"to": [12, 4, 6],
			"rotation": {"angle": -45, "axis": "y", "origin": [10.5, 0, 4.5]},
			"faces": {
				"north": {"uv": [9, 3, 12, 7], "texture": "#0"},
				"east": {"uv": [9, 3, 12, 7], "texture": "#0"},
				"south": {"uv": [9, 3, 12, 7], "texture": "#0"},
				"west": {"uv": [9, 3, 12, 7], "texture": "#0"},
				"up": {"uv": [13, 6, 16, 9], "texture": "#0"},
				"down": {"uv": [8, 11, 11, 14], "texture": "#0"}
			}
		},
		{
			"from": [11, 4, 5],
			"to": [10, 3, 4],
			"rotation": {"angle": -45, "axis": "y", "origin": [10.5, -4, 4.5]},
			"faces": {
				"north": {"uv": [10, 5, 11, 4], "texture": "#0"},
				"east": {"uv": [10, 5, 11, 4], "texture": "#0"},
				"south": {"uv": [10, 5, 11, 4], "texture": "#0"},
				"west": {"uv": [10, 5, 11, 4], "texture": "#0"},
				"up": {"uv": [10, 11, 11, 12], "texture": "#0"}
			}
		},
		{
			"from": [3, 0, 4],
			"to": [6, 4, 7],
			"rotation": {"angle": -22.5, "axis": "y", "origin": [4.5, 0, 5.5]},
			"faces": {
				"north": {"uv": [5, 3, 8, 7], "texture": "#0"},
				"east": {"uv": [5, 3, 8, 7], "texture": "#0"},
				"south": {"uv": [5, 3, 8, 7], "texture": "#0"},
				"west": {"uv": [5, 3, 8, 7], "texture": "#0"},
				"up": {"uv": [13, 3, 16, 6], "texture": "#0"},
				"down": {"uv": [8, 11, 11, 14], "texture": "#0"}
			}
		},
		{
			"from": [5, 4, 6],
			"to": [4, 2, 5],
			"rotation": {"angle": -22.5, "axis": "y", "origin": [4.5, 0, 5.5]},
			"faces": {
				"north": {"uv": [6, 5, 7, 3], "texture": "#0"},
				"east": {"uv": [6, 5, 7, 3], "texture": "#0"},
				"south": {"uv": [6, 5, 7, 3], "texture": "#0"},
				"west": {"uv": [6, 5, 7, 3], "texture": "#0"},
				"up": {"uv": [10, 11, 11, 12], "texture": "#0"}
			}
		},
		{
			"from": [5.5, 6, 9.5],
			"to": [3.5, 2, 7.5],
			"rotation": {"angle": 22.5, "axis": "z", "origin": [4.5, 0, 8.5]},
			"faces": {
				"north": {"uv": [9, 7, 11, 3], "texture": "#0"},
				"east": {"uv": [9, 7, 11, 3], "texture": "#0"},
				"south": {"uv": [9, 7, 11, 3], "texture": "#0"},
				"west": {"uv": [9, 7, 11, 3], "texture": "#0"},
				"up": {"uv": [13, 13, 15, 15], "texture": "#0"}
			}
		},
		{
			"from": [2.5, 0, 6.5],
			"to": [6.5, 6, 10.5],
			"rotation": {"angle": 22.5, "axis": "z", "origin": [4.5, 0, 8.5]},
			"faces": {
				"north": {"uv": [8, 3, 12, 9], "texture": "#0"},
				"east": {"uv": [8, 3, 12, 9], "texture": "#0"},
				"south": {"uv": [8, 3, 12, 9], "texture": "#0"},
				"west": {"uv": [8, 3, 12, 9], "texture": "#0"},
				"up": {"uv": [8, 0, 12, 4], "texture": "#0"},
				"down": {"uv": [12, 12, 16, 16], "texture": "#0"}
			}
		},
		{
			"from": [5, 0, 10.5],
			"to": [8, 6, 13.5],
			"rotation": {"angle": 22.5, "axis": "x", "origin": [6.5, 0, 12]},
			"faces": {
				"north": {"uv": [1, 3, 4, 9], "texture": "#0"},
				"east": {"uv": [1, 3, 4, 9], "texture": "#0"},
				"south": {"uv": [1, 3, 4, 9], "texture": "#0"},
				"west": {"uv": [1, 3, 4, 9], "texture": "#0"},
				"up": {"uv": [13, 0, 16, 3], "texture": "#0"},
				"down": {"uv": [8, 11, 11, 14], "texture": "#0"}
			}
		},
		{
			"from": [7, 6, 12.5],
			"to": [6, 4, 11.5],
			"rotation": {"angle": 22.5, "axis": "x", "origin": [6.5, 0, 12]},
			"faces": {
				"north": {"uv": [2, 5, 3, 3], "texture": "#0"},
				"east": {"uv": [2, 5, 3, 3], "texture": "#0"},
				"south": {"uv": [2, 5, 3, 3], "texture": "#0"},
				"west": {"uv": [2, 5, 3, 3], "texture": "#0"},
				"up": {"uv": [10, 11, 11, 12], "texture": "#0"}
			}
		},
		{
			"from": [9, 0, 6],
			"to": [12, 10, 9],
			"rotation": {"angle": -22.5, "axis": "z", "origin": [10.5, 0, 7.5]},
			"faces": {
				"north": {"uv": [5, 3, 8, 13], "texture": "#0"},
				"east": {"uv": [5, 3, 8, 13], "texture": "#0"},
				"south": {"uv": [5, 3, 8, 13], "texture": "#0"},
				"west": {"uv": [5, 3, 8, 13], "texture": "#0"},
				"up": {"uv": [13, 3, 16, 6], "texture": "#0"},
				"down": {"uv": [8, 11, 11, 14], "texture": "#0"}
			}
		},
		{
			"from": [11, 10, 8],
			"to": [10, 8, 7],
			"rotation": {"angle": -22.5, "axis": "z", "origin": [10.5, 0, 7.5]},
			"faces": {
				"north": {"uv": [6, 5, 7, 3], "texture": "#0"},
				"east": {"uv": [6, 5, 7, 3], "texture": "#0"},
				"south": {"uv": [6, 5, 7, 3], "texture": "#0"},
				"west": {"uv": [6, 5, 7, 3], "texture": "#0"},
				"up": {"uv": [10, 11, 11, 12], "texture": "#0"}
			}
		},
		{
			"from": [5.5, 0, 1.5],
			"to": [8.5, 2, 4.5],
			"rotation": {"angle": 45, "axis": "y", "origin": [7, 0, 3]},
			"faces": {
				"north": {"uv": [0, 4, 3, 6], "texture": "#0"},
				"east": {"uv": [0, 4, 3, 6], "texture": "#0"},
				"south": {"uv": [0, 4, 3, 6], "texture": "#0"},
				"west": {"uv": [0, 4, 3, 6], "texture": "#0"},
				"up": {"uv": [13, 0, 16, 3], "texture": "#0"},
				"down": {"uv": [8, 11, 11, 14], "texture": "#0"}
			}
		},
		{
			"from": [7.5, 2, 3.5],
			"to": [6.5, 1, 2.5],
			"rotation": {"angle": 45, "axis": "y", "origin": [7, -2, 3]},
			"faces": {
				"north": {"uv": [2, 5, 3, 4], "texture": "#0"},
				"east": {"uv": [2, 5, 3, 4], "texture": "#0"},
				"south": {"uv": [2, 5, 3, 4], "texture": "#0"},
				"west": {"uv": [2, 5, 3, 4], "texture": "#0"},
				"up": {"uv": [10, 11, 11, 12], "texture": "#0"}
			}
		},
		{
			"from": [2.5, 0, 10.5],
			"to": [5.5, 2, 13.5],
			"rotation": {"angle": 22.5, "axis": "y", "origin": [4, 0, 12]},
			"faces": {
				"north": {"uv": [4, 4, 7, 6], "texture": "#0"},
				"east": {"uv": [4, 4, 7, 6], "texture": "#0"},
				"south": {"uv": [4, 4, 7, 6], "texture": "#0"},
				"west": {"uv": [4, 4, 7, 6], "texture": "#0"},
				"up": {"uv": [13, 3, 16, 6], "rotation": 270, "texture": "#0"},
				"down": {"uv": [8, 11, 11, 14], "rotation": 90, "texture": "#0"}
			}
		},
		{
			"from": [4.5, 2, 12.5],
			"to": [3.5, 1, 11.5],
			"rotation": {"angle": 22.5, "axis": "y", "origin": [4, -2, 12]},
			"faces": {
				"north": {"uv": [6, 5, 7, 4], "texture": "#0"},
				"east": {"uv": [6, 5, 7, 4], "texture": "#0"},
				"south": {"uv": [6, 5, 7, 4], "texture": "#0"},
				"west": {"uv": [6, 5, 7, 4], "texture": "#0"},
				"up": {"uv": [7, 12, 8, 13], "rotation": 270, "texture": "#0"}
			}
		},
		{
			"from": [10, 0, 2],
			"to": [14, 2, 6],
			"rotation": {"angle": 22.5, "axis": "y", "origin": [12, 0, 4]},
			"faces": {
				"north": {"uv": [0, 4, 4, 6], "texture": "#0"},
				"east": {"uv": [0, 4, 4, 6], "texture": "#0"},
				"south": {"uv": [0, 4, 4, 6], "texture": "#0"},
				"west": {"uv": [0, 4, 4, 6], "texture": "#0"},
				"up": {"uv": [0, 0, 4, 4], "texture": "#0"},
				"down": {"uv": [12, 12, 16, 16], "texture": "#0"}
			}
		},
		{
			"from": [13, 2, 5],
			"to": [11, 1, 3],
			"rotation": {"angle": 22.5, "axis": "y", "origin": [12, -9, 4]},
			"faces": {
				"north": {"uv": [1, 5, 3, 4], "texture": "#0"},
				"east": {"uv": [1, 5, 3, 4], "texture": "#0"},
				"south": {"uv": [1, 5, 3, 4], "texture": "#0"},
				"west": {"uv": [1, 5, 3, 4], "texture": "#0"},
				"up": {"uv": [13, 13, 15, 15], "texture": "#0"}
			}
		},
		{
			"from": [8, 0, 2.5],
			"to": [10, 6, 4.5],
			"rotation": {"angle": -22.5, "axis": "x", "origin": [9, 0, 3.5]},
			"faces": {
				"north": {"uv": [5, 4, 7, 10], "texture": "#0"},
				"east": {"uv": [5, 4, 7, 10], "texture": "#0"},
				"south": {"uv": [5, 4, 7, 10], "texture": "#0"},
				"west": {"uv": [5, 4, 7, 10], "texture": "#0"},
				"up": {"uv": [2, 14, 4, 16], "texture": "#0"},
				"down": {"uv": [13, 13, 15, 15], "texture": "#0"}
			}
		},
		{
			"from": [5, 0, 2],
			"to": [7, 6, 4],
			"rotation": {"angle": 22.5, "axis": "z", "origin": [6, 0, 3]},
			"faces": {
				"north": {"uv": [1, 4, 3, 10], "texture": "#0"},
				"east": {"uv": [1, 4, 3, 10], "texture": "#0"},
				"south": {"uv": [1, 4, 3, 10], "texture": "#0"},
				"west": {"uv": [1, 4, 3, 10], "texture": "#0"},
				"up": {"uv": [0, 14, 2, 16], "texture": "#0"},
				"down": {"uv": [13, 13, 15, 15], "texture": "#0"}
			}
		},
		{
			"from": [12, 0, 9],
			"to": [14, 6, 11],
			"rotation": {"angle": 22.5, "axis": "x", "origin": [13, 0, 10]},
			"faces": {
				"north": {"uv": [9, 4, 11, 10], "texture": "#0"},
				"east": {"uv": [9, 4, 11, 10], "texture": "#0"},
				"south": {"uv": [9, 4, 11, 10], "texture": "#0"},
				"west": {"uv": [9, 4, 11, 10], "texture": "#0"},
				"up": {"uv": [4, 14, 6, 16], "texture": "#0"},
				"down": {"uv": [13, 13, 15, 15], "texture": "#0"}
			}
		}
	],
	"groups": [
		{
			"name": "group",
			"origin": [6, 0, 6],
			"children": [0, 1]
		},
		{
			"name": "group",
			"origin": [10, -5, 9],
			"children": [2, 3]
		},
		{
			"name": "group",
			"origin": [13, 15, 18],
			"children": [4, 5]
		},
		{
			"name": "group",
			"origin": [13, 15, 18],
			"children": [6, 7]
		},
		{
			"name": "group",
			"origin": [13, 15, 18],
			"children": [8, 9]
		},
		{
			"name": "group",
			"origin": [10, 0, 10],
			"children": [10, 11]
		},
		{
			"name": "group",
			"origin": [13, 15, 18],
			"children": [12, 13]
		},
		{
			"name": "group",
			"origin": [13, 15, 18],
			"children": [14, 15]
		},
		{
			"name": "group",
			"origin": [13, 15, 18],
			"children": [16, 17]
		},
		{
			"name": "group",
			"origin": [13, 15, 18],
			"children": [18, 19]
		},
		{
			"name": "group",
			"origin": [10, -5, 9],
			"children": [20, 21]
		}, 22, 23, 24]
}