{
	"credit": "Made by XeKr with Blockbench",
	"parent": "block/block",
	"textures": {
		"particle": "block/stripped_warped_stem",
		"texture": "block/stripped_warped_stem"
	},
	"elements": [
		{
			"name": "Box9",
			"from": [0, 1, 7],
			"to": [2, 12, 9],
			"faces": {
				"north": {"uv": [14, 1, 16, 12], "texture": "#texture"},
				"east": {"uv": [7, 1, 9, 12], "texture": "#texture"},
				"south": {"uv": [0, 1, 2, 12], "texture": "#texture"},
				"west": {"uv": [7, 1, 9, 12], "texture": "#texture"},
				"up": {"uv": [0, 7, 2, 9], "texture": "#texture"},
				"down": {"uv": [0, 7, 2, 9], "texture": "#texture"}
			}
		},
		{
			"name": "Box9",
			"from": [14, 1, 7],
			"to": [16, 12, 9],
			"faces": {
				"north": {"uv": [0, 1, 2, 12], "texture": "#texture"},
				"east": {"uv": [7, 1, 9, 12], "texture": "#texture"},
				"south": {"uv": [14, 1, 16, 12], "texture": "#texture"},
				"west": {"uv": [7, 1, 9, 12], "texture": "#texture"},
				"up": {"uv": [14, 7, 16, 9], "texture": "#texture"},
				"down": {"uv": [14, 7, 16, 9], "texture": "#texture"}
			}
		},
		{
			"name": "Box11",
			"from": [2, 2, 7],
			"to": [3, 5, 9],
			"faces": {
				"north": {"uv": [13, 8, 14, 11], "texture": "#texture"},
				"east": {"uv": [7, 8, 9, 11], "texture": "#texture"},
				"south": {"uv": [2, 8, 3, 11], "texture": "#texture"},
				"west": {"uv": [7, 8, 9, 11], "texture": "#texture"},
				"up": {"uv": [2, 7, 3, 9], "texture": "#texture"},
				"down": {"uv": [2, 7, 3, 9], "texture": "#texture"}
			}
		},
		{
			"name": "Box11",
			"from": [3, 3, 7],
			"to": [5, 6, 9],
			"faces": {
				"north": {"uv": [11, 7, 13, 10], "texture": "#texture"},
				"east": {"uv": [7, 7, 9, 10], "texture": "#texture"},
				"south": {"uv": [3, 7, 5, 10], "texture": "#texture"},
				"west": {"uv": [7, 7, 9, 10], "texture": "#texture"},
				"up": {"uv": [3, 7, 5, 9], "texture": "#texture"},
				"down": {"uv": [3, 7, 5, 9], "texture": "#texture"}
			}
		},
		{
			"name": "Box11",
			"from": [2, 8, 7],
			"to": [4, 11, 9],
			"faces": {
				"north": {"uv": [12, 5, 14, 8], "texture": "#texture"},
				"east": {"uv": [7, 5, 9, 8], "texture": "#texture"},
				"south": {"uv": [2, 5, 4, 8], "texture": "#texture"},
				"west": {"uv": [7, 5, 9, 8], "texture": "#texture"},
				"up": {"uv": [2, 7, 4, 9], "texture": "#texture"},
				"down": {"uv": [2, 7, 4, 9], "texture": "#texture"}
			}
		},
		{
			"name": "Box11",
			"from": [4, 7, 7],
			"to": [6, 10, 9],
			"faces": {
				"north": {"uv": [10, 3, 12, 6], "texture": "#texture"},
				"east": {"uv": [7, 3, 9, 6], "texture": "#texture"},
				"south": {"uv": [4, 3, 6, 6], "texture": "#texture"},
				"west": {"uv": [7, 3, 9, 6], "texture": "#texture"},
				"up": {"uv": [4, 7, 6, 9], "texture": "#texture"},
				"down": {"uv": [4, 7, 6, 9], "texture": "#texture"}
			}
		},
		{
			"name": "Box11",
			"from": [6, 8, 7],
			"to": [7, 11, 9],
			"faces": {
				"north": {"uv": [9, 2, 10, 5], "texture": "#texture"},
				"east": {"uv": [7, 2, 9, 5], "texture": "#texture"},
				"south": {"uv": [6, 2, 7, 5], "texture": "#texture"},
				"west": {"uv": [7, 2, 9, 5], "texture": "#texture"},
				"up": {"uv": [6, 7, 7, 9], "texture": "#texture"},
				"down": {"uv": [6, 7, 7, 9], "texture": "#texture"}
			}
		},
		{
			"name": "Box11",
			"from": [7, 2, 7],
			"to": [8, 11, 9],
			"faces": {
				"north": {"uv": [8, 2, 9, 11], "texture": "#texture"},
				"east": {"uv": [7, 2, 9, 11], "texture": "#texture"},
				"south": {"uv": [7, 2, 8, 11], "texture": "#texture"},
				"west": {"uv": [7, 2, 9, 11], "texture": "#texture"},
				"up": {"uv": [7, 7, 8, 9], "texture": "#texture"},
				"down": {"uv": [7, 7, 8, 9], "texture": "#texture"}
			}
		},
		{
			"name": "Box11",
			"from": [8, 2, 7],
			"to": [9, 11, 9],
			"faces": {
				"north": {"uv": [7, 2, 8, 11], "texture": "#texture"},
				"east": {"uv": [7, 2, 9, 11], "texture": "#texture"},
				"south": {"uv": [8, 2, 9, 11], "texture": "#texture"},
				"west": {"uv": [7, 2, 9, 11], "texture": "#texture"},
				"up": {"uv": [8, 7, 9, 9], "texture": "#texture"},
				"down": {"uv": [8, 7, 9, 9], "texture": "#texture"}
			}
		},
		{
			"name": "Box11",
			"from": [9, 7, 7],
			"to": [11, 10, 9],
			"faces": {
				"north": {"uv": [5, 3, 7, 6], "texture": "#texture"},
				"east": {"uv": [7, 3, 9, 6], "texture": "#texture"},
				"south": {"uv": [9, 3, 11, 6], "texture": "#texture"},
				"west": {"uv": [7, 3, 9, 6], "texture": "#texture"},
				"up": {"uv": [9, 7, 11, 9], "texture": "#texture"},
				"down": {"uv": [9, 7, 11, 9], "texture": "#texture"}
			}
		},
		{
			"name": "Box11",
			"from": [11, 8, 7],
			"to": [12, 11, 9],
			"faces": {
				"north": {"uv": [4, 2, 5, 5], "texture": "#texture"},
				"east": {"uv": [7, 2, 9, 5], "texture": "#texture"},
				"south": {"uv": [11, 2, 12, 5], "texture": "#texture"},
				"west": {"uv": [7, 2, 9, 5], "texture": "#texture"},
				"up": {"uv": [11, 7, 12, 9], "texture": "#texture"},
				"down": {"uv": [11, 7, 12, 9], "texture": "#texture"}
			}
		},
		{
			"name": "Box11",
			"from": [13, 8, 7],
			"to": [14, 11, 9],
			"faces": {
				"north": {"uv": [2, 2, 3, 5], "texture": "#texture"},
				"east": {"uv": [7, 2, 9, 5], "texture": "#texture"},
				"south": {"uv": [13, 2, 14, 5], "texture": "#texture"},
				"west": {"uv": [7, 2, 9, 5], "texture": "#texture"},
				"up": {"uv": [13, 7, 14, 9], "texture": "#texture"},
				"down": {"uv": [13, 7, 14, 9], "texture": "#texture"}
			}
		},
		{
			"name": "Box11",
			"from": [12, 7, 7],
			"to": [13, 10, 9],
			"faces": {
				"north": {"uv": [3, 3, 4, 6], "texture": "#texture"},
				"east": {"uv": [7, 3, 9, 6], "texture": "#texture"},
				"south": {"uv": [12, 3, 13, 6], "texture": "#texture"},
				"west": {"uv": [7, 3, 9, 6], "texture": "#texture"},
				"up": {"uv": [12, 7, 13, 9], "texture": "#texture"},
				"down": {"uv": [12, 7, 13, 9], "texture": "#texture"}
			}
		},
		{
			"name": "Box11",
			"from": [9, 2, 7],
			"to": [10, 5, 9],
			"faces": {
				"north": {"uv": [6, 8, 7, 11], "texture": "#texture"},
				"east": {"uv": [7, 8, 9, 11], "texture": "#texture"},
				"south": {"uv": [9, 8, 10, 11], "texture": "#texture"},
				"west": {"uv": [7, 8, 9, 11], "texture": "#texture"},
				"up": {"uv": [9, 7, 10, 9], "texture": "#texture"},
				"down": {"uv": [9, 7, 10, 9], "texture": "#texture"}
			}
		},
		{
			"name": "Box11",
			"from": [10, 3, 7],
			"to": [13, 6, 9],
			"faces": {
				"north": {"uv": [3, 7, 6, 10], "texture": "#texture"},
				"east": {"uv": [7, 7, 9, 10], "texture": "#texture"},
				"south": {"uv": [10, 7, 13, 10], "texture": "#texture"},
				"west": {"uv": [7, 7, 9, 10], "texture": "#texture"},
				"up": {"uv": [10, 7, 13, 9], "texture": "#texture"},
				"down": {"uv": [10, 7, 13, 9], "texture": "#texture"}
			}
		},
		{
			"name": "Box11",
			"from": [13, 2, 7],
			"to": [14, 5, 9],
			"faces": {
				"north": {"uv": [2, 8, 3, 11], "texture": "#texture"},
				"east": {"uv": [7, 8, 9, 11], "texture": "#texture"},
				"south": {"uv": [13, 8, 14, 11], "texture": "#texture"},
				"west": {"uv": [7, 8, 9, 11], "texture": "#texture"},
				"up": {"uv": [13, 7, 14, 9], "texture": "#texture"},
				"down": {"uv": [13, 7, 14, 9], "texture": "#texture"}
			}
		},
		{
			"name": "Box11",
			"from": [5, 2, 7],
			"to": [6, 5, 9],
			"faces": {
				"north": {"uv": [10, 8, 11, 11], "texture": "#texture"},
				"east": {"uv": [7, 8, 9, 11], "texture": "#texture"},
				"south": {"uv": [5, 8, 6, 11], "texture": "#texture"},
				"west": {"uv": [7, 8, 9, 11], "texture": "#texture"},
				"up": {"uv": [5, 7, 6, 9], "texture": "#texture"},
				"down": {"uv": [5, 7, 6, 9], "texture": "#texture"}
			}
		},
		{
			"name": "Box11",
			"from": [6, 3, 7],
			"to": [7, 6, 9],
			"faces": {
				"north": {"uv": [9, 7, 10, 10], "texture": "#texture"},
				"east": {"uv": [7, 7, 9, 10], "texture": "#texture"},
				"south": {"uv": [6, 7, 7, 10], "texture": "#texture"},
				"west": {"uv": [7, 7, 9, 10], "texture": "#texture"},
				"up": {"uv": [6, 7, 7, 9], "texture": "#texture"},
				"down": {"uv": [6, 7, 7, 9], "texture": "#texture"}
			}
		}
	],
	"display": {
		"gui": {
			"rotation": [30, 45, 0],
			"translation": [0, -1, 0],
			"scale": [0.8, 0.8, 0.8]
		},
		"head": {
			"translation": [0, -3, -6]
		}
	}
}