{
    "type": "minecraft:fishing",
    "pools": [
      {
        "rolls": 1.0,
        "bonus_rolls": 0.0,
        "entries": [
          {
            "type": "minecraft:loot_table",
            "weight": 2,
            "name": "anc:elytra_frame"
          },
          {
            "type": "minecraft:item",
            "weight": 10,
            "name": "minecraft:chorus_fruit"
          },
          {
            "type": "minecraft:item",
            "weight": 1,
            "name": "minecraft:chorus_flower"
          },
          {
            "type": "minecraft:item",
            "weight": 1,
            "name": "minecraft:end_stone"
          }
        ]
      }
    ]
  }