{
    "multipart": [
        {
		"when":{"bites":"0"},
		"apply": [
             { "model": "block/cake1", "weight": 1 },
             { "model": "block/cake2", "weight": 1 },
             { "model": "block/cake3", "weight": 1 },
             { "model": "block/cake4", "weight": 1 },
             { "model": "block/cake5", "weight": 1 },
             { "model": "block/cake6", "weight": 1 }
			]
		},
        {
		"when":{"bites":"1"},
		"apply": [
             { "model": "block/cake1_slice1", "weight": 1 },
             { "model": "block/cake2_slice1", "weight": 1 },
             { "model": "block/cake3_slice1", "weight": 1 },
             { "model": "block/cake4_slice1", "weight": 1 },
             { "model": "block/cake5_slice1", "weight": 1 },
             { "model": "block/cake6_slice1", "weight": 1 }
			]
		},
        {
		"when":{"bites":"2"},
		"apply": [
             { "model": "block/cake1_slice2", "weight": 1 },
             { "model": "block/cake2_slice2", "weight": 1 },
             { "model": "block/cake3_slice2", "weight": 1 },
             { "model": "block/cake4_slice2", "weight": 1 },
             { "model": "block/cake5_slice2", "weight": 1 },
             { "model": "block/cake6_slice2", "weight": 1 }
			]
		},
        {
		"when":{"bites":"3"},
		"apply": [
             { "model": "block/cake1_slice3", "weight": 1 },
             { "model": "block/cake2_slice3", "weight": 1 },
             { "model": "block/cake3_slice3", "weight": 1 },
             { "model": "block/cake4_slice3", "weight": 1 },
             { "model": "block/cake5_slice3", "weight": 1 },
             { "model": "block/cake6_slice3", "weight": 1 }
			]
		},
        {
		"when":{"bites":"4"},
		"apply": [
             { "model": "block/cake1_slice4", "weight": 1 },
             { "model": "block/cake2_slice4", "weight": 1 },
             { "model": "block/cake3_slice4", "weight": 1 },
             { "model": "block/cake4_slice4", "weight": 1 },
             { "model": "block/cake5_slice4", "weight": 1 },
             { "model": "block/cake6_slice4", "weight": 1 }
			]
		},
        {
		"when":{"bites":"5"},
		"apply": [
             { "model": "block/cake1_slice5", "weight": 1 },
             { "model": "block/cake2_slice5", "weight": 1 },
             { "model": "block/cake3_slice5", "weight": 1 },
             { "model": "block/cake4_slice5", "weight": 1 },
             { "model": "block/cake5_slice5", "weight": 1 },
             { "model": "block/cake6_slice5", "weight": 1 }
			]
		},
        {
		"when":{"bites":"6"},
		"apply": [
             { "model": "block/cake1_slice6", "weight": 1 },
             { "model": "block/cake2_slice6", "weight": 1 },
             { "model": "block/cake3_slice6", "weight": 1 },
             { "model": "block/cake4_slice6", "weight": 1 },
             { "model": "block/cake5_slice6", "weight": 1 },
             { "model": "block/cake6_slice6", "weight": 1 }
			]
		}
    ]
}
