{
  "multipart": [
		{
		"when":{"lit":"true"},
		"apply": 	{"model": "minecraft:block/pink_candle_cake_lit" }
		},
		{
		"when":{"lit":"false"},
		"apply": 	{"model": "minecraft:block/pink_candle_cake" }
		},
		{
		"apply": [
             { "model": "block/cake1", "weight": 1 },
             { "model": "block/cake2", "weight": 1 },
             { "model": "block/cake3", "weight": 1 },
             { "model": "block/cake4", "weight": 1 },
             { "model": "block/cake5", "weight": 1 },
             { "model": "block/cake6", "weight": 1 }
			]
		}
	]
}