{
    "condition": "alternative",
    "terms": [
        {
            "condition": "location_check",
            "offsetY": -1,
            "predicate": {
                "block": {
                    "blocks": [
                        "fire",
                        "soul_fire",
                        "lava",
                        "lava_cauldron"
                    ]
                }
            }
        },
        {
            "condition": "location_check",
            "offsetY": -1,
            "predicate": {
                "block": {
                    "blocks": [
                        "furnace",
                        "blast_furnace",
                        "smoker",
                        "soul_campfire",
                        "campfire"
                    ],
                    "state": {
                        "lit": true
                    }
                }
            }
        }
    ]
}