{
	"condition": "minecraft:alternative",
	"terms": [
		{
			"condition": "minecraft:entity_properties",
			"entity": "this",
			"predicate": {
				"nbt": "{Item:{id:\"minecraft:netherite_sword\",Count:1b}}"
			}
		},
		{
			"condition": "minecraft:entity_properties",
			"entity": "this",
			"predicate": {
				"nbt": "{Item:{id:\"minecraft:netherite_pickaxe\",Count:1b}}"
			}
		},
		{
			"condition": "minecraft:entity_properties",
			"entity": "this",
			"predicate": {
				"nbt": "{Item:{id:\"minecraft:netherite_axe\",Count:1b}}"
			}
		},
		{
			"condition": "minecraft:entity_properties",
			"entity": "this",
			"predicate": {
				"nbt": "{Item:{id:\"minecraft:netherite_hoe\",Count:1b}}"
			}
		},
		{
			"condition": "minecraft:entity_properties",
			"entity": "this",
			"predicate": {
				"nbt": "{Item:{id:\"minecraft:netherite_shovel\",Count:1b}}"
			}
		}
    ]
}