{
	"parent":"block/block",
	"ambientocclusion": false,
	"textures": {
		"particle": "block/seagrass/1",
		"seagrass": "block/seagrass/1"
	},
	"elements": [
		{
			"name": "pane1",
			"from": [0, 0, 12],
			"to": [16, 16, 12],
			"shade": false,
			"faces": {
				"north": {"uv": [0, 0, 16, 16], "texture": "#seagrass", "tintindex": 0},
				"south": {"uv": [0, 0, 16, 16], "texture": "#seagrass", "tintindex": 0}
			}
		},
		{
			"name": "pane2",
			"from": [4, 0, 0],
			"to": [4, 16, 16],
			"shade": false,
			"faces": {
				"east": {"uv": [0, 0, 16, 16], "texture": "#seagrass", "tintindex": 0},
				"west": {"uv": [0, 0, 16, 16], "texture": "#seagrass", "tintindex": 0}
			}
		},
		{
			"name": "pane3",
			"from": [12, 0, 0],
			"to": [12, 16, 16],
			"shade": false,
			"faces": {
				"east": {"uv": [0, 0, 16, 16], "texture": "#seagrass", "tintindex": 0},
				"west": {"uv": [0, 0, 16, 16], "texture": "#seagrass", "tintindex": 0}
			}
		},
		{
			"name": "pane4",
			"from": [0, 0, 4],
			"to": [16, 16, 4],
			"shade": false,
			"faces": {
				"north": {"uv": [0, 0, 16, 16], "texture": "#seagrass", "tintindex": 0},
				"south": {"uv": [0, 0, 16, 16], "texture": "#seagrass", "tintindex": 0}
			}
		}
	]
}
