{
    "type": "minecraft:entity",
    "pools": [
        {
            "rolls": 1,
            "entries": [
                {
                    "type": "minecraft:item",
                    "name": "minecraft:cooked_porkchop",
                    "functions": [
                        {
                            "function": "set_nbt",
                            "tag": "{CustomModelData:11140041,id:'anc:meatballs',display:{Name:'{\"italic\":false,\"translate\":\"anc.item.meatballs.name\"}'}}"
                        }
                    ]
                }
            ]
        }
    ]
}