{
    "type": "minecraft:entity",
    "pools": [
        {
            "rolls": 1,
            "entries": [
                {
                    "type": "minecraft:item",
                    "name": "minecraft:dried_kelp",
                    "functions": [
                        {
                            "function": "set_nbt",
                            "tag": "{CustomModelData:11140048,id:'anc:white_chocolate',display:{Name:'{\"italic\":false,\"translate\":\"anc.item.white_chocolate.name\"}'}}"
                        }
                    ]
                }
            ]
        }
    ]
}