{
	"credit": "Made by XeKr with Blockbench",
	"textures": {
		"0": "block/cake_box",
		"1": "block/cake_box_side",
		"particle": "#0"
	},
	"elements": [
		{
			"from": [14.5, 9, 0.5],
			"to": [15.5, 9, 14.5],
			"rotation": {"angle": 0, "axis": "y", "origin": [8, 0, 8]},
			"faces": {
				"up": {"uv": [14, 0, 15, 14], "texture": "#0"},
				"down": {"uv": [14, 14, 15, 0], "texture": "#0"}
			}
		},
		{
			"from": [0.5, 9, 0.5],
			"to": [14.5, 9, 1.5],
			"rotation": {"angle": 0, "axis": "y", "origin": [8, 0, 8]},
			"faces": {
				"up": {"uv": [0, 0, 14, 1], "texture": "#0"},
				"down": {"uv": [0, 0, 14, 1], "texture": "#0"}
			}
		},
		{
			"from": [0.5, 9, 1.5],
			"to": [1.5, 9, 15.5],
			"rotation": {"angle": 0, "axis": "y", "origin": [8, 0, 8]},
			"faces": {
				"up": {"uv": [0, 1, 1, 15], "texture": "#0"},
				"down": {"uv": [0, 15, 1, 1], "texture": "#0"}
			}
		},
		{
			"from": [1.5, 9, 14.5],
			"to": [15.5, 9, 15.5],
			"rotation": {"angle": 0, "axis": "y", "origin": [8, 0, 8]},
			"faces": {
				"up": {"uv": [1, 14, 15, 15], "texture": "#0"},
				"down": {"uv": [1, 14, 15, 15], "texture": "#0"}
			}
		},
		{
			"from": [0.5, 0, 15.5],
			"to": [15.5, 9, 15.5],
			"rotation": {"angle": 0, "axis": "x", "origin": [8, 4, 8]},
			"faces": {
				"north": {"uv": [0, 7, 15, 16], "rotation": 180, "texture": "#1"},
				"south": {"uv": [0, 7, 15, 16], "texture": "#1"}
			}
		},
		{
			"from": [15.5, 0, 0.5],
			"to": [15.5, 9, 15.5],
			"rotation": {"angle": 0, "axis": "y", "origin": [8, 4, 8]},
			"faces": {
				"east": {"uv": [15, 7, 0, 16], "texture": "#1"},
				"west": {"uv": [15, 7, 0, 16], "rotation": 180, "texture": "#1"}
			}
		},
		{
			"from": [0.5, 0, 0.5],
			"to": [15.5, 9, 0.5],
			"rotation": {"angle": 0, "axis": "y", "origin": [8, 4, 8]},
			"faces": {
				"north": {"uv": [15, 7, 0, 16], "texture": "#1"},
				"south": {"uv": [15, 7, 0, 16], "rotation": 180, "texture": "#1"}
			}
		},
		{
			"from": [0.5, 0, 0.5],
			"to": [0.5, 9, 15.5],
			"rotation": {"angle": 0, "axis": "y", "origin": [8, 4, 8]},
			"faces": {
				"east": {"uv": [0, 7, 15, 16], "rotation": 180, "texture": "#1"},
				"west": {"uv": [0, 7, 15, 16], "texture": "#1"}
			}
		},
		{
			"from": [0.5, 0.1, 0.5],
			"to": [15.5, 0.1, 15.5],
			"faces": {
				"up": {"uv": [0, 0, 15, 15], "texture": "#0"},
				"down": {"uv": [0, 15, 15, 0], "texture": "#0"}
			}
		},
		{
			"from": [3.5, 9, 1.5],
			"to": [6.5, 9, 14.5],
			"rotation": {"angle": 0, "axis": "y", "origin": [5, 9, 5]},
			"faces": {
				"up": {"uv": [3, 1, 6, 14], "texture": "#0"},
				"down": {"uv": [3, 14, 6, 1], "texture": "#0"}
			}
		},
		{
			"from": [1.5, 9, 3.5],
			"to": [14.5, 9, 6.5],
			"rotation": {"angle": 0, "axis": "y", "origin": [5, 9, 5]},
			"faces": {
				"up": {"uv": [1, 3, 14, 6], "texture": "#0"},
				"down": {"uv": [1, 6, 14, 3], "texture": "#0"}
			}
		}
	],
	"groups": [
		{
			"name": "group",
			"origin": [8, 0, 8],
			"color": 0,
			"children": [0, 1, 2, 3]
		},
		{
			"name": "group",
			"origin": [8, 4, 8],
			"color": 0,
			"children": [4, 5, 6, 7]
		},
		8,
		9,
		10
	]
}