{
	"credit": "Made by XeKr with Blockbench",
	"textures": {
		"0": "block/dish",
		"1": "block/cake5",
		"particle": "block/dish"
	},
	"elements": [
		{
			"from": [2, 0, 2],
			"to": [14, 1, 14],
			"faces": {
				"north": {"uv": [2, 13, 14, 14], "texture": "#0"},
				"east": {"uv": [2, 13, 14, 14], "texture": "#0"},
				"south": {"uv": [2, 13, 14, 14], "texture": "#0"},
				"west": {"uv": [2, 13, 14, 14], "texture": "#0"},
				"down": {"uv": [2, 2, 14, 14], "texture": "#0"}
			}
		},
		{
			"from": [1, 1, 1],
			"to": [15, 2, 15],
			"faces": {
				"north": {"uv": [1, 14, 15, 15], "texture": "#0"},
				"east": {"uv": [1, 14, 15, 15], "texture": "#0"},
				"south": {"uv": [1, 14, 15, 15], "texture": "#0"},
				"west": {"uv": [1, 14, 15, 15], "texture": "#0"},
				"up": {"uv": [1, 1, 15, 15], "texture": "#0"},
				"down": {"uv": [1, 1, 15, 15], "texture": "#0"}
			}
		},
		{
			"from": [11.5, 2, 2],
			"to": [13.5, 5, 12],
			"rotation": {"angle": 0, "axis": "y", "origin": [8, 8, 8]},
			"faces": {
				"north": {"uv": [0, 3, 2, 6], "texture": "#1"},
				"east": {"uv": [0, 3, 10, 6], "texture": "#1"},
				"south": {"uv": [0, 3, 2, 6], "texture": "#1"},
				"west": {"uv": [0, 3, 10, 6], "texture": "#1"},
				"up": {"uv": [0, 0, 10, 2], "rotation": 270, "texture": "#1"},
				"down": {"uv": [0, 0, 10, 2], "rotation": 90, "texture": "#1"}
			}
		},
		{
			"from": [10, 5, 2.5],
			"to": [12, 8, 12.5],
			"rotation": {"angle": 0, "axis": "y", "origin": [9.5, 11, 6.5]},
			"faces": {
				"north": {"uv": [0, 10, 2, 13], "texture": "#1"},
				"east": {"uv": [0, 10, 10, 13], "texture": "#1"},
				"south": {"uv": [0, 10, 2, 13], "texture": "#1"},
				"west": {"uv": [0, 10, 10, 13], "texture": "#1"},
				"up": {"uv": [0, 7, 10, 9], "rotation": 270, "texture": "#1"},
				"down": {"uv": [0, 7, 10, 9], "rotation": 90, "texture": "#1"}
			}
		},
		{
			"from": [5.5, 2, 2],
			"to": [7.5, 5, 12],
			"rotation": {"angle": 0, "axis": "y", "origin": [8, 8, 8]},
			"faces": {
				"north": {"uv": [0, 3, 2, 6], "texture": "#1"},
				"east": {"uv": [0, 3, 10, 6], "texture": "#1"},
				"south": {"uv": [0, 3, 2, 6], "texture": "#1"},
				"west": {"uv": [0, 3, 10, 6], "texture": "#1"},
				"up": {"uv": [0, 0, 10, 2], "rotation": 270, "texture": "#1"},
				"down": {"uv": [0, 0, 10, 2], "rotation": 90, "texture": "#1"}
			}
		},
		{
			"from": [8.5, 2, 4],
			"to": [10.5, 5, 14],
			"rotation": {"angle": 0, "axis": "y", "origin": [5, 8, 10]},
			"faces": {
				"north": {"uv": [0, 3, 2, 6], "texture": "#1"},
				"east": {"uv": [0, 3, 10, 6], "texture": "#1"},
				"south": {"uv": [0, 3, 2, 6], "texture": "#1"},
				"west": {"uv": [0, 3, 10, 6], "texture": "#1"},
				"up": {"uv": [0, 0, 10, 2], "rotation": 270, "texture": "#1"},
				"down": {"uv": [0, 0, 10, 2], "rotation": 90, "texture": "#1"}
			}
		}
	]
}