{
	"credit": "Made by XeKr with Blockbench",
	"textures": {
		"0": "block/dish",
		"1": "block/cake2",
		"particle": "block/dish"
	},
	"elements": [
		{
			"from": [2, 0, 2],
			"to": [14, 1, 14],
			"faces": {
				"north": {"uv": [2, 13, 14, 14], "texture": "#0"},
				"east": {"uv": [2, 13, 14, 14], "texture": "#0"},
				"south": {"uv": [2, 13, 14, 14], "texture": "#0"},
				"west": {"uv": [2, 13, 14, 14], "texture": "#0"},
				"down": {"uv": [2, 2, 14, 14], "texture": "#0"}
			}
		},
		{
			"from": [1, 1, 1],
			"to": [15, 2, 15],
			"faces": {
				"north": {"uv": [1, 14, 15, 15], "texture": "#0"},
				"east": {"uv": [1, 14, 15, 15], "texture": "#0"},
				"south": {"uv": [1, 14, 15, 15], "texture": "#0"},
				"west": {"uv": [1, 14, 15, 15], "texture": "#0"},
				"up": {"uv": [1, 1, 15, 15], "texture": "#0"},
				"down": {"uv": [1, 1, 15, 15], "texture": "#0"}
			}
		},
		{
			"from": [6, 2, 1.5],
			"to": [10, 4, 5.5],
			"rotation": {"angle": 0, "axis": "y", "origin": [6, 2, 1.5]},
			"faces": {
				"north": {"uv": [0, 5, 4, 7], "texture": "#1"},
				"east": {"uv": [0, 5, 4, 7], "texture": "#1"},
				"south": {"uv": [0, 5, 4, 7], "texture": "#1"},
				"west": {"uv": [0, 5, 4, 7], "texture": "#1"},
				"up": {"uv": [0, 0, 4, 4], "texture": "#1"},
				"down": {"uv": [0, 0, 4, 4], "texture": "#1"}
			}
		},
		{
			"from": [10.5, 2, 1.5],
			"to": [14.5, 4, 5.5],
			"rotation": {"angle": 0, "axis": "y", "origin": [10.5, 2, 1.5]},
			"faces": {
				"north": {"uv": [5, 5, 9, 7], "texture": "#1"},
				"east": {"uv": [5, 5, 9, 7], "texture": "#1"},
				"south": {"uv": [5, 5, 9, 7], "texture": "#1"},
				"west": {"uv": [5, 5, 9, 7], "texture": "#1"},
				"up": {"uv": [5, 0, 9, 4], "texture": "#1"},
				"down": {"uv": [0, 0, 4, 4], "texture": "#1"}
			}
		},
		{
			"from": [10.5, 2, 6],
			"to": [14.5, 4, 10],
			"rotation": {"angle": 0, "axis": "y", "origin": [10.5, 2, 6]},
			"faces": {
				"north": {"uv": [0, 5, 4, 7], "texture": "#1"},
				"east": {"uv": [0, 5, 4, 7], "texture": "#1"},
				"south": {"uv": [0, 5, 4, 7], "texture": "#1"},
				"west": {"uv": [0, 5, 4, 7], "texture": "#1"},
				"up": {"uv": [0, 0, 4, 4], "texture": "#1"},
				"down": {"uv": [0, 0, 4, 4], "texture": "#1"}
			}
		},
		{
			"from": [6, 2, 6],
			"to": [10, 4, 10],
			"rotation": {"angle": 0, "axis": "y", "origin": [6, 2, 6]},
			"faces": {
				"north": {"uv": [0, 5, 4, 7], "texture": "#1"},
				"east": {"uv": [0, 5, 4, 7], "texture": "#1"},
				"south": {"uv": [0, 5, 4, 7], "texture": "#1"},
				"west": {"uv": [0, 5, 4, 7], "texture": "#1"},
				"up": {"uv": [0, 0, 4, 4], "texture": "#1"},
				"down": {"uv": [0, 0, 4, 4], "texture": "#1"}
			}
		},
		{
			"from": [10.5, 2, 10.5],
			"to": [14.5, 4, 14.5],
			"rotation": {"angle": 0, "axis": "y", "origin": [10.5, 2, 10.5]},
			"faces": {
				"north": {"uv": [0, 13, 4, 15], "texture": "#1"},
				"east": {"uv": [0, 13, 4, 15], "texture": "#1"},
				"south": {"uv": [0, 13, 4, 15], "texture": "#1"},
				"west": {"uv": [0, 13, 4, 15], "texture": "#1"},
				"up": {"uv": [0, 8, 4, 12], "texture": "#1"},
				"down": {"uv": [0, 8, 4, 12], "texture": "#1"}
			}
		},
		{
			"from": [6, 2, 10.5],
			"to": [10, 4, 14.5],
			"rotation": {"angle": 0, "axis": "y", "origin": [6, 2, 10.5]},
			"faces": {
				"north": {"uv": [0, 5, 4, 7], "texture": "#1"},
				"east": {"uv": [0, 5, 4, 7], "texture": "#1"},
				"south": {"uv": [0, 5, 4, 7], "texture": "#1"},
				"west": {"uv": [0, 5, 4, 7], "texture": "#1"},
				"up": {"uv": [0, 0, 4, 4], "texture": "#1"},
				"down": {"uv": [0, 0, 4, 4], "texture": "#1"}
			}
		},
		{
			"from": [8.3, 4, 3.7],
			"to": [12.3, 6, 7.7],
			"rotation": {"angle": 0, "axis": "y", "origin": [8.3, 4, 3.7]},
			"faces": {
				"north": {"uv": [0, 13, 4, 15], "texture": "#1"},
				"east": {"uv": [0, 13, 4, 15], "texture": "#1"},
				"south": {"uv": [0, 13, 4, 15], "texture": "#1"},
				"west": {"uv": [0, 13, 4, 15], "texture": "#1"},
				"up": {"uv": [0, 8, 4, 12], "texture": "#1"},
				"down": {"uv": [0, 8, 4, 12], "texture": "#1"}
			}
		},
		{
			"from": [8.3, 4, 8.3],
			"to": [12.3, 6, 12.3],
			"rotation": {"angle": 0, "axis": "y", "origin": [8.3, 4, 8.3]},
			"faces": {
				"north": {"uv": [5, 13, 9, 15], "texture": "#1"},
				"east": {"uv": [5, 13, 9, 15], "texture": "#1"},
				"south": {"uv": [5, 13, 9, 15], "texture": "#1"},
				"west": {"uv": [5, 13, 9, 15], "texture": "#1"},
				"up": {"uv": [5, 8, 9, 12], "texture": "#1"},
				"down": {"uv": [0, 8, 4, 12], "texture": "#1"}
			}
		}
	]
}