{
	"credit": "Made by XeKr with Blockbench",
	"textures": {
		"0": "block/dish",
		"1": "block/cake3",
		"particle": "block/dish"
	},
	"elements": [
		{
			"from": [2, 0, 2],
			"to": [14, 1, 14],
			"faces": {
				"north": {"uv": [2, 13, 14, 14], "texture": "#0"},
				"east": {"uv": [2, 13, 14, 14], "texture": "#0"},
				"south": {"uv": [2, 13, 14, 14], "texture": "#0"},
				"west": {"uv": [2, 13, 14, 14], "texture": "#0"},
				"down": {"uv": [2, 2, 14, 14], "texture": "#0"}
			}
		},
		{
			"from": [1, 1, 1],
			"to": [15, 2, 15],
			"faces": {
				"north": {"uv": [1, 14, 15, 15], "texture": "#0"},
				"east": {"uv": [1, 14, 15, 15], "texture": "#0"},
				"south": {"uv": [1, 14, 15, 15], "texture": "#0"},
				"west": {"uv": [1, 14, 15, 15], "texture": "#0"},
				"up": {"uv": [1, 1, 15, 15], "texture": "#0"},
				"down": {"uv": [1, 1, 15, 15], "texture": "#0"}
			}
		},
		{
			"from": [10, 2, 2.5],
			"to": [14, 3, 4.5],
			"rotation": {"angle": -22.5, "axis": "y", "origin": [12, 2, 4.5]},
			"faces": {
				"north": {"uv": [0, 5, 4, 6], "texture": "#1"},
				"east": {"uv": [0, 5, 2, 6], "texture": "#1"},
				"south": {"uv": [0, 5, 4, 6], "texture": "#1"},
				"west": {"uv": [0, 5, 2, 6], "texture": "#1"},
				"up": {"uv": [0, 2, 4, 4], "texture": "#1"},
				"down": {"uv": [0, 0, 4, 2], "texture": "#1"}
			}
		},
		{
			"from": [10.5, 2, 6],
			"to": [14.5, 3, 10],
			"rotation": {"angle": 0, "axis": "y", "origin": [10.5, 2, 8]},
			"faces": {
				"north": {"uv": [10, 5, 14, 6], "texture": "#1"},
				"east": {"uv": [10, 5, 14, 6], "texture": "#1"},
				"south": {"uv": [10, 5, 14, 6], "texture": "#1"},
				"west": {"uv": [10, 5, 14, 6], "texture": "#1"},
				"up": {"uv": [10, 0, 14, 4], "texture": "#1"},
				"down": {"uv": [10, 0, 14, 4], "texture": "#1"}
			}
		}
	]
}