{
	"credit": "Made by XeKr with Blockbench",
	"textures": {
		"0": "block/dish",
		"1": "block/cake6",
		"particle": "block/dish"
	},
	"elements": [
		{
			"from": [2, 0, 2],
			"to": [14, 1, 14],
			"faces": {
				"north": {"uv": [2, 13, 14, 14], "texture": "#0"},
				"east": {"uv": [2, 13, 14, 14], "texture": "#0"},
				"south": {"uv": [2, 13, 14, 14], "texture": "#0"},
				"west": {"uv": [2, 13, 14, 14], "texture": "#0"},
				"down": {"uv": [2, 2, 14, 14], "texture": "#0"}
			}
		},
		{
			"from": [1, 1, 1],
			"to": [15, 2, 15],
			"faces": {
				"north": {"uv": [1, 14, 15, 15], "texture": "#0"},
				"east": {"uv": [1, 14, 15, 15], "texture": "#0"},
				"south": {"uv": [1, 14, 15, 15], "texture": "#0"},
				"west": {"uv": [1, 14, 15, 15], "texture": "#0"},
				"up": {"uv": [1, 1, 15, 15], "texture": "#0"},
				"down": {"uv": [1, 1, 15, 15], "texture": "#0"}
			}
		},
		{
			"from": [10.5, 2, 2.5],
			"to": [13.5, 5, 7.5],
			"rotation": {"angle": 22.5, "axis": "y", "origin": [12, 3.5, 5]},
			"faces": {
				"north": {"uv": [0, 4, 3, 7], "texture": "#1"},
				"east": {"uv": [0, 4, 5, 7], "texture": "#1"},
				"south": {"uv": [0, 4, 3, 7], "texture": "#1"},
				"west": {"uv": [0, 4, 5, 7], "texture": "#1"},
				"up": {"uv": [0, 0, 5, 3], "rotation": 270, "texture": "#1"},
				"down": {"uv": [0, 0, 5, 3], "rotation": 90, "texture": "#1"}
			}
		},
		{
			"from": [6.5, 2, 2.5],
			"to": [9.5, 5, 7.5],
			"rotation": {"angle": 22.5, "axis": "y", "origin": [8, 3.5, 5]},
			"faces": {
				"north": {"uv": [0, 4, 3, 7], "texture": "#1"},
				"east": {"uv": [0, 4, 5, 7], "texture": "#1"},
				"south": {"uv": [0, 4, 3, 7], "texture": "#1"},
				"west": {"uv": [0, 4, 5, 7], "texture": "#1"},
				"up": {"uv": [0, 0, 5, 3], "rotation": 270, "texture": "#1"},
				"down": {"uv": [0, 0, 5, 3], "rotation": 90, "texture": "#1"}
			}
		},
		{
			"from": [6.5, 2, 8.5],
			"to": [9.5, 5, 13.5],
			"rotation": {"angle": 22.5, "axis": "y", "origin": [8, 3.5, 11]},
			"faces": {
				"north": {"uv": [0, 12, 3, 15], "texture": "#1"},
				"east": {"uv": [0, 12, 5, 15], "texture": "#1"},
				"south": {"uv": [0, 12, 3, 15], "texture": "#1"},
				"west": {"uv": [0, 12, 5, 15], "texture": "#1"},
				"up": {"uv": [0, 8, 5, 11], "rotation": 270, "texture": "#1"},
				"down": {"uv": [0, 8, 5, 11], "rotation": 90, "texture": "#1"}
			}
		},
		{
			"from": [10.5, 2, 8.5],
			"to": [13.5, 5, 13.5],
			"rotation": {"angle": 22.5, "axis": "y", "origin": [12, 3.5, 11]},
			"faces": {
				"north": {"uv": [0, 12, 3, 15], "texture": "#1"},
				"east": {"uv": [0, 12, 5, 15], "texture": "#1"},
				"south": {"uv": [0, 12, 3, 15], "texture": "#1"},
				"west": {"uv": [0, 12, 5, 15], "texture": "#1"},
				"up": {"uv": [0, 8, 5, 11], "rotation": 270, "texture": "#1"},
				"down": {"uv": [0, 8, 5, 11], "rotation": 90, "texture": "#1"}
			}
		},
		{
			"from": [6.5, 5, 7.5],
			"to": [9.5, 8, 10.5],
			"rotation": {"angle": 22.5, "axis": "y", "origin": [8, 6.5, 8]},
			"faces": {
				"north": {"uv": [6, 4, 9, 7], "texture": "#1"},
				"east": {"uv": [6, 4, 9, 7], "texture": "#1"},
				"south": {"uv": [6, 4, 9, 7], "texture": "#1"},
				"west": {"uv": [9, 4, 6, 7], "texture": "#1"},
				"up": {"uv": [6, 0, 9, 3], "rotation": 270, "texture": "#1"},
				"down": {"uv": [0, 8, 3, 11], "rotation": 90, "texture": "#1"}
			}
		},
		{
			"from": [10.5, 5, 5.5],
			"to": [13.5, 8, 10.5],
			"rotation": {"angle": 22.5, "axis": "y", "origin": [12, 6.5, 8]},
			"faces": {
				"north": {"uv": [12, 4, 15, 7], "texture": "#1"},
				"east": {"uv": [6, 4, 11, 7], "texture": "#1"},
				"south": {"uv": [6, 4, 9, 7], "texture": "#1"},
				"west": {"uv": [11, 4, 6, 7], "texture": "#1"},
				"up": {"uv": [6, 0, 11, 3], "rotation": 270, "texture": "#1"},
				"down": {"uv": [0, 8, 5, 11], "rotation": 90, "texture": "#1"}
			}
		}
	]
}