{
	"credit": "Made by XeKr with Blockbench",
	"textures": {
		"0": "block/dish",
		"1": "block/cake4",
		"particle": "block/dish"
	},
	"elements": [
		{
			"from": [2, 0, 2],
			"to": [14, 1, 14],
			"faces": {
				"north": {"uv": [2, 13, 14, 14], "texture": "#0"},
				"east": {"uv": [2, 13, 14, 14], "texture": "#0"},
				"south": {"uv": [2, 13, 14, 14], "texture": "#0"},
				"west": {"uv": [2, 13, 14, 14], "texture": "#0"},
				"down": {"uv": [2, 2, 14, 14], "texture": "#0"}
			}
		},
		{
			"from": [1, 1, 1],
			"to": [15, 2, 15],
			"faces": {
				"north": {"uv": [1, 14, 15, 15], "texture": "#0"},
				"east": {"uv": [1, 14, 15, 15], "texture": "#0"},
				"south": {"uv": [1, 14, 15, 15], "texture": "#0"},
				"west": {"uv": [1, 14, 15, 15], "texture": "#0"},
				"up": {"uv": [1, 1, 15, 15], "texture": "#0"},
				"down": {"uv": [1, 1, 15, 15], "texture": "#0"}
			}
		},
		{
			"from": [6.5, 2, 3.5],
			"to": [9.5, 4, 12.5],
			"rotation": {"angle": 0, "axis": "y", "origin": [8, 8, 8]},
			"faces": {
				"north": {"uv": [10, 4, 13, 6], "texture": "#1"},
				"east": {"uv": [0, 4, 9, 6], "texture": "#1"},
				"south": {"uv": [10, 4, 13, 6], "texture": "#1"},
				"west": {"uv": [0, 4, 9, 6], "texture": "#1"},
				"up": {"uv": [0, 0, 9, 3], "rotation": 90, "texture": "#1"},
				"down": {"uv": [0, 0, 9, 3], "rotation": 270, "texture": "#1"}
			}
		},
		{
			"from": [8.5, 4, 3.3],
			"to": [11.5, 6, 12.3],
			"rotation": {"angle": 0, "axis": "y", "origin": [8, 8, 7.8]},
			"faces": {
				"north": {"uv": [10, 4, 13, 6], "texture": "#1"},
				"east": {"uv": [0, 4, 9, 6], "texture": "#1"},
				"south": {"uv": [10, 4, 13, 6], "texture": "#1"},
				"west": {"uv": [0, 4, 9, 6], "texture": "#1"},
				"up": {"uv": [0, 0, 9, 3], "rotation": 90, "texture": "#1"},
				"down": {"uv": [0, 0, 9, 3], "rotation": 270, "texture": "#1"}
			}
		},
		{
			"from": [6.5, 6, 3.5],
			"to": [9.5, 8, 12.5],
			"rotation": {"angle": 0, "axis": "y", "origin": [8, 8, 8]},
			"faces": {
				"north": {"uv": [10, 4, 13, 6], "texture": "#1"},
				"east": {"uv": [0, 4, 9, 6], "texture": "#1"},
				"south": {"uv": [10, 4, 13, 6], "texture": "#1"},
				"west": {"uv": [0, 4, 9, 6], "texture": "#1"},
				"up": {"uv": [0, 0, 9, 3], "rotation": 90, "texture": "#1"},
				"down": {"uv": [0, 0, 9, 3], "rotation": 270, "texture": "#1"}
			}
		},
		{
			"from": [10.5, 2, 3.5],
			"to": [13.5, 4, 12.5],
			"rotation": {"angle": 0, "axis": "y", "origin": [8, 8, 8]},
			"faces": {
				"north": {"uv": [10, 11, 13, 13], "texture": "#1"},
				"east": {"uv": [9, 11, 0, 13], "texture": "#1"},
				"south": {"uv": [10, 11, 13, 13], "texture": "#1"},
				"west": {"uv": [0, 11, 9, 13], "texture": "#1"},
				"up": {"uv": [0, 7, 9, 10], "rotation": 90, "texture": "#1"},
				"down": {"uv": [0, 7, 9, 10], "rotation": 270, "texture": "#1"}
			}
		},
		{
			"from": [2.5, 2, 3.5],
			"to": [5.5, 4, 12.5],
			"rotation": {"angle": 0, "axis": "y", "origin": [8, 8, 8]},
			"faces": {
				"north": {"uv": [10, 11, 13, 13], "texture": "#1"},
				"east": {"uv": [0, 11, 9, 13], "texture": "#1"},
				"south": {"uv": [10, 11, 13, 13], "texture": "#1"},
				"west": {"uv": [0, 11, 9, 13], "texture": "#1"},
				"up": {"uv": [0, 7, 9, 10], "rotation": 90, "texture": "#1"},
				"down": {"uv": [0, 7, 9, 10], "rotation": 270, "texture": "#1"}
			}
		},
		{
			"from": [4.5, 4, 3.6],
			"to": [7.5, 6, 12.6],
			"rotation": {"angle": 0, "axis": "y", "origin": [8, 8, 8.1]},
			"faces": {
				"north": {"uv": [10, 11, 13, 13], "texture": "#1"},
				"east": {"uv": [0, 11, 9, 13], "texture": "#1"},
				"south": {"uv": [10, 11, 13, 13], "texture": "#1"},
				"west": {"uv": [9, 11, 0, 13], "texture": "#1"},
				"up": {"uv": [0, 7, 9, 10], "rotation": 90, "texture": "#1"},
				"down": {"uv": [0, 7, 9, 10], "rotation": 270, "texture": "#1"}
			}
		}
	]
}