{
	"credit": "Made by XeKr with Blockbench",
	"textures": {
		"0": "block/cake_glass",
		"particle": "block/cake_glass"
	},
	"elements": [
		{
			"from": [14.5, 9, 0.5],
			"to": [15.5, 9, 14.5],
			"rotation": {"angle": 0, "axis": "y", "origin": [8, 0, 8]},
			"faces": {
				"up": {"uv": [14, 0, 15, 14], "texture": "#0"},
				"down": {"uv": [14, 14, 15, 0], "texture": "#0"}
			}
		},
		{
			"from": [0.5, 9, 0.5],
			"to": [14.5, 9, 1.5],
			"rotation": {"angle": 0, "axis": "y", "origin": [8, 0, 8]},
			"faces": {
				"up": {"uv": [0, 0, 14, 1], "texture": "#0"},
				"down": {"uv": [0, 0, 14, 1], "texture": "#0"}
			}
		},
		{
			"from": [3.5, 9, 2.5],
			"to": [4.5, 9, 3.5],
			"rotation": {"angle": 0, "axis": "y", "origin": [8, 0, 8]},
			"faces": {
				"up": {"uv": [14, 14, 15, 15], "texture": "#0"},
				"down": {"uv": [14, 14, 15, 15], "texture": "#0"}
			}
		},
		{
			"from": [2.5, 9, 3.5],
			"to": [3.5, 9, 4.5],
			"rotation": {"angle": 0, "axis": "y", "origin": [8, 0, 8]},
			"faces": {
				"up": {"uv": [14, 14, 15, 15], "texture": "#0"},
				"down": {"uv": [14, 14, 15, 15], "texture": "#0"}
			}
		},
		{
			"from": [11.5, 9, 12.5],
			"to": [12.5, 9, 13.5],
			"rotation": {"angle": 0, "axis": "y", "origin": [8, 0, 8]},
			"faces": {
				"up": {"uv": [0, 0, 1, 1], "texture": "#0"},
				"down": {"uv": [0, 0, 1, 1], "texture": "#0"}
			}
		},
		{
			"from": [12.5, 9, 11.5],
			"to": [13.5, 9, 12.5],
			"rotation": {"angle": 0, "axis": "y", "origin": [8, 0, 8]},
			"faces": {
				"up": {"uv": [0, 0, 1, 1], "texture": "#0"},
				"down": {"uv": [0, 0, 1, 1], "texture": "#0"}
			}
		},
		{
			"from": [0.5, 9, 1.5],
			"to": [1.5, 9, 15.5],
			"rotation": {"angle": 0, "axis": "y", "origin": [8, 0, 8]},
			"faces": {
				"up": {"uv": [0, 1, 1, 15], "texture": "#0"},
				"down": {"uv": [0, 15, 1, 1], "texture": "#0"}
			}
		},
		{
			"from": [1.5, 9, 14.5],
			"to": [15.5, 9, 15.5],
			"rotation": {"angle": 0, "axis": "y", "origin": [8, 0, 8]},
			"faces": {
				"up": {"uv": [1, 14, 15, 15], "texture": "#0"},
				"down": {"uv": [1, 14, 15, 15], "texture": "#0"}
			}
		},
		{
			"from": [0.5, 0, 15.5],
			"to": [15.5, 1, 15.5],
			"rotation": {"angle": 0, "axis": "x", "origin": [8, 4, 8]},
			"faces": {
				"north": {"uv": [0, 14, 15, 15], "rotation": 180, "texture": "#0"},
				"south": {"uv": [0, 14, 15, 15], "texture": "#0"}
			}
		},
		{
			"from": [0.5, 8, 15.5],
			"to": [15.5, 9, 15.5],
			"rotation": {"angle": 0, "axis": "x", "origin": [8, 4, 8]},
			"faces": {
				"north": {"uv": [0, 0, 15, 1], "rotation": 180, "texture": "#0"},
				"south": {"uv": [0, 0, 15, 1], "texture": "#0"}
			}
		},
		{
			"from": [14.5, 1, 15.5],
			"to": [15.5, 8, 15.5],
			"rotation": {"angle": 0, "axis": "z", "origin": [8, 4, 8]},
			"faces": {
				"north": {"uv": [14, 2, 15, 9], "texture": "#0"},
				"south": {"uv": [14, 2, 15, 9], "texture": "#0"}
			}
		},
		{
			"from": [0.5, 1, 15.5],
			"to": [1.5, 8, 15.5],
			"rotation": {"angle": 0, "axis": "z", "origin": [8, 4, 8]},
			"faces": {
				"north": {"uv": [0, 2, 1, 9], "texture": "#0"},
				"south": {"uv": [0, 2, 1, 9], "texture": "#0"}
			}
		},
		{
			"from": [3.5, 6, 15.5],
			"to": [4.5, 7, 15.5],
			"rotation": {"angle": 0, "axis": "z", "origin": [8, 4, 8]},
			"faces": {
				"north": {"uv": [14, 0, 15, 1], "texture": "#0"},
				"south": {"uv": [14, 0, 15, 1], "texture": "#0"}
			}
		},
		{
			"from": [2.5, 5, 15.5],
			"to": [3.5, 6, 15.5],
			"rotation": {"angle": 0, "axis": "z", "origin": [8, 4, 8]},
			"faces": {
				"north": {"uv": [14, 0, 15, 1], "texture": "#0"},
				"south": {"uv": [14, 0, 15, 1], "texture": "#0"}
			}
		},
		{
			"from": [15.5, 0, 0.5],
			"to": [15.5, 1, 15.5],
			"rotation": {"angle": 0, "axis": "y", "origin": [8, 4, 8]},
			"faces": {
				"east": {"uv": [0, 14, 15, 15], "texture": "#0"},
				"west": {"uv": [0, 14, 15, 15], "rotation": 180, "texture": "#0"}
			}
		},
		{
			"from": [15.5, 8, 0.5],
			"to": [15.5, 9, 15.5],
			"rotation": {"angle": 0, "axis": "y", "origin": [8, 4, 8]},
			"faces": {
				"east": {"uv": [0, 0, 15, 1], "texture": "#0"},
				"west": {"uv": [0, 0, 15, 1], "rotation": 180, "texture": "#0"}
			}
		},
		{
			"from": [15.5, 1, 0.5],
			"to": [15.5, 8, 1.5],
			"rotation": {"angle": 0, "axis": "y", "origin": [8, 4, 8]},
			"faces": {
				"east": {"uv": [14, 2, 15, 9], "texture": "#0"},
				"west": {"uv": [14, 2, 15, 9], "texture": "#0"}
			}
		},
		{
			"from": [15.5, 1, 14.5],
			"to": [15.5, 8, 15.5],
			"rotation": {"angle": 0, "axis": "y", "origin": [8, 4, 8]},
			"faces": {
				"east": {"uv": [0, 2, 1, 9], "texture": "#0"},
				"west": {"uv": [0, 2, 1, 9], "texture": "#0"}
			}
		},
		{
			"from": [15.5, 6, 11.5],
			"to": [15.5, 7, 12.5],
			"rotation": {"angle": 0, "axis": "y", "origin": [8, 4, 8]},
			"faces": {
				"east": {"uv": [14, 0, 15, 1], "texture": "#0"},
				"west": {"uv": [14, 0, 15, 1], "texture": "#0"}
			}
		},
		{
			"from": [15.5, 5, 12.5],
			"to": [15.5, 6, 13.5],
			"rotation": {"angle": 0, "axis": "y", "origin": [8, 4, 8]},
			"faces": {
				"east": {"uv": [14, 0, 15, 1], "texture": "#0"},
				"west": {"uv": [14, 0, 15, 1], "texture": "#0"}
			}
		},
		{
			"from": [0.5, 0, 0.5],
			"to": [15.5, 1, 0.5],
			"rotation": {"angle": 0, "axis": "y", "origin": [8, 4, 8]},
			"faces": {
				"north": {"uv": [0, 14, 15, 15], "texture": "#0"},
				"south": {"uv": [0, 14, 15, 15], "rotation": 180, "texture": "#0"}
			}
		},
		{
			"from": [0.5, 8, 0.5],
			"to": [15.5, 9, 0.5],
			"rotation": {"angle": 0, "axis": "y", "origin": [8, 4, 8]},
			"faces": {
				"north": {"uv": [0, 0, 15, 1], "texture": "#0"},
				"south": {"uv": [0, 0, 15, 1], "rotation": 180, "texture": "#0"}
			}
		},
		{
			"from": [0.5, 1, 0.5],
			"to": [1.5, 8, 0.5],
			"rotation": {"angle": 0, "axis": "y", "origin": [8, 4, 8]},
			"faces": {
				"north": {"uv": [14, 2, 15, 9], "texture": "#0"},
				"south": {"uv": [14, 2, 15, 9], "texture": "#0"}
			}
		},
		{
			"from": [14.5, 1, 0.5],
			"to": [15.5, 8, 0.5],
			"rotation": {"angle": 0, "axis": "y", "origin": [8, 4, 8]},
			"faces": {
				"north": {"uv": [0, 2, 1, 9], "texture": "#0"},
				"south": {"uv": [0, 2, 1, 9], "texture": "#0"}
			}
		},
		{
			"from": [11.5, 6, 0.5],
			"to": [12.5, 7, 0.5],
			"rotation": {"angle": 0, "axis": "y", "origin": [8, 4, 8]},
			"faces": {
				"north": {"uv": [14, 0, 15, 1], "texture": "#0"},
				"south": {"uv": [14, 0, 15, 1], "texture": "#0"}
			}
		},
		{
			"from": [12.5, 5, 0.5],
			"to": [13.5, 6, 0.5],
			"rotation": {"angle": 0, "axis": "y", "origin": [8, 4, 8]},
			"faces": {
				"north": {"uv": [14, 0, 15, 1], "texture": "#0"},
				"south": {"uv": [14, 0, 15, 1], "texture": "#0"}
			}
		},
		{
			"from": [0.5, 0, 0.5],
			"to": [0.5, 1, 15.5],
			"rotation": {"angle": 0, "axis": "y", "origin": [8, 4, 8]},
			"faces": {
				"east": {"uv": [0, 14, 15, 15], "rotation": 180, "texture": "#0"},
				"west": {"uv": [0, 14, 15, 15], "texture": "#0"}
			}
		},
		{
			"from": [0.5, 8, 0.5],
			"to": [0.5, 9, 15.5],
			"rotation": {"angle": 0, "axis": "y", "origin": [8, 4, 8]},
			"faces": {
				"east": {"uv": [0, 0, 15, 1], "rotation": 180, "texture": "#0"},
				"west": {"uv": [0, 0, 15, 1], "texture": "#0"}
			}
		},
		{
			"from": [0.5, 1, 14.5],
			"to": [0.5, 8, 15.5],
			"rotation": {"angle": 0, "axis": "y", "origin": [8, 4, 8]},
			"faces": {
				"east": {"uv": [14, 2, 15, 9], "texture": "#0"},
				"west": {"uv": [14, 2, 15, 9], "texture": "#0"}
			}
		},
		{
			"from": [0.5, 1, 0.5],
			"to": [0.5, 8, 1.5],
			"rotation": {"angle": 0, "axis": "y", "origin": [8, 4, 8]},
			"faces": {
				"east": {"uv": [0, 2, 1, 9], "texture": "#0"},
				"west": {"uv": [0, 2, 1, 9], "texture": "#0"}
			}
		},
		{
			"from": [0.5, 6, 3.5],
			"to": [0.5, 7, 4.5],
			"rotation": {"angle": 0, "axis": "y", "origin": [8, 4, 8]},
			"faces": {
				"east": {"uv": [14, 0, 15, 1], "texture": "#0"},
				"west": {"uv": [14, 0, 15, 1], "texture": "#0"}
			}
		},
		{
			"from": [0.5, 5, 2.5],
			"to": [0.5, 6, 3.5],
			"rotation": {"angle": 0, "axis": "y", "origin": [8, 4, 8]},
			"faces": {
				"east": {"uv": [14, 0, 15, 1], "texture": "#0"},
				"west": {"uv": [14, 0, 15, 1], "texture": "#0"}
			}
		}
	],
	"groups": [
		{
			"name": "group",
			"origin": [8, 0, 8],
			"color": 0,
			"children": [0, 1, 2, 3, 4, 5, 6, 7]
		},
		{
			"name": "group",
			"origin": [8, 4, 8],
			"color": 0,
			"children": [8, 9, 10, 11, 12, 13]
		},
		{
			"name": "group",
			"origin": [8, 4, 8],
			"color": 0,
			"children": [14, 15, 16, 17, 18, 19]
		},
		{
			"name": "group",
			"origin": [8, 4, 8],
			"color": 0,
			"children": [20, 21, 22, 23, 24, 25]
		},
		{
			"name": "group",
			"origin": [8, 4, 8],
			"color": 0,
			"children": [26, 27, 28, 29, 30, 31]
		}
	]
}