{
	"credit": "Made by XeKr with Blockbench",
	"textures": {
		"0": "block/dish",
		"1": "block/cake4",
		"particle": "block/dish"
	},
	"elements": [
		{
			"from": [2, 0, 2],
			"to": [14, 1, 14],
			"faces": {
				"north": {"uv": [2, 13, 14, 14], "texture": "#0"},
				"east": {"uv": [2, 13, 14, 14], "texture": "#0"},
				"south": {"uv": [2, 13, 14, 14], "texture": "#0"},
				"west": {"uv": [2, 13, 14, 14], "texture": "#0"},
				"down": {"uv": [2, 2, 14, 14], "texture": "#0"}
			}
		},
		{
			"from": [1, 1, 1],
			"to": [15, 2, 15],
			"faces": {
				"north": {"uv": [1, 14, 15, 15], "texture": "#0"},
				"east": {"uv": [1, 14, 15, 15], "texture": "#0"},
				"south": {"uv": [1, 14, 15, 15], "texture": "#0"},
				"west": {"uv": [1, 14, 15, 15], "texture": "#0"},
				"up": {"uv": [1, 1, 15, 15], "texture": "#0"},
				"down": {"uv": [1, 1, 15, 15], "texture": "#0"}
			}
		},
		{
			"from": [10.5, 2, 3.5],
			"to": [13.5, 4, 7.5],
			"rotation": {"angle": -22.5, "axis": "y", "origin": [12, 3, 5.5]},
			"faces": {
				"north": {"uv": [10, 11, 13, 13], "texture": "#1"},
				"east": {"uv": [4, 11, 0, 13], "texture": "#1"},
				"south": {"uv": [10, 11, 13, 13], "texture": "#1"},
				"west": {"uv": [0, 11, 4, 13], "texture": "#1"},
				"up": {"uv": [0, 7, 4, 10], "rotation": 90, "texture": "#1"},
				"down": {"uv": [0, 7, 4, 10], "rotation": 270, "texture": "#1"}
			}
		}
	]
}