{
	"credit": "Made by XeKr with Blockbench",
	"parent": "minecraft:block/pointed_dripstone",
	"textures": {
		"particle": "block/dripstone_block",
		"side": "block/dripstone_block",
		"end": "block/dripstone_block"
	},
	"elements": [
		{
			"from": [4, 0, 4],
			"to": [12, 16, 12],
			"faces": {
				"north": {"uv": [4, 0, 12, 16], "texture": "#side"},
				"east": {"uv": [4, 0, 12, 16], "texture": "#side"},
				"south": {"uv": [4, 0, 12, 16], "texture": "#side"},
				"west": {"uv": [4, 0, 12, 16], "texture": "#side"},
				"up": {"uv": [4, 4, 12, 12], "texture": "#end"},
				"down": {"uv": [4, 4, 12, 12], "texture": "#end"}
			}
		},
		{
			"from": [2, 0, 2],
			"to": [6, 10, 6],
			"rotation": {"angle": 0, "axis": "y", "origin": [4, 5, 4]},
			"faces": {
				"north": {"uv": [10, 6, 14, 16], "texture": "#side"},
				"east": {"uv": [10, 6, 14, 16], "texture": "#side"},
				"south": {"uv": [2, 6, 6, 16], "texture": "#side"},
				"west": {"uv": [2, 6, 6, 16], "texture": "#side"},
				"up": {"uv": [2, 2, 6, 6], "texture": "#end"},
				"down": {"uv": [2, 10, 6, 14], "texture": "#end"}
			}
		},
		{
			"from": [3, 11, 10],
			"to": [6, 16, 13],
			"rotation": {"angle": 0, "axis": "y", "origin": [4.5, 13.5, 11.5]},
			"faces": {
				"north": {"uv": [10, 0, 13, 5], "texture": "#side"},
				"east": {"uv": [3, 0, 6, 5], "texture": "#side"},
				"south": {"uv": [3, 0, 6, 5], "texture": "#side"},
				"west": {"uv": [10, 0, 13, 5], "texture": "#side"},
				"up": {"uv": [3, 10, 6, 13], "texture": "#end"},
				"down": {"uv": [3, 3, 6, 6], "texture": "#end"}
			}
		},
		{
			"from": [12, 11, 5],
			"to": [13, 16, 8],
			"rotation": {"angle": 0, "axis": "y", "origin": [12.5, 13.5, 6.5]},
			"faces": {
				"north": {"uv": [3, 0, 4, 5], "texture": "#side"},
				"east": {"uv": [8, 0, 11, 5], "texture": "#side"},
				"south": {"uv": [12, 0, 13, 5], "texture": "#side"},
				"up": {"uv": [12, 5, 13, 8], "texture": "#end"},
				"down": {"uv": [12, 8, 13, 11], "texture": "#end"}
			}
		},
		{
			"from": [7, 8, 3],
			"to": [9, 16, 4],
			"rotation": {"angle": 0, "axis": "y", "origin": [8, 12, 3.5]},
			"faces": {
				"north": {"uv": [7, 0, 9, 8], "texture": "#side"},
				"east": {"uv": [12, 0, 13, 8], "texture": "#side"},
				"west": {"uv": [3, 0, 4, 8], "texture": "#side"},
				"up": {"uv": [7, 3, 9, 4], "texture": "#end"},
				"down": {"uv": [7, 12, 9, 13], "texture": "#end"}
			}
		},
		{
			"from": [9, 0, 9],
			"to": [13, 12, 13],
			"rotation": {"angle": 0, "axis": "y", "origin": [11, 6, 11]},
			"faces": {
				"north": {"uv": [3, 4, 7, 16], "texture": "#side"},
				"east": {"uv": [3, 4, 7, 16], "texture": "#side"},
				"south": {"uv": [9, 4, 13, 16], "texture": "#side"},
				"west": {"uv": [9, 4, 13, 16], "texture": "#side"},
				"up": {"uv": [9, 9, 13, 13], "texture": "#end"},
				"down": {"uv": [9, 3, 13, 7], "texture": "#end"}
			}
		},
		{
			"from": [3, 0, 7],
			"to": [4, 5, 11],
			"rotation": {"angle": 0, "axis": "y", "origin": [3.5, 2.5, 9]},
			"faces": {
				"north": {"uv": [12, 11, 13, 16], "texture": "#side"},
				"south": {"uv": [3, 11, 4, 16], "texture": "#side"},
				"west": {"uv": [7, 11, 11, 16], "texture": "#side"},
				"up": {"uv": [3, 7, 4, 11], "texture": "#end"},
				"down": {"uv": [3, 5, 4, 9], "texture": "#end"}
			}
		},
		{
			"from": [4, 0, 12],
			"to": [8, 7, 14],
			"rotation": {"angle": 0, "axis": "y", "origin": [6, 3.5, 13]},
			"faces": {
				"east": {"uv": [2, 9, 4, 16], "texture": "#side"},
				"south": {"uv": [4, 9, 8, 16], "texture": "#side"},
				"west": {"uv": [12, 9, 14, 16], "texture": "#side"},
				"up": {"uv": [4, 12, 8, 14], "texture": "#end"},
				"down": {"uv": [4, 2, 8, 4], "texture": "#end"}
			}
		},
		{
			"from": [10, 0, 3],
			"to": [14, 7, 7],
			"rotation": {"angle": 0, "axis": "y", "origin": [12, 3.5, 5]},
			"faces": {
				"north": {"uv": [2, 9, 6, 16], "texture": "#side"},
				"east": {"uv": [9, 9, 13, 16], "texture": "#side"},
				"south": {"uv": [10, 9, 14, 16], "texture": "#side"},
				"west": {"uv": [3, 9, 7, 16], "texture": "#side"},
				"up": {"uv": [10, 3, 14, 7], "texture": "#end"},
				"down": {"uv": [10, 9, 14, 13], "texture": "#end"}
			}
		}
	]
}