{
	"credit": "Made by XeKr with Blockbench",
	"parent": "minecraft:block/pointed_dripstone",
	"textures": {
		"particle": "block/dripstone_block",
		"side": "block/dripstone_block",
		"end": "block/dripstone_block"
	},
	"elements": [
		{
			"from": [5, 0, 5],
			"to": [11, 16, 11],
			"faces": {
				"north": {"uv": [5, 0, 11, 16], "texture": "#side"},
				"east": {"uv": [5, 0, 11, 16], "texture": "#side"},
				"south": {"uv": [5, 0, 11, 16], "texture": "#side"},
				"west": {"uv": [5, 0, 11, 16], "texture": "#side"},
				"up": {"uv": [5, 5, 11, 11], "texture": "#end"},
				"down": {"uv": [5, 5, 11, 11], "texture": "#end"}
			}
		},
		{
			"from": [3, 0, 3],
			"to": [6, 2, 6],
			"rotation": {"angle": 0, "axis": "y", "origin": [4.5, -3.5, 4.5]},
			"faces": {
				"north": {"uv": [10, 14, 13, 16], "texture": "#side"},
				"east": {"uv": [10, 14, 13, 16], "texture": "#side"},
				"south": {"uv": [3, 14, 6, 16], "texture": "#side"},
				"west": {"uv": [3, 14, 6, 16], "texture": "#side"},
				"up": {"uv": [3, 3, 6, 6], "texture": "#end"},
				"down": {"uv": [3, 10, 6, 13], "texture": "#end"}
			}
		},
		{
			"from": [8, 0, 11],
			"to": [11, 4, 13],
			"rotation": {"angle": 0, "axis": "y", "origin": [9.5, -2.5, 11.5]},
			"faces": {
				"east": {"uv": [3, 12, 5, 16], "texture": "#side"},
				"south": {"uv": [8, 12, 11, 16], "texture": "#side"},
				"west": {"uv": [11, 12, 13, 16], "texture": "#side"},
				"up": {"uv": [8, 11, 11, 13], "texture": "#end"},
				"down": {"uv": [8, 3, 11, 5], "texture": "#end"}
			}
		},
		{
			"from": [11, 13, 8],
			"to": [12, 16, 11],
			"rotation": {"angle": 0, "axis": "y", "origin": [11.5, 15.5, 9.5]},
			"faces": {
				"north": {"uv": [4, 0, 5, 3], "texture": "#side"},
				"east": {"uv": [5, 0, 8, 3], "texture": "#side"},
				"south": {"uv": [11, 0, 12, 3], "texture": "#side"},
				"up": {"uv": [11, 8, 12, 11], "texture": "#end"},
				"down": {"uv": [11, 5, 12, 8], "texture": "#end"}
			}
		},
		{
			"from": [7, 5, 4],
			"to": [9, 11, 5],
			"rotation": {"angle": 0, "axis": "y", "origin": [8, 9, 4.5]},
			"faces": {
				"north": {"uv": [7, 5, 9, 11], "texture": "#side"},
				"east": {"uv": [11, 5, 12, 11], "texture": "#side"},
				"west": {"uv": [4, 5, 5, 11], "texture": "#side"},
				"up": {"uv": [7, 4, 9, 5], "texture": "#end"},
				"down": {"uv": [7, 11, 9, 12], "texture": "#end"}
			}
		},
		{
			"from": [4, 10, 8],
			"to": [5, 16, 10],
			"rotation": {"angle": 0, "axis": "y", "origin": [3, 16, 8.5]},
			"faces": {
				"north": {"uv": [11, 0, 12, 6], "texture": "#side"},
				"south": {"uv": [4, 0, 5, 6], "texture": "#side"},
				"west": {"uv": [8, 0, 10, 6], "texture": "#side"},
				"up": {"uv": [4, 8, 5, 10], "texture": "#end"},
				"down": {"uv": [4, 6, 5, 8], "texture": "#end"}
			}
		},
		{
			"from": [11, 0, 7],
			"to": [13, 2, 9],
			"rotation": {"angle": 0, "axis": "y", "origin": [12, -2, 7.5]},
			"faces": {
				"north": {"uv": [3, 14, 5, 16], "texture": "#side"},
				"east": {"uv": [7, 14, 9, 16], "texture": "#side"},
				"south": {"uv": [11, 14, 13, 16], "texture": "#side"},
				"up": {"uv": [11, 7, 13, 9], "texture": "#end"},
				"down": {"uv": [11, 7, 13, 9], "texture": "#end"}
			}
		}
	]
}