{
	"credit": "Made by XeKr with Blockbench",
	"parent": "minecraft:block/cross",
	"textures": {
		"0": "block/poppy_3d",
		"particle": "block/poppy_3d"
	},
	"elements": [
		{
			"from": [4.5, 0, 8],
			"to": [11.5, 6, 8],
			"shade": false,
			"rotation": {"angle": -45, "axis": "y", "origin": [8, 3, 8]},
			"faces": {
				"north": {"uv": [0, 10, 7, 16], "texture": "#0"},
				"south": {"uv": [0, 10, 7, 16], "texture": "#0"}
			}
		},
		{
			"from": [4.5, 0, 8],
			"to": [11.5, 6, 8],
			"shade": false,
			"rotation": {"angle": 45, "axis": "y", "origin": [8, 3, 8]},
			"faces": {
				"north": {"uv": [0, 10, 7, 16], "texture": "#0"},
				"south": {"uv": [0, 10, 7, 16], "texture": "#0"}
			}
		},
		{
			"from": [5.5, 6, 6.4],
			"to": [10.5, 6, 8.4],
			"shade": false,
			"rotation": {"angle": 22.5, "axis": "x", "origin": [8, 6, 8]},
			"faces": {
				"up": {"uv": [0, 2, 5, 4], "texture": "#0"},
				"down": {"uv": [0, 8, 5, 6], "texture": "#0"}
			}
		},
		{
			"from": [5.5, 5.4, 4.6],
			"to": [10.5, 5.4, 6.6],
			"shade": false,
			"rotation": {"angle": 45, "axis": "x", "origin": [8, 6, 8]},
			"faces": {
				"up": {"uv": [0, 0, 5, 2], "texture": "#0"},
				"down": {"uv": [0, 6, 5, 4], "texture": "#0"}
			}
		},
		{
			"from": [9.4, 5.4, 5.5],
			"to": [11.4, 5.4, 10.5],
			"shade": false,
			"rotation": {"angle": 45, "axis": "z", "origin": [8, 6, 8]},
			"faces": {
				"up": {"uv": [0, 0, 5, 2], "rotation": 90, "texture": "#0"},
				"down": {"uv": [0, 6, 5, 4], "rotation": 270, "texture": "#0"}
			}
		},
		{
			"from": [7.6, 6, 5.5],
			"to": [9.6, 6, 10.5],
			"shade": false,
			"rotation": {"angle": 22.5, "axis": "z", "origin": [8, 6, 8]},
			"faces": {
				"up": {"uv": [0, 2, 5, 4], "rotation": 90, "texture": "#0"},
				"down": {"uv": [0, 8, 5, 6], "rotation": 270, "texture": "#0"}
			}
		},
		{
			"from": [5.5, 5.4, 9.4],
			"to": [10.5, 5.4, 11.4],
			"shade": false,
			"rotation": {"angle": -45, "axis": "x", "origin": [8, 6, 8]},
			"faces": {
				"up": {"uv": [0, 0, 5, 2], "rotation": 180, "texture": "#0"},
				"down": {"uv": [0, 6, 5, 4], "rotation": 180, "texture": "#0"}
			}
		},
		{
			"from": [5.5, 6, 7.6],
			"to": [10.5, 6, 9.6],
			"shade": false,
			"rotation": {"angle": -22.5, "axis": "x", "origin": [8, 6, 8]},
			"faces": {
				"up": {"uv": [0, 2, 5, 4], "rotation": 180, "texture": "#0"},
				"down": {"uv": [0, 8, 5, 6], "rotation": 180, "texture": "#0"}
			}
		},
		{
			"from": [4.6, 5.4, 5.5],
			"to": [6.6, 5.4, 10.5],
			"shade": false,
			"rotation": {"angle": -45, "axis": "z", "origin": [8, 6, 8]},
			"faces": {
				"up": {"uv": [0, 0, 5, 2], "rotation": 270, "texture": "#0"},
				"down": {"uv": [0, 6, 5, 4], "rotation": 90, "texture": "#0"}
			}
		},
		{
			"from": [6.4, 6, 5.5],
			"to": [8.4, 6, 10.5],
			"shade": false,
			"rotation": {"angle": -22.5, "axis": "z", "origin": [8, 6, 8]},
			"faces": {
				"up": {"uv": [0, 2, 5, 4], "rotation": 270, "texture": "#0"},
				"down": {"uv": [0, 8, 5, 6], "rotation": 90, "texture": "#0"}
			}
		},
		{
			"from": [7, 6.4, 7],
			"to": [9, 6.4, 9],
			"rotation": {"angle": 0, "axis": "y", "origin": [6.5, 6.7, 6.5]},
			"faces": {
				"up": {"uv": [14, 0, 16, 2], "texture": "#0"}
			}
		}
	]
}