{
	"credit": "Made by XeKr with Blockbench",
	"parent": "block/block",
	"textures": {
		"1": "block/azalea_leaves_3d1",
		"2": "block/azalea_leaves_3d2",
		"particle": "block/azalea_plant",
		"plant": "block/azalea_plant",
		"top": "block/azalea_leaves3",
		"side": "block/azalea_side"
	},
	"elements": [
		{
			"from": [0, 16, 0],
			"to": [16, 16, 16],
			"faces": {
				"up": {"uv": [0, 0, 16, 16], "texture": "#top", "cullface": "up"},
				"down": {"uv": [16, 16, 0, 0], "texture": "#top"}
			}
		},
		{
			"from": [0, 5, 0.125],
			"to": [16, 16, 0.125],
			"rotation": {"angle": 0, "axis": "y", "origin": [8, 8, 8.125]},
			"faces": {
				"north": {"uv": [0, 0, 16, 10], "texture": "#side", "cullface": "north"},
				"south": {"uv": [0, 0, 16, 10], "texture": "#side"}
			}
		},
		{
			"from": [0, 5, 15.875],
			"to": [16, 16, 15.875],
			"rotation": {"angle": 0, "axis": "y", "origin": [8, 8, 7.875]},
			"faces": {
				"north": {"uv": [0, 0, 16, 10], "texture": "#side"},
				"south": {"uv": [0, 0, 16, 10], "texture": "#side", "cullface": "south"}
			}
		},
		{
			"from": [0.125, 5, 0],
			"to": [0.125, 16, 16],
			"rotation": {"angle": 0, "axis": "y", "origin": [8.125, 8, 8]},
			"faces": {
				"east": {"uv": [0, 0, 16, 10], "texture": "#side"},
				"west": {"uv": [16, 0, 0, 10], "texture": "#side", "cullface": "west"}
			}
		},
		{
			"from": [15.875, 5, 0],
			"to": [15.875, 16, 16],
			"rotation": {"angle": 0, "axis": "y", "origin": [7.875, 8, 8]},
			"faces": {
				"east": {"uv": [0, 0, 16, 10], "texture": "#side", "cullface": "east"},
				"west": {"uv": [16, 0, 0, 10], "texture": "#side"}
			}
		},
		{
			"from": [0.8, 0, 8],
			"to": [15.2, 15.8, 8],
			"rotation": {"angle": 45, "axis": "y", "origin": [8, 8, 8], "rescale": true},
			"faces": {
				"north": {"uv": [0, 0, 16, 16], "texture": "#plant"},
				"south": {"uv": [0, 0, 16, 16], "texture": "#plant"}
			}
		},
		{
			"from": [8, 0, 0.8],
			"to": [8, 15.8, 15.2],
			"rotation": {"angle": 45, "axis": "y", "origin": [8, 8, 8], "rescale": true},
			"faces": {
				"east": {"uv": [0, 0, 16, 16], "texture": "#plant"},
				"west": {"uv": [0, 0, 16, 16], "texture": "#plant"}
			}
		},
		{
			"from": [8, 4, -8.5],
			"to": [8, 20, 23.5],
			"rotation": {"angle": -22.5, "axis": "y", "origin": [8, 4, 7.5]},
			"faces": {
				"east": {"uv": [0, 2, 16, 10], "texture": "#1"},
				"west": {"uv": [0, 2, 16, 10], "texture": "#1"}
			}
		},
		{
			"from": [-8.5, 4, 8],
			"to": [23.5, 20, 8],
			"rotation": {"angle": -22.5, "axis": "y", "origin": [7.5, 4, 8]},
			"faces": {
				"north": {"uv": [0, 2, 16, 10], "texture": "#1"},
				"south": {"uv": [0, 2, 16, 10], "texture": "#1"}
			}
		},
		{
			"from": [-8, 2, 8.5],
			"to": [24, 18, 8.5],
			"rotation": {"angle": 22.5, "axis": "y", "origin": [8, 2, 8.5]},
			"faces": {
				"north": {"uv": [0, 6.5, 16, 14.5], "texture": "#2"},
				"south": {"uv": [0, 6.5, 16, 14.5], "texture": "#2"}
			}
		},
		{
			"from": [8.5, 2, -8],
			"to": [8.5, 18, 24],
			"rotation": {"angle": 22.5, "axis": "y", "origin": [8.5, 2, 8]},
			"faces": {
				"east": {"uv": [0, 6.5, 16, 14.5], "texture": "#2"},
				"west": {"uv": [0, 6.5, 16, 14.5], "texture": "#2"}
			}
		},
		{
			"from": [0, 16, -8],
			"to": [16, 16, 0],
			"rotation": {"angle": 45, "axis": "x", "origin": [8, 16, 0]},
			"faces": {
				"up": {"uv": [12, 2, 16, 10], "rotation": 270, "texture": "#1"},
				"down": {"uv": [12, 10, 16, 2], "rotation": 90, "texture": "#1"}
			}
		},
		{
			"from": [0, 4, 0],
			"to": [16, 12, 0],
			"rotation": {"angle": 45, "axis": "x", "origin": [8, 12, 0]},
			"faces": {
				"north": {"uv": [11.5, 6, 15.5, 14], "rotation": 90, "texture": "#2"},
				"south": {"uv": [11.5, 14, 15.5, 6], "rotation": 90, "texture": "#2"}
			}
		},
		{
			"from": [16, 4, 0],
			"to": [16, 12, 16],
			"rotation": {"angle": 45, "axis": "z", "origin": [16, 12, 8]},
			"faces": {
				"east": {"uv": [11.5, 6, 15.5, 14], "rotation": 90, "texture": "#2"},
				"west": {"uv": [11.5, 14, 15.5, 6], "rotation": 90, "texture": "#2"}
			}
		},
		{
			"from": [16, 16, 0],
			"to": [24, 16, 16],
			"rotation": {"angle": 45, "axis": "z", "origin": [16, 16, 8]},
			"faces": {
				"up": {"uv": [12, 2, 16, 10], "texture": "#1"},
				"down": {"uv": [12, 10, 16, 2], "texture": "#1"}
			}
		},
		{
			"from": [0, 4, 16],
			"to": [16, 12, 16],
			"rotation": {"angle": -45, "axis": "x", "origin": [8, 12, 16]},
			"faces": {
				"north": {"uv": [11.5, 14, 15.5, 6], "rotation": 90, "texture": "#2"},
				"south": {"uv": [11.5, 6, 15.5, 14], "rotation": 90, "texture": "#2"}
			}
		},
		{
			"from": [0, 16, 16],
			"to": [16, 16, 24],
			"rotation": {"angle": -45, "axis": "x", "origin": [8, 16, 16]},
			"faces": {
				"up": {"uv": [12, 2, 16, 10], "rotation": 90, "texture": "#1"},
				"down": {"uv": [12, 10, 16, 2], "rotation": 270, "texture": "#1"}
			}
		},
		{
			"from": [0, 4, 0],
			"to": [0, 12, 16],
			"rotation": {"angle": -45, "axis": "z", "origin": [0, 12, 8]},
			"faces": {
				"east": {"uv": [11.5, 14, 15.5, 6], "rotation": 90, "texture": "#2"},
				"west": {"uv": [11.5, 6, 15.5, 14], "rotation": 90, "texture": "#2"}
			}
		},
		{
			"from": [-8, 16, 0],
			"to": [0, 16, 16],
			"rotation": {"angle": -45, "axis": "z", "origin": [0, 16, 8]},
			"faces": {
				"up": {"uv": [12, 2, 16, 10], "rotation": 180, "texture": "#1"},
				"down": {"uv": [12, 10, 16, 2], "rotation": 180, "texture": "#1"}
			}
		}
	]
}