{
    "parent": "minecraft:block/barrel",
    "overrides": [
        {
            "predicate": {
                "custom_model_data": 11140001
            },
            "model": "anc:item/magnet_block"
        },
        {
            "predicate": {
                "custom_model_data": 11140021
            },
            "model": "anc:item/craft_machine"
        },
        {
            "predicate": {
                "custom_model_data": 11140022
            },
            "model": "anc:item/interact_machine"
        },
        {
            "predicate": {
                "custom_model_data": 11140054
            },
            "model": "anc:item/altar"
        }
    ]
}