{
    "parent": "item/generated",
    "textures": {
        "layer0": "item/firework_star",
        "layer1": "item/firework_star_overlay"
    },
    "overrides": [
        {
            "predicate": {
                "custom_model_data": 11140002
            },
            "model": "anc:item/empty_protocol"
        },
        {
            "predicate": {
                "custom_model_data": 11140003
            },
            "model": "anc:item/absorb_protocol"
        },
        {
            "predicate": {
                "custom_model_data": 11140004
            },
            "model": "anc:item/repair_protocol"
        },
        {
            "predicate": {
                "custom_model_data": 11140005
            },
            "model": "anc:item/dispel_protocol_random"
        },
        {
            "predicate": {
                "custom_model_data": 11140006
            },
            "model": "anc:item/dispel_protocol_first"
        },
        {
            "predicate": {
                "custom_model_data": 11140007
            },
            "model": "anc:item/dispel_protocol_last"
        },
        {
            "predicate": {
                "custom_model_data": 11140008
            },
            "model": "anc:item/dispel_protocol_curse"
        },
        {
            "predicate": {
                "custom_model_data": 11140009
            },
            "model": "anc:item/dispel_protocol_punishment"
        },
        {
            "predicate": {
                "custom_model_data": 11140010
            },
            "model": "anc:item/seed_of_the_sea"
        },
        {
            "predicate": {
                "custom_model_data": 11140011
            },
            "model": "anc:item/fruit_of_the_sea"
        },
        {
            "predicate": {
                "custom_model_data": 11140012
            },
            "model": "anc:item/kernel_of_the_sea"
        },
        {
            "predicate": {
                "custom_model_data": 11140013
            },
            "model": "anc:item/tear_of_the_sea"
        },
        {
            "predicate": {
                "custom_model_data": 11140014
            },
            "model": "anc:item/blade_of_the_sea"
        },
        {
            "predicate": {
                "custom_model_data": 11140015
            },
            "model": "anc:item/elytra_frame"
        },
        {
            "predicate": {
                "custom_model_data": 11140016
            },
            "model": "anc:item/elytra_membrane"
        },
        {
            "predicate": {
                "custom_model_data": 11140017
            },
            "model": "anc:item/nether_star_shard"
        },
        {
            "predicate": {
                "custom_model_data": 11140018
            },
            "model": "anc:item/debris_scrap"
        },
        {
            "predicate": {
                "custom_model_data": 11140019
            },
            "model": "anc:item/netherite_core"
        },
        {
            "predicate": {
                "custom_model_data": 11140020
            },
            "model": "anc:item/netherite_coil"
        },
        {
            "predicate": {
                "custom_model_data": 11140023
            },
            "model": "anc:item/placement_protocol"
        },
        {
            "predicate": {
                "custom_model_data": 11140024
            },
            "model": "anc:item/protect_protocol"
        },
        {
            "predicate": {
                "custom_model_data": 11140025
            },
            "model": "anc:item/restock_protocol"
        },
        {
            "predicate": {
                "custom_model_data": 11140026
            },
            "model": "anc:item/magnet_ingot"
        },
        {
            "predicate": {
                "custom_model_data": 11140028
            },
            "model": "anc:item/cream"
        },
        {
            "predicate": {
                "custom_model_data": 11140029
            },
            "model": "anc:item/grease"
        },
        {
            "predicate": {
                "custom_model_data": 11140030
            },
            "model": "anc:item/flour"
        },
        {
            "predicate": {
                "custom_model_data": 11140031
            },
            "model": "anc:item/dough"
        },
        {
            "predicate": {
                "custom_model_data": 11140032
            },
            "model": "anc:item/flatdough"
        },
        {
            "predicate": {
                "custom_model_data": 11140033
            },
            "model": "anc:item/dumpling_raw"
        },
        {
            "predicate": {
                "custom_model_data": 11140034
            },
            "model": "anc:item/shengjian_raw"
        },
        {
            "predicate": {
                "custom_model_data": 11140035
            },
            "model": "anc:item/meatballs_raw"
        },
        {
            "predicate": {
                "custom_model_data": 11140036
            },
            "model": "anc:item/beef_mushroom_stew_raw"
        },
        {
            "predicate": {
                "custom_model_data": 11140037
            },
            "model": "anc:item/meat_stuffing"
        },
        {
            "predicate": {
                "custom_model_data": 11140044
            },
            "model": "anc:item/cocoa_butter"
        },
        {
            "predicate": {
                "custom_model_data": 11140045
            },
            "model": "anc:item/cocoa_powder"
        },
        {
            "predicate": {
                "custom_model_data": 11140046
            },
            "model": "anc:item/cocoa_liquor"
        },
        {
            "predicate": {
                "custom_model_data": 11140049
            },
            "model": "anc:item/utusan_raw"
        },
        {
            "predicate": {
                "custom_model_data": 11140051
            },
            "model": "anc:item/sponge_gemmule"
        },
        {
            "predicate": {
                "custom_model_data": 11140052
            },
            "model": "anc:item/sweet_dumpling_raw"
        },
        {
            "predicate": {
                "custom_model_data": 11140059
            },
            "model": "anc:item/space_capsule_empty"
        },
        {
            "predicate": {
                "custom_model_data": 11140060
            },
            "model": "anc:item/space_capsule"
        },
        {
            "predicate": {
                "custom_model_data": 11140061
            },
            "model": "anc:item/seal_slate_fire"
        },
        {
            "predicate": {
                "custom_model_data": 11140062
            },
            "model": "anc:item/seal_slate_poison"
        },
        {
            "predicate": {
                "custom_model_data": 11140063
            },
            "model": "anc:item/seal_slate_shadow"
        },
        {
            "predicate": {
                "custom_model_data": 11140064
            },
            "model": "anc:item/seal_slate_soul"
        },
        {
            "predicate": {
                "custom_model_data": 11140065
            },
            "model": "anc:item/seal_slate_water"
        },
        {
            "predicate": {
                "custom_model_data": 11140066
            },
            "model": "anc:item/bark"
        },
        {
            "predicate": {
                "custom_model_data": 11140067
            },
            "model": "anc:item/pulp"
        },
        {
            "predicate": {
                "custom_model_data": 11141000
            },
            "model": "anc:gui/empty"
        },
        {
            "predicate": {
                "custom_model_data": 11141001
            },
            "model": "anc:gui/button_w"
        },
        {
            "predicate": {
                "custom_model_data": 11141002
            },
            "model": "anc:gui/button_n"
        },
        {
            "predicate": {
                "custom_model_data": 11141003
            },
            "model": "anc:gui/button_s"
        },
        {
            "predicate": {
                "custom_model_data": 11141004
            },
            "model": "anc:gui/button_e"
        },
        {
            "predicate": {
                "custom_model_data": 11141005
            },
            "model": "anc:gui/button_u"
        },
        {
            "predicate": {
                "custom_model_data": 11141006
            },
            "model": "anc:gui/button_d"
        },
        {
            "predicate": {
                "custom_model_data": 11141007
            },
            "model": "anc:gui/button_yes"
        },
        {
            "predicate": {
                "custom_model_data": 11141008
            },
            "model": "anc:gui/button_no"
        },
        {
            "predicate": {
                "custom_model_data": 11141009
            },
            "model": "anc:gui/warning_material"
        },
        {
            "predicate": {
                "custom_model_data": 11141010
            },
            "model": "anc:gui/warning_none"
        },
        {
            "predicate": {
                "custom_model_data": 11141011
            },
            "model": "anc:gui/warning_protocol"
        },
        {
            "predicate": {
                "custom_model_data": 11141012
            },
            "model": "anc:gui/craft_back"
        },
        {
            "predicate": {
                "custom_model_data": 11141013
            },
            "model": "anc:gui/interact_back"
        },
        {
            "predicate": {
                "custom_model_data": 11142001
            },
            "model": "anc:block/magnet_block"
        },
        {
            "predicate": {
                "custom_model_data": 11142021
            },
            "model": "anc:block/craft_machine"
        },
        {
            "predicate": {
                "custom_model_data": 11142022
            },
            "model": "anc:block/interact_machine"
        },
        {
            "predicate": {
                "custom_model_data": 11142054
            },
            "model": "anc:block/altar"
        },
        {
            "predicate": {
                "custom_model_data": 11142055
            },
            "model": "anc:block/altar_ready"
        }
    ]
}