{
    "type": "minecraft:entity",
    "pools": [
        {
            "rolls": 1,
            "entries": [
                {
                    "type": "minecraft:item",
                    "name": "minecraft:lava_bucket",
                    "functions": [
                        {
                            "function": "set_nbt",
                            "tag": "{anc_marker:1b}"
                        }
                    ],
                    "weight": 1
                },
                {
                    "type": "minecraft:empty",
                    "weight": 3
                }
            ]
        }
    ]
}