{
    "variants": {
        "": [
		{ "model": "block/cactus" , "weight": 15},
		{ "model": "block/cactus2", "weight": 7 },
		{ "model": "block/cactus3", "weight": 1 },
		{ "model": "block/cactus3" ,"y":90, "weight": 1},
		{ "model": "block/cactus3" ,"y":180, "weight": 1},
		{ "model": "block/cactus3" ,"y":270, "weight": 1},
		{ "model": "block/cactus4" , "weight": 1},
		{ "model": "block/cactus4" ,"y":90, "weight": 1},
		{ "model": "block/cactus4" ,"y":180, "weight": 1},
		{ "model": "block/cactus4" ,"y":270, "weight": 1},
		{ "model": "block/cactus5" , "weight": 1},
		{ "model": "block/cactus5" ,"y":90, "weight": 1},
		{ "model": "block/cactus5" ,"y":180, "weight": 1},
		{ "model": "block/cactus5" ,"y":270, "weight": 1}
		]
    }
}
