{
  "type": "minecraft:fishing",
  "pools": [
    {
      "rolls": 1.0,
      "bonus_rolls": 0.0,
      "entries": [
        {
          "type": "loot_table",
          "weight":10,
          "quality":-2,
          "name": "minecraft:gameplay/fishing/end",
          "conditions":[
            {
              "condition": "entity_properties",
              "entity": "this",
              "predicate": {
                "location": {
                  "dimension": "minecraft:the_end"
                }
              }
            }
          ]
        },
        {
          "type": "minecraft:loot_table",
          "weight": 10,
          "quality": -2,
          "name": "minecraft:gameplay/fishing/junk"
        },
        {
          "type": "minecraft:loot_table",
          "conditions": [
            {
              "condition": "minecraft:entity_properties",
              "predicate": {
                "fishing_hook": {
                  "in_open_water": true
                }
              },
              "entity": "this"
            }
          ],
          "weight": 5,
          "quality": 2,
          "name": "minecraft:gameplay/fishing/treasure"
        },
        {
          "type": "minecraft:loot_table",
          "weight": 85,
          "quality": -1,
          "name": "minecraft:gameplay/fishing/fish"
        }
      ]
    }
  ]
}