{
    "condition": "alternative",
    "terms": [
        {
            "condition": "location_check",
            "predicate": {
                "block": {
                    "nbt": "{Items:[{Slot:0b,tag:{ancClear:1b}}]}"
                }
            }
        },
        {
            "condition": "location_check",
            "predicate": {
                "block": {
                    "nbt": "{Items:[{Slot:1b,tag:{ancClear:1b}}]}"
                }
            }
        },
        {
            "condition": "location_check",
            "predicate": {
                "block": {
                    "nbt": "{Items:[{Slot:2b,tag:{ancClear:1b}}]}"
                }
            }
        },
        {
            "condition": "location_check",
            "predicate": {
                "block": {
                    "nbt": "{Items:[{Slot:3b,tag:{ancClear:1b}}]}"
                }
            }
        },
        {
            "condition": "location_check",
            "predicate": {
                "block": {
                    "nbt": "{Items:[{Slot:4b,tag:{ancClear:1b}}]}"
                }
            }
        }
    ]
}