{
    "display": {
        "icon": {
            "item": "minecraft:anvil"
        },
        "title": {"translate":"anc.advancements.root.title"},
        "description": {"translate":"anc.advancements.root.description"},
        "background":"minecraft:textures/gui/advancements/backgrounds/adventure.png"
    },
    "frame": "task",
    "show_toast": true,
    "announce_to_chat": false,
    "hidden": false,
    "criteria": {
        "join":{
            "trigger": "minecraft:tick"
        }
    },
    "requirements": [["join"]]
}