{
    "ambientocclusion": false,
    "textures": {
		"roots": "block/seagrass/roots_1",
        "particle": "#cross",
        "sprigs": "block/seagrass/5"
    },
    "elements": [
		{
			"from": [0, 0.04, 0],
			"to": [16, 0.04, 16],
			"faces": {
				"up": {"uv": [0, 0, 16, 16], "texture": "#roots"}
			}
		},
        {   "from": [ 0, 0, 8 ],
            "to": [ 16, 16, 8 ],
            "rotation": { "origin": [ 8, 8, 8 ], "axis": "y", "angle": 22.5, "rescale": true },
            "shade": false,
            "faces": {
                "north": { "uv": [ 0, 0, 16, 16 ], "texture": "#cross" },
                "south": { "uv": [ 0, 0, 16, 16 ], "texture": "#cross" }
            }
        },
        {   "from": [ 8, 0, 0 ],
            "to": [ 8, 16, 16 ],
            "rotation": { "origin": [ 8, 8, 8 ], "axis": "y", "angle": 22.5, "rescale": true },
            "shade": false,
            "faces": {
                "west": { "uv": [ 0, 0, 16, 16 ], "texture": "#cross" },
                "east": { "uv": [ 0, 0, 16, 16 ], "texture": "#cross" }
            }
        },

        {   "from": [ 0, 0, 5 ],
            "to": [ 16, 16, 5 ],
            "rotation": { "origin": [ 8, 8, 8 ], "axis": "y", "angle": 45, "rescale": true },
            "shade": false,
            "faces": {
                "north": { "uv": [ 0, 0, 16, 16 ], "texture": "#sprigs" },
                "south": { "uv": [ 0, 0, 16, 16 ], "texture": "#sprigs" }
            }
        },
        {   "from": [ 5, 0, 0.8 ],
            "to": [ 5, 16, 15.2 ],
            "rotation": { "origin": [ 8, 8, 8 ], "axis": "y", "angle": 45, "rescale": true },
            "shade": false,
            "faces": {
                "west": { "uv": [ 0, 0, 16, 16 ], "texture": "#sprigs" },
                "east": { "uv": [ 0, 0, 16, 16 ], "texture": "#sprigs" }
            }
        },
        {   "from": [ 0.8, 0, 11 ],
            "to": [ 15.2, 16, 11 ],
            "rotation": { "origin": [ 8, 8, 8 ], "axis": "y", "angle": 45, "rescale": true },
            "shade": false,
            "faces": {
                "north": { "uv": [ 0, 0, 16, 16 ], "texture": "#sprigs" },
                "south": { "uv": [ 0, 0, 16, 16 ], "texture": "#sprigs" }
            }
        },
        {   "from": [ 11, 0, 0.8 ],
            "to": [ 11, 16, 15.2 ],
            "rotation": { "origin": [ 8, 8, 8 ], "axis": "y", "angle": 45, "rescale": true },
            "shade": false,
            "faces": {
                "west": { "uv": [ 0, 0, 16, 16 ], "texture": "#sprigs" },
                "east": { "uv": [ 0, 0, 16, 16 ], "texture": "#sprigs" }
            }
        }
    ]
}
