{
    "ambientocclusion": false,
    "textures": {
		"roots": "block/seagrass/roots_2",
        "particle": "#cross",
        "sprigs": "block/seagrass/4"
    },
    "elements": [
		{
			"from": [0, 0.04, 0],
			"to": [16, 0.04, 16],
			"faces": {
				"up": {"uv": [0, 0, 16, 16], "texture": "#roots"}
			}
		},
        {   "from": [ 0, 0, 8 ],
            "to": [ 16, 16, 8 ],
            "rotation": { "origin": [ 8, 8, 8 ], "axis": "y", "angle": -22.5, "rescale": true },
            "shade": false,
            "faces": {
                "north": { "uv": [ 0, 0, 16, 16 ], "texture": "#cross" },
                "south": { "uv": [ 0, 0, 16, 16 ], "texture": "#cross" }
            }
        },
        {   "from": [ 8, 0, 0 ],
            "to": [ 8, 16, 16 ],
            "rotation": { "origin": [ 8, 8, 8 ], "axis": "y", "angle": -22.5, "rescale": true },
            "shade": false,
            "faces": {
                "west": { "uv": [ 0, 0, 16, 16 ], "texture": "#cross" },
                "east": { "uv": [ 0, 0, 16, 16 ], "texture": "#cross" }
            }
        },
        {   "from": [ 0, 0, 10 ],
            "to": [ 16, 16, 10 ],
            "rotation": { "origin": [ 7, 8, 9 ], "axis": "y", "angle": 22.5, "rescale": true },
            "shade": false,
            "faces": {
                "north": { "uv": [ 0, 0, 16, 16 ], "texture": "#sprigs" },
                "south": { "uv": [ 0, 0, 16, 16 ], "texture": "#sprigs" }
            }
        },
        {   "from": [ 6, 0, 0 ],
            "to": [ 6, 16, 16 ],
            "rotation": { "origin": [ 9, 8, 7 ], "axis": "y", "angle": 22.5, "rescale": true },
            "shade": false,
            "faces": {
                "west": { "uv": [ 0, 0, 16, 16 ], "texture": "#sprigs" },
                "east": { "uv": [ 0, 0, 16, 16 ], "texture": "#sprigs" }
            }
        }
    ]
}
