{
    "type": "entity",
    "pools": [
        {
            "rolls": 1,
            "entries": [
                {
                    "type": "item",
                    "name": "ghast_tear",
                    "functions": [
                        {
                            "function": "set_count",
                            "count": {
                                "max": 2,
                                "min": 1,
                                "type": "uniform"
                            }
                        }
                    ]
                },
                {
                    "type": "item",
                    "name": "glow_ink_sac",
                    "functions": [
                        {
                            "function": "set_count",
                            "count": {
                                "max": 6,
                                "min": 2,
                                "type": "uniform"
                            }
                        }
                    ]
                },
                {
                    "type": "item",
                    "name": "soul_sand",
                    "functions": [
                        {
                            "function": "set_count",
                            "count": {
                                "max": 6,
                                "min": 2,
                                "type": "uniform"
                            }
                        }
                    ]
                },
                {
                    "type": "item",
                    "name": "soul_soil",
                    "functions": [
                        {
                            "function": "set_count",
                            "count": {
                                "max": 6,
                                "min": 2,
                                "type": "uniform"
                            }
                        }
                    ]
                }
            ]
        }
    ]
}