{
    "type": "entity",
    "pools": [
        {
            "rolls": 1,
            "entries": [{
                    "type": "item",
                    "name": "experience_bottle",
                    "functions": [
                        {
                            "function": "set_count",
                            "count": {
                                "max": 6,
                                "min": 2,
                                "type": "uniform"
                            }
                        }
                    ]
                },
                {
                    "type": "item",
                    "name": "dragon_breath",
                    "functions": [
                        {
                            "function": "set_count",
                            "count": {
                                "max": 6,
                                "min": 2,
                                "type": "uniform"
                            }
                        }
                    ]
                },
                {
                    "type": "loot_table",
                    "name": "anc:nether_star_shard",
                    "functions": [
                        {
                            "function": "set_count",
                            "count": {
                                "max": 6,
                                "min": 2,
                                "type": "uniform"
                            }
                        }
                    ]
                },
                {
                    "type": "item",
                    "name": "enchanted_book",
                    "functions": [
                        {
                            "function": "set_enchantments",
                            "enchantments": {
                                "unbreaking":4
                            }
                        }
                    ]
                },
                {
                    "type": "item",
                    "name": "enchanted_book",
                    "functions": [
                        {
                            "function": "set_enchantments",
                            "enchantments": {
                                "mending":3
                            }
                        }
                    ]
                },
                {
                    "type": "item",
                    "name": "enchanted_book",
                    "functions": [
                        {
                            "function": "set_enchantments",
                            "enchantments": {
                                "soul_speed":4
                            }
                        }
                    ]
                },
                {
                    "type": "loot_table",
                    "name": "anc:enchanted_book_soul_binding"
                }
            ]
        }
    ]
}