{
	"pools": [
		{
			"rolls": 1,
			"entries": [
				{
					"type": "minecraft:alternatives",
					"children": [
						{
							"_comment": "下界核心",
							"conditions": [
								{
									"condition": "minecraft:location_check",
									"predicate": {
										"block": {
											"nbt": "{Items:[{Slot:1b,tag:{id:\"anc:debris_scrap\"}},{Slot:2b,tag:{id:\"anc:debris_scrap\"}},{Slot:3b,tag:{id:\"anc:debris_scrap\"}},{Slot:10b,tag:{id:\"anc:debris_scrap\"}},{Slot:11b,tag:{id:\"anc:nether_star_shard\"}},{Slot:12b,tag:{id:\"anc:debris_scrap\"}},{Slot:19b,tag:{id:\"anc:debris_scrap\"}},{Slot:20b,tag:{id:\"anc:debris_scrap\"}},{Slot:21b,tag:{id:\"anc:debris_scrap\"}}]}"
										}
									}
								}
							],
							"type": "minecraft:loot_table",
							"name": "anc:netherite_core"
						},
						{
							"_comment": "合金卷材",
							"conditions": [
								{
									"condition": "minecraft:location_check",
									"predicate": {
										"block": {
											"nbt": "{Items:[{Slot:1b,id:\"minecraft:light_weighted_pressure_plate\"},{Slot:2b,id:\"minecraft:light_weighted_pressure_plate\"},{Slot:3b,id:\"minecraft:light_weighted_pressure_plate\"},{Slot:10b,id:\"minecraft:light_weighted_pressure_plate\"},{Slot:11b,tag:{id:\"anc:netherite_core\"}},{Slot:12b,id:\"minecraft:light_weighted_pressure_plate\"},{Slot:19b,id:\"minecraft:light_weighted_pressure_plate\"},{Slot:20b,id:\"minecraft:light_weighted_pressure_plate\"},{Slot:21b,id:\"minecraft:light_weighted_pressure_plate\"}]}"
										}
									}
								}
							],
							"type": "minecraft:loot_table",
							"name": "anc:netherite_coil"
						},
						{
							"_comment": "维修协议",
							"conditions": [
								{
									"condition": "minecraft:location_check",
									"predicate": {
										"block": {
											"nbt": "{Items:[{id:\"minecraft:heavy_weighted_pressure_plate\",Slot:2b},{id:\"minecraft:heavy_weighted_pressure_plate\",Slot:10b},{id:\"minecraft:heavy_weighted_pressure_plate\",Slot:12b},{id:\"minecraft:heavy_weighted_pressure_plate\",Slot:20b},{Slot:11b,tag:{id:\"anc:empty_protocol\"}},{id:\"minecraft:iron_ingot\",Slot:1b},{id:\"minecraft:iron_ingot\",Slot:3b},{id:\"minecraft:iron_ingot\",Slot:19b},{id:\"minecraft:iron_ingot\",Slot:21b}]}"
										}
									}
								}
							],
							"type": "minecraft:loot_table",
							"name": "anc:repair_protocol"
						},
						{
							"_comment": "吸收协议",
							"conditions": [
								{
									"condition": "minecraft:location_check",
									"predicate": {
										"block": {
											"nbt": "{Items:[{id:\"minecraft:glass_bottle\",Slot:1b},{id:\"minecraft:glass_bottle\",Slot:2b},{id:\"minecraft:glass_bottle\",Slot:3b},{id:\"minecraft:glass_bottle\",Slot:10b},{tag:{id:\"anc:empty_protocol\"},Slot:11b},{id:\"minecraft:glass_bottle\",Slot:12b},{id:\"minecraft:glass_bottle\",Slot:19b},{id:\"minecraft:glass_bottle\",Slot:20b},{id:\"minecraft:glass_bottle\",Slot:21b}]}"
										}
									}
								}
							],
							"type": "minecraft:loot_table",
							"name": "anc:absorb_protocol"
						},
						{
							"_comment": "祛魔协议（去首）",
							"conditions": [
								{
									"condition": "minecraft:location_check",
									"predicate": {
										"block": {
											"nbt": "{Items:[{id:\"minecraft:glowstone\",Slot:1b},{id:\"minecraft:glowstone\",Slot:2b},{id:\"minecraft:glowstone\",Slot:3b},{id:\"minecraft:glowstone\",Slot:10b},{tag:{id:\"anc:dispel_protocol_random\"},Slot:11b},{id:\"minecraft:glowstone\",Slot:12b},{id:\"minecraft:glowstone\",Slot:19b},{id:\"minecraft:glowstone\",Slot:20b},{id:\"minecraft:glowstone\",Slot:21b}]}"
										}
									}
								}
							],
							"type": "minecraft:loot_table",
							"name": "anc:dispel_protocol_first"
						},
						{
							"_comment": "祛魔协议（去尾）",
							"conditions": [
								{
									"condition": "minecraft:location_check",
									"predicate": {
										"block": {
											"nbt": "{Items:[{id:\"minecraft:obsidian\",Slot:1b},{id:\"minecraft:obsidian\",Slot:2b},{id:\"minecraft:obsidian\",Slot:3b},{id:\"minecraft:obsidian\",Slot:10b},{tag:{id:\"anc:dispel_protocol_random\"},Slot:11b},{id:\"minecraft:obsidian\",Slot:12b},{id:\"minecraft:obsidian\",Slot:19b},{id:\"minecraft:obsidian\",Slot:20b},{id:\"minecraft:obsidian\",Slot:21b}]}"
										}
									}
								}
							],
							"type": "minecraft:loot_table",
							"name": "anc:dispel_protocol_last"
						},
						{
							"_comment": "祛魔协议（去诅咒）",
							"conditions": [
								{
									"condition": "minecraft:location_check",
									"predicate": {
										"block": {
											"nbt": "{Items:[{id:\"minecraft:rabbit_foot\",Slot:1b},{id:\"minecraft:rabbit_foot\",Slot:2b},{id:\"minecraft:rabbit_foot\",Slot:3b},{id:\"minecraft:rabbit_foot\",Slot:10b},{tag:{id:\"anc:dispel_protocol_random\"},Slot:11b},{id:\"minecraft:rabbit_foot\",Slot:12b},{id:\"minecraft:rabbit_foot\",Slot:19b},{id:\"minecraft:rabbit_foot\",Slot:20b},{id:\"minecraft:rabbit_foot\",Slot:21b}]}"
										}
									}
								}
							],
							"type": "minecraft:loot_table",
							"name": "anc:dispel_protocol_curse"
						},
						{
							"type": "minecraft:alternatives",
							"children": [
								{
									"_comment": "保护协议",
									"conditions": [
										{
											"condition": "minecraft:location_check",
											"predicate": {
												"block": {
													"nbt": "{Items:[{id:\"minecraft:shield\",Slot:1b},{id:\"minecraft:shield\",Slot:2b},{id:\"minecraft:shield\",Slot:3b},{id:\"minecraft:shield\",Slot:10b},{tag:{id:\"anc:empty_protocol\"},Slot:11b},{id:\"minecraft:shield\",Slot:12b},{id:\"minecraft:shield\",Slot:19b},{id:\"minecraft:shield\",Slot:20b},{id:\"minecraft:shield\",Slot:21b}]}"
												}
											}
										}
									],
									"type": "minecraft:loot_table",
									"name": "anc:protect_protocol"
								}
							]
						},
						{
							"type": "minecraft:alternatives",
							"children": [
								{
									"_comment": "放置协议",
									"conditions": [
										{
											"condition": "minecraft:location_check",
											"predicate": {
												"block": {
													"nbt": "{Items:[{id:\"minecraft:piston\",Slot:1b},{id:\"minecraft:piston\",Slot:2b},{id:\"minecraft:piston\",Slot:3b},{id:\"minecraft:piston\",Slot:10b},{tag:{id:\"anc:empty_protocol\"},Slot:11b},{id:\"minecraft:piston\",Slot:12b},{id:\"minecraft:piston\",Slot:19b},{id:\"minecraft:piston\",Slot:20b},{id:\"minecraft:piston\",Slot:21b}]}"
												}
											}
										}
									],
									"type": "minecraft:loot_table",
									"name": "anc:placement_protocol"
								}
							]
						},
						{
							"type": "minecraft:alternatives",
							"children": [
								{
									"_comment": "补货协议",
									"conditions": [
										{
											"condition": "minecraft:location_check",
											"predicate": {
												"block": {
													"nbt": "{Items:[{id:\"minecraft:gold_block\",Slot:1b},{id:\"minecraft:gold_block\",Slot:2b},{id:\"minecraft:gold_block\",Slot:3b},{id:\"minecraft:gold_block\",Slot:10b},{tag:{id:\"anc:empty_protocol\"},Slot:11b},{id:\"minecraft:gold_block\",Slot:12b},{id:\"minecraft:gold_block\",Slot:19b},{id:\"minecraft:gold_block\",Slot:20b},{id:\"minecraft:gold_block\",Slot:21b}]}"
												}
											}
										}
									],
									"type": "minecraft:loot_table",
									"name": "anc:restock_protocol"
								}
							]
						},
						{
							"type": "minecraft:alternatives",
							"children": [
								{
									"_comment": "磁铁块",
									"conditions": [
										{
											"condition": "minecraft:location_check",
											"predicate": {
												"block": {
													"nbt": "{Items:[{tag:{id:\"anc:magnet_ingot\"},Slot:1b},{tag:{id:\"anc:magnet_ingot\"},Slot:2b},{tag:{id:\"anc:magnet_ingot\"},Slot:3b},{tag:{id:\"anc:magnet_ingot\"},Slot:10b},{id:\"minecraft:iron_ingot\",Slot:11b},{tag:{id:\"anc:magnet_ingot\"},Slot:12b},{tag:{id:\"anc:magnet_ingot\"},Slot:19b},{tag:{id:\"anc:magnet_ingot\"},Slot:20b},{tag:{id:\"anc:magnet_ingot\"},Slot:21b}]}"
												}
											}
										}
									],
									"type": "minecraft:loot_table",
									"name": "anc:magnet_block"
								}
							]
						},
						{
							"_comment": "巧克力",
							"conditions": [
								{
									"condition": "minecraft:location_check",
									"predicate": {
										"block": {
											"nbt": "{Items:[{tag:{id:\"anc:cocoa_liquor\"},Slot:1b},{tag:{id:\"anc:cocoa_butter\"},Slot:2b},{tag:{id:\"anc:cocoa_liquor\"},Slot:3b},{tag:{id:\"anc:cream\"},Slot:10b},{id:\"minecraft:sugar\",Slot:11b},{tag:{id:\"anc:cream\"},Slot:12b},{tag:{id:\"anc:cocoa_liquor\"},Slot:19b},{tag:{id:\"anc:cocoa_butter\"},Slot:20b},{tag:{id:\"anc:cocoa_liquor\"},Slot:21b}]}"
										}
									}
								}
							],
							"type": "minecraft:loot_table",
							"name": "anc:chocolate"
						},
						{
							"_comment": "黑巧克力",
							"conditions": [
								{
									"condition": "minecraft:location_check",
									"predicate": {
										"block": {
											"nbt": "{Items:[{tag:{id:\"anc:cocoa_liquor\"},Slot:1b},{tag:{id:\"anc:cocoa_liquor\"},Slot:2b},{tag:{id:\"anc:cocoa_liquor\"},Slot:3b},{tag:{id:\"anc:cocoa_butter\"},Slot:10b},{id:\"minecraft:sugar\",Slot:11b},{tag:{id:\"anc:cocoa_butter\"},Slot:12b},{tag:{id:\"anc:cocoa_liquor\"},Slot:19b},{tag:{id:\"anc:cocoa_liquor\"},Slot:20b},{tag:{id:\"anc:cocoa_liquor\"},Slot:21b}]}"
										}
									}
								}
							],
							"type": "minecraft:loot_table",
							"name": "anc:black_chocolate"
						},
						{
							"_comment": "白巧克力",
							"conditions": [
								{
									"condition": "minecraft:location_check",
									"predicate": {
										"block": {
											"nbt": "{Items:[{tag:{id:\"anc:cocoa_butter\"},Slot:1b},{tag:{id:\"anc:cocoa_butter\"},Slot:2b},{tag:{id:\"anc:cocoa_butter\"},Slot:3b},{tag:{id:\"anc:cream\"},Slot:10b},{id:\"minecraft:sugar\",Slot:11b},{tag:{id:\"anc:cream\"},Slot:12b},{tag:{id:\"anc:cocoa_butter\"},Slot:19b},{tag:{id:\"anc:cocoa_butter\"},Slot:20b},{tag:{id:\"anc:cocoa_butter\"},Slot:21b}]}"
										}
									}
								}
							],
							"type": "minecraft:loot_table",
							"name": "anc:white_chocolate"
						}
					]
				}
			]
		}
	]
}