{
	"pools": [
		{
			"rolls": 1,
			"entries": [
				{
					"type": "minecraft:alternatives",
					"children": [
						{
							"_comment": "翅膜",
							"conditions": [
								{
									"condition": "minecraft:location_check",
									"predicate": {
										"block": {
											"nbt": "{Items:[{tag:{id:\"anc:elytra_frame\"},Slot:1b},{id:\"minecraft:phantom_membrane\",Slot:2b},{id:\"minecraft:phantom_membrane\",Slot:10b},{id:\"minecraft:phantom_membrane\",Slot:11b}]}"
										}
									}
								}
							],
							"type": "minecraft:loot_table",
							"name": "anc:elytra_membrane"
						},
						{
							"_comment": "祛魔协议（惩罚）",
							"conditions": [
								{
									"condition": "minecraft:location_check",
									"predicate": {
										"block": {
											"nbt": "{Items:[{tag:{id:\"anc:dispel_protocol_first\"}},{tag:{id:\"anc:dispel_protocol_last\"}},{tag:{id:\"anc:dispel_protocol_curse\"}},{id:\"minecraft:diamond\"}]}"
										}
									}
								}
							],
							"type": "minecraft:loot_table",
							"name": "anc:dispel_protocol_punishment"
						},
						{
							"_comment": "牛肉炖蘑菇（生）",
							"conditions": [
								{
									"condition": "minecraft:location_check",
									"predicate": {
										"block": {
											"nbt": "{Items:[{id:\"minecraft:beef\"},{id:\"minecraft:red_mushroom\"},{id:\"minecraft:brown_mushroom\"},{id:\"minecraft:bowl\"}]}"
										}
									}
								}
							],
							"type": "minecraft:loot_table",
							"name": "anc:beef_mushroom_stew_raw"
						},
						{
							"_comment": "紫水晶锄",
							"conditions": [
								{
									"condition": "minecraft:location_check",
									"predicate": {
										"block": {
											"nbt": "{Items:[{id:\"minecraft:amethyst_shard\",Slot:1b},{id:\"minecraft:amethyst_shard\",Slot:2b},{id:\"minecraft:bamboo\",Slot:11b},{id:\"minecraft:bamboo\",Slot:20b}]}"
										}
									}
								}
							],
							"type": "minecraft:loot_table",
							"name": "anc:amethyst_hoe"
						},
						{
							"_comment": "紫水晶锄",
							"conditions": [
								{
									"condition": "minecraft:location_check",
									"predicate": {
										"block": {
											"nbt": "{Items:[{id:\"minecraft:amethyst_shard\",Slot:2b},{id:\"minecraft:amethyst_shard\",Slot:3b},{id:\"minecraft:bamboo\",Slot:11b},{id:\"minecraft:bamboo\",Slot:20b}]}"
										}
									}
								}
							],
							"type": "minecraft:loot_table",
							"name": "anc:amethyst_hoe"
						}
					]
				}
			]
		}
	]
}