{
	"pools": [
		{
			"rolls": 1,
			"entries": [
				{
					"type": "minecraft:alternatives",
					"children": [
						{
							"_comment": "翅膜",
							"conditions": [
								{
									"condition": "minecraft:location_check",
									"predicate": {
										"block": {
											"nbt": "{Items:[{id:\"minecraft:paper\"},{id:\"minecraft:feather\"},{id:\"minecraft:glow_ink_sac\"}]}"
										}
									}
								}
							],
							"type": "minecraft:loot_table",
							"name": "anc:empty_protocol"
						},
						{
							"_comment": "奶油面包卷",
							"conditions": [
								{
									"condition": "minecraft:location_check",
									"predicate": {
										"block": {
											"nbt": "{Items:[{tag:{id:\"anc:cream\"}},{id:\"minecraft:bread\"},{id:\"minecraft:sugar\"}]}"
										}
									}
								}
							],
							"type": "minecraft:loot_table",
							"name": "anc:creamy_bread_roll"
						},
						{
							"_comment": "生煎（生）",
							"conditions": [
								{
									"condition": "minecraft:location_check",
									"predicate": {
										"block": {
											"nbt": "{Items:[{tag:{id:\"anc:flatdough\"}},{tag:{id:\"anc:meat_stuffing\"}},{tag:{id:\"anc:grease\"}}]}"
										}
									}
								}
							],
							"type": "minecraft:loot_table",
							"name": "anc:loots/2_shengjian_raw"
						},
						{
							"_comment": "肉丸（生）",
							"conditions": [
								{
									"condition": "minecraft:location_check",
									"predicate": {
										"block": {
											"nbt": "{Items:[{tag:{id:\"anc:flour\"}},{tag:{id:\"anc:meat_stuffing\"}},{tag:{id:\"anc:grease\"}}]}"
										}
									}
								}
							],
							"type": "minecraft:loot_table",
							"name": "anc:loots/2_meatballs_raw"
						},
						{
							"_comment": "可可液块",
							"conditions": [
								{
									"condition": "minecraft:location_check",
									"predicate": {
										"block": {
											"nbt": "{Items:[{tag:{id:\"anc:cocoa_powder\"},Slot:1b},{tag:{id:\"anc:cocoa_powder\"},Slot:10b},{tag:{id:\"anc:cocoa_butter\"},Slot:2b}]}"
										}
									}
								}
							],
							"type": "minecraft:loot_table",
							"name": "anc:cocoa_liquor"
						},
						{
							"_comment": "汤圆（生）",
							"conditions": [
								{
									"condition": "minecraft:location_check",
									"predicate": {
										"block": {
											"nbt": "{Items:[{id:\"minecraft:cocoa_beans\",Slot:1b},{tag:{id:\"anc:flatdough\"},Slot:2b},{id:\"minecraft:sugar\",Slot:3b}]}"
										}
									}
								}
							],
							"type": "minecraft:loot_table",
							"name": "anc:loots/2_sweet_dumpling_raw"
						},
						{
							"_comment": "紫水晶剑",
							"conditions": [
								{
									"condition": "minecraft:location_check",
									"predicate": {
										"block": {
											"nbt": "{Items:[{id:\"minecraft:amethyst_shard\",Slot:2b},{id:\"minecraft:amethyst_shard\",Slot:11b},{id:\"minecraft:bamboo\",Slot:20b}]}"
										}
									}
								}
							],
							"type": "minecraft:loot_table",
							"name": "anc:amethyst_sword"
						},
						{
							"_comment": "紫水晶锹",
							"conditions": [
								{
									"condition": "minecraft:location_check",
									"predicate": {
										"block": {
											"nbt": "{Items:[{id:\"minecraft:amethyst_shard\",Slot:2b},{id:\"minecraft:bamboo\",Slot:11b},{id:\"minecraft:bamboo\",Slot:20b}]}"
										}
									}
								}
							],
							"type": "minecraft:loot_table",
							"name": "anc:amethyst_shovel"
						}
					]
				}
			]
		}
	]
}