{
	"credit": "Made with Blockbench",
	"parent": "block/block",
	"textures": {
		"4": "create:block/cart_assembler_top",
		"5": "create:block/mechanical_bearing_side",
		"clutch_off": "create:block/clutch_on",
		"rail": "block/detector_rail_on_3d",
		"wood": "block/oak_planks",
		"translation_chassis_side": "create:block/cart_assembler_side",
		"particle": "create:block/cart_assembler_side"
	},
	"elements": [
		{
			"__comment": "Box2",
			"from": [ 3, 0, 1 ],
			"to": [ 13, 1, 3 ],
			"faces": {
				"down": { "uv": [ 3, 13, 13, 15 ], "texture": "#wood" },
				"up": { "uv": [ 3, 1, 13, 3 ], "texture": "#wood" },
				"north": { "uv": [ 3, 15, 13, 16 ], "texture": "#wood" },
				"south": { "uv": [ 3, 15, 13, 16 ], "texture": "#wood" },
				"west": { "uv": [ 1, 15, 3, 16 ], "texture": "#wood" },
				"east": { "uv": [ 13, 15, 15, 16 ], "texture": "#wood" }
			}
		},
		{
			"__comment": "Box2",
			"from": [ 3, 0, 5 ],
			"to": [ 13, 1, 7 ],
			"faces": {
				"down": { "uv": [ 3, 9, 13, 11 ], "texture": "#wood" },
				"up": { "uv": [ 3, 5, 13, 7 ], "texture": "#wood" },
				"north": { "uv": [ 3, 15, 13, 16 ], "texture": "#wood" },
				"south": { "uv": [ 3, 15, 13, 16 ], "texture": "#wood" },
				"west": { "uv": [ 5, 15, 7, 16 ], "texture": "#wood" },
				"east": { "uv": [ 9, 15, 11, 16 ], "texture": "#wood" }
			}
		},
		{
			"__comment": "Box2",
			"from": [ 3, 0, 9 ],
			"to": [ 13, 1, 11 ],
			"faces": {
				"down": { "uv": [ 3, 5, 13, 7 ], "texture": "#wood" },
				"up": { "uv": [ 3, 9, 13, 11 ], "texture": "#wood" },
				"north": { "uv": [ 3, 15, 13, 16 ], "texture": "#wood" },
				"south": { "uv": [ 3, 15, 13, 16 ], "texture": "#wood" },
				"west": { "uv": [ 9, 15, 11, 16 ], "texture": "#wood" },
				"east": { "uv": [ 5, 15, 7, 16 ], "texture": "#wood" }
			}
		},
		{
			"__comment": "Box2",
			"from": [ 3, 0, 13 ],
			"to": [ 13, 1, 15 ],
			"faces": {
				"down": { "uv": [ 3, 1, 13, 3 ], "texture": "#wood" },
				"up": { "uv": [ 3, 13, 13, 15 ], "texture": "#wood" },
				"north": { "uv": [ 3, 15, 13, 16 ], "texture": "#wood" },
				"south": { "uv": [ 3, 15, 13, 16 ], "texture": "#wood" },
				"west": { "uv": [ 13, 15, 15, 16 ], "texture": "#wood" },
				"east": { "uv": [ 1, 15, 3, 16 ], "texture": "#wood" }
			}
		},
		{
			"__comment": "Box6",
			"from": [ 6, 0.5, 0 ],
			"to": [ 7, 2, 5 ],
			"faces": {
				"down": { "uv": [ 6, 0, 7, 5 ], "texture": "#rail" },
				"up": { "uv": [ 6, 0, 7, 5 ], "texture": "#rail" },
				"north": { "uv": [ 6, 15, 7, 16 ], "texture": "#rail" },
				"south": { "uv": [ 8.999999, 15, 9.999999, 16 ], "texture": "#rail" },
				"west": { "uv": [ 6, 0, 7, 5 ], "texture": "#rail", "rotation": 270 },
				"east": { "uv": [ 6, 5, 7, 0 ], "texture": "#rail", "rotation": 270 }
			}
		},
		{
			"__comment": "Box6",
			"from": [ 9, 0.5, 0 ],
			"to": [ 10, 2, 5 ],
			"faces": {
				"down": { "uv": [ 9, 0, 10, 5 ], "texture": "#rail" },
				"up": { "uv": [ 9, 0, 10, 5 ], "texture": "#rail" },
				"north": { "uv": [ 6, 15, 7, 16 ], "texture": "#rail" },
				"south": { "uv": [ 8.999999, 15, 9.999999, 16 ], "texture": "#rail" },
				"west": { "uv": [ 9, 0, 10, 5 ], "texture": "#rail", "rotation": 270 },
				"east": { "uv": [ 9, 5, 10, 0 ], "texture": "#rail", "rotation": 270 }
			}
		},
		{
			"__comment": "Box6",
			"from": [ 7, 1, 0 ],
			"to": [ 9, 1.5, 5 ],
			"faces": {
				"down": { "uv": [ 7, 0, 9, 5 ], "texture": "#rail" },
				"up": { "uv": [ 7, 0, 9, 5 ], "texture": "#rail" },
				"north": { "uv": [ 7, 15, 9, 16 ], "texture": "#rail" }
			}
		},
		{
			"__comment": "Box6",
			"from": [ 6, 0.5, 11 ],
			"to": [ 7, 2, 16 ],
			"faces": {
				"down": { "uv": [ 6, 11, 7, 16 ], "texture": "#rail" },
				"up": { "uv": [ 6, 11, 7, 16 ], "texture": "#rail" },
				"north": { "uv": [ 6, 15, 7, 16 ], "texture": "#rail" },
				"south": { "uv": [ 8.999999, 15, 9.999999, 16 ], "texture": "#rail" },
				"west": { "uv": [ 6, 11, 7, 16 ], "texture": "#rail", "rotation": 270 },
				"east": { "uv": [ 9, 16, 10, 11 ], "texture": "#rail", "rotation": 270 }
			}
		},
		{
			"__comment": "Box6",
			"from": [ 7, 1, 11 ],
			"to": [ 9, 1.5, 16 ],
			"faces": {
				"down": { "uv": [ 7, 11, 9, 16 ], "texture": "#rail" },
				"up": { "uv": [ 7, 11, 9, 16 ], "texture": "#rail" },
				"south": { "uv": [ 7, 0, 9, 1 ], "texture": "#rail" }
			}
		},
		{
			"__comment": "Box6",
			"from": [ 9, 0.5, 11 ],
			"to": [ 10, 2, 16 ],
			"faces": {
				"down": { "uv": [ 9, 11, 10, 16 ], "texture": "#rail" },
				"up": { "uv": [ 9, 11, 10, 16 ], "texture": "#rail" },
				"north": { "uv": [ 6, 15, 7, 16 ], "texture": "#rail" },
				"south": { "uv": [ 8.999999, 15, 9.999999, 16 ], "texture": "#rail" },
				"west": { "uv": [ 6, 11, 7, 16 ], "texture": "#rail", "rotation": 270 },
				"east": { "uv": [ 9, 16, 10, 11 ], "texture": "#rail", "rotation": 270 }
			}
		},
		{
			"__comment": "Box11",
			"from": [ 4, 0.5, 4 ],
			"to": [ 6, 2, 5 ],
			"faces": {
				"down": { "uv": [ 4, 4, 6, 5 ], "texture": "#rail" },
				"up": { "uv": [ 4, 4, 6, 5 ], "texture": "#rail" },
				"north": { "uv": [ 4, 4, 6, 5 ], "texture": "#rail" },
				"south": { "uv": [ 4, 4, 6, 5 ], "texture": "#rail" },
				"west": { "uv": [ 4, 4, 5, 5 ], "texture": "#rail" }
			}
		},
		{
			"__comment": "Box11",
			"from": [ 10, 0.5, 4 ],
			"to": [ 12, 2, 5 ],
			"faces": {
				"down": { "uv": [ 4, 4, 6, 5 ], "texture": "#rail" },
				"up": { "uv": [ 4, 4, 6, 5 ], "texture": "#rail" },
				"north": { "uv": [ 4, 4, 6, 5 ], "texture": "#rail" },
				"south": { "uv": [ 4, 4, 6, 5 ], "texture": "#rail" },
				"east": { "uv": [ 4, 4, 5, 5 ], "texture": "#rail" }
			}
		},
		{
			"__comment": "Box11",
			"from": [ 10, 0.5, 11 ],
			"to": [ 12, 2, 12 ],
			"faces": {
				"down": { "uv": [ 4, 4, 6, 5 ], "texture": "#rail" },
				"up": { "uv": [ 4, 4, 6, 5 ], "texture": "#rail" },
				"north": { "uv": [ 4, 4, 6, 5 ], "texture": "#rail" },
				"south": { "uv": [ 4, 4, 6, 5 ], "texture": "#rail" },
				"east": { "uv": [ 4, 4, 5, 5 ], "texture": "#rail" }
			}
		},
		{
			"__comment": "Box11",
			"from": [ 4, 0.5, 11 ],
			"to": [ 6, 2, 12 ],
			"faces": {
				"down": { "uv": [ 4, 4, 6, 5 ], "texture": "#rail" },
				"up": { "uv": [ 4, 4, 6, 5 ], "texture": "#rail" },
				"north": { "uv": [ 4, 4, 6, 5 ], "texture": "#rail" },
				"south": { "uv": [ 4, 4, 6, 5 ], "texture": "#rail" },
				"west": { "uv": [ 4, 4, 5, 5 ], "texture": "#rail" }
			}
		},
		{
			"__comment": "Box15",
			"from": [ 4, 0.5, 5 ],
			"to": [ 5, 2, 11 ],
			"faces": {
				"down": { "uv": [ 4, 5, 5, 11 ], "texture": "#rail" },
				"up": { "uv": [ 4, 5, 5, 11 ], "texture": "#rail" },
				"west": { "uv": [ 4, 5, 5, 11 ], "texture": "#rail", "rotation": 270 },
				"east": { "uv": [ 4, 5, 5, 11 ], "texture": "#rail", "rotation": 270 }
			}
		},
		{
			"__comment": "Box15",
			"from": [ 11, 0.5, 5 ],
			"to": [ 12, 2, 11 ],
			"faces": {
				"down": { "uv": [ 4, 5, 5, 11 ], "texture": "#rail" },
				"up": { "uv": [ 4, 5, 5, 11 ], "texture": "#rail" },
				"west": { "uv": [ 4, 5, 5, 11 ], "texture": "#rail", "rotation": 270 },
				"east": { "uv": [ 4, 5, 5, 11 ], "texture": "#rail", "rotation": 270 }
			}
		},
		{
			"__comment": "Box17",
			"from": [ 5, 1, 5 ],
			"to": [ 11, 1.5, 11 ],
			"faces": {
				"down": { "uv": [ 5, 5, 11, 11 ], "texture": "#rail" },
				"up": { "uv": [ 5, 5, 11, 11 ], "texture": "#rail" },
				"north": { "uv": [ 5, 14.5, 11, 15 ], "texture": "#rail" },
				"south": { "uv": [ 5, 14.5, 11, 15 ], "texture": "#rail" }
			}
		},
		{
			"name": "Side",
			"from": [13.875, 0.062, 1.125],
			"to": [17.875, 13.937, 14.875],
			"faces": {
				"north": {"uv": [1, 4, 15, 0], "rotation": 90, "texture": "#translation_chassis_side"},
				"east": {"uv": [1, 1, 15, 15], "rotation": 90, "texture": "#translation_chassis_side"},
				"south": {"uv": [1, 0, 15, 4], "rotation": 90, "texture": "#translation_chassis_side"},
				"west": {"uv": [1, 1, 15, 15], "rotation": 90, "texture": "#translation_chassis_side"},
				"up": {"uv": [5, 1, 9, 15], "texture": "#translation_chassis_side"},
				"down": {"uv": [2, 1, 6, 15], "texture": "#translation_chassis_side"}
			}
		},
		{
			"name": "Side",
			"from": [-1.875, 0.062, 1.125],
			"to": [2.125, 13.937, 14.875],
			"faces": {
				"north": {"uv": [1, 0, 15, 4], "rotation": 90, "texture": "#translation_chassis_side"},
				"east": {"uv": [1, 15, 15, 1], "rotation": 90, "texture": "#translation_chassis_side"},
				"south": {"uv": [1, 4, 15, 0], "rotation": 90, "texture": "#translation_chassis_side"},
				"west": {"uv": [1, 15, 15, 1], "rotation": 90, "texture": "#translation_chassis_side"},
				"up": {"uv": [9, 1, 5, 15], "texture": "#translation_chassis_side"},
				"down": {"uv": [6, 1, 2, 15], "texture": "#translation_chassis_side"}
			}
		},
		{
			"from": [0, 12, 0],
			"to": [16, 16, 16],
			"rotation": {"angle": 0, "axis": "y", "origin": [8, 23, 8]},
			"faces": {
				"north": {"uv": [0, 0, 16, 4], "texture": "#5"},
				"east": {"uv": [0, 0, 16, 4], "texture": "#5"},
				"south": {"uv": [0, 0, 16, 4], "texture": "#5"},
				"west": {"uv": [0, 0, 16, 4], "texture": "#5"},
				"up": {"uv": [0, 0, 16, 16], "texture": "#4"},
				"down": {"uv": [0, 0, 16, 16], "texture": "#translation_chassis_side"}
			}
		},
		{
			"from": [2, 10, 1],
			"to": [14, 12, 15],
			"rotation": {"angle": 0, "axis": "y", "origin": [18, 22, 10]},
			"faces": {
				"north": {"uv": [2, 7, 14, 9], "texture": "#clutch_off"},
				"south": {"uv": [2, 7, 14, 9], "texture": "#clutch_off"},
				"down": {"uv": [2, 1, 14, 15], "texture": "#translation_chassis_side"}
			}
		}
	]
}