{
  "variants": {
    "axis=x": {
      "model": "minecraft:block/jungle_log_horizontal",
      "x": 90,
      "y": 90
    },
    "axis=y": [
	{"model": "minecraft:block/jungle_log", "weight": 40},
	{"model": "minecraft:block/jungle_log_3d1", "y": 0 },
	{"model": "minecraft:block/jungle_log_3d1", "y": 90 },
	{"model": "minecraft:block/jungle_log_3d1", "y": 180 },
	{"model": "minecraft:block/jungle_log_3d1", "y": 270 },
	{"model": "minecraft:block/jungle_log_3d2", "y": 0 },
	{"model": "minecraft:block/jungle_log_3d2", "y": 90 },
	{"model": "minecraft:block/jungle_log_3d2", "y": 180 },
	{"model": "minecraft:block/jungle_log_3d2", "y": 270 }
	],
    "axis=z": {
      "model": "minecraft:block/jungle_log_horizontal",
      "x": 90
    }
  }
}