{
    "variants": {
        "": [
            { "model": "block/lily_pad", "weight": 20},
            { "model": "block/lily_pad", "y": 90, "weight": 20 },
            { "model": "block/lily_pad", "y": 180, "weight": 20 },
            { "model": "block/lily_pad", "y": 270, "weight": 20 },
            { "model": "block/lily_pad2", "weight": 20 },
            { "model": "block/lily_pad2", "y": 90, "weight": 20 },
            { "model": "block/lily_pad2", "y": 180, "weight": 20 },
            { "model": "block/lily_pad2", "y": 270, "weight": 20 },
            { "model": "block/lily_pad3", "weight": 20 },
            { "model": "block/lily_pad3", "y": 90, "weight": 20 },
            { "model": "block/lily_pad3", "y": 180, "weight": 20 },
            { "model": "block/lily_pad3", "y": 270, "weight": 20 },
            { "model": "block/lily_pad_3d1", "weight": 25 },
            { "model": "block/lily_pad_3d2", "weight": 5 },
            { "model": "block/lily_pad_3d2", "y": 90, "weight": 5 },
            { "model": "block/lily_pad_3d2", "y": 180, "weight": 5 },
            { "model": "block/lily_pad_3d2", "y": 270, "weight": 5 },
            { "model": "block/lily_pad_3d3", "weight": 25 },
            { "model": "block/lily_pad_3d4", "weight": 5 },
            { "model": "block/lily_pad_3d4", "y": 90, "weight": 5 },
            { "model": "block/lily_pad_3d4", "y": 180, "weight": 5 },
            { "model": "block/lily_pad_3d4", "y": 270, "weight": 5 },
            { "model": "block/lily_pad_3d5", "weight": 25 },
            { "model": "block/lily_pad_3d6", "y": 90, "weight": 5 },
            { "model": "block/lily_pad_3d6", "y": 90, "y": 90, "weight": 5 },
            { "model": "block/lily_pad_3d6", "y": 180, "y": 90, "weight": 5 },
            { "model": "block/lily_pad_3d6", "y": 270, "y": 90, "weight": 5 },
            { "model": "block/lily_pad_3d7", "weight": 4 },
            { "model": "block/lily_pad_3d8", "weight": 1 },
            { "model": "block/lily_pad_3d8", "y": 90, "weight": 1 },
            { "model": "block/lily_pad_3d8", "y": 180, "weight": 1 },
            { "model": "block/lily_pad_3d8", "y": 270, "weight": 1 }
        ]
    }
}
