{
  "variants": {
    "persistent=true,distance=1": [
	    { "model": "block/spruce_leaves_3d1"},
	    { "model": "block/spruce_leaves_3d2"},
	    { "model": "block/spruce_leaves_3d3"},
	    { "model": "block/spruce_leaves_3d4"}
	],
    "persistent=true,distance=2": [
	    { "model": "block/spruce_leaves_3d1"},
	    { "model": "block/spruce_leaves_3d2"},
	    { "model": "block/spruce_leaves_3d3"},
	    { "model": "block/spruce_leaves_3d4"}
	],
    "persistent=true,distance=3": [
	    { "model": "block/spruce_leaves_3d1"},
	    { "model": "block/spruce_leaves_3d2"},
	    { "model": "block/spruce_leaves_3d3"},
	    { "model": "block/spruce_leaves_3d4"}
	],
    "persistent=true,distance=4": [
	    { "model": "block/spruce_leaves_3d1"},
	    { "model": "block/spruce_leaves_3d2"},
	    { "model": "block/spruce_leaves_3d3"},
	    { "model": "block/spruce_leaves_3d4"}
	],
    "persistent=true,distance=5": [
	    { "model": "block/spruce_leaves_3d1"},
	    { "model": "block/spruce_leaves_3d2"},
	    { "model": "block/spruce_leaves_3d3"},
	    { "model": "block/spruce_leaves_3d4"}
	],
    "persistent=true,distance=6": [
	    { "model": "block/spruce_leaves_3d1"},
	    { "model": "block/spruce_leaves_3d2"},
	    { "model": "block/spruce_leaves_3d3"},
	    { "model": "block/spruce_leaves_3d4"}
	],
    "persistent=true,distance=7": [
	    { "model": "block/spruce_leaves_3d1"},
	    { "model": "block/spruce_leaves_3d2"},
	    { "model": "block/spruce_leaves_3d3"},
	    { "model": "block/spruce_leaves_3d4"}
	],
    "persistent=false,distance=1": [
	    { "model": "block/spruce_leaves_3d1"},
	    { "model": "block/spruce_leaves_3d2"},
	    { "model": "block/spruce_leaves_3d3"},
	    { "model": "block/spruce_leaves_3d4"}
	],
    "persistent=false,distance=2": [
	    { "model": "block/spruce_leaves_3d1"},
	    { "model": "block/spruce_leaves_3d2"},
	    { "model": "block/spruce_leaves_3d3"},
	    { "model": "block/spruce_leaves_3d4"}
	],
    "persistent=false,distance=3": [
	    { "model": "block/spruce_leaves_3d1"},
	    { "model": "block/spruce_leaves_3d2"},
	    { "model": "block/spruce_leaves_3d3"},
	    { "model": "block/spruce_leaves_3d4"}
	],
    "persistent=false,distance=4": [
	    { "model": "block/spruce_leaves_3d1"},
	    { "model": "block/spruce_leaves_3d2"},
	    { "model": "block/spruce_leaves_3d3"},
	    { "model": "block/spruce_leaves_3d4"}
	],
    "persistent=false,distance=5": [
	    { "model": "block/spruce_leaves_3d1"},
	    { "model": "block/spruce_leaves_3d2"},
	    { "model": "block/spruce_leaves_3d3"},
	    { "model": "block/spruce_leaves_3d4"}
	],
    "persistent=false,distance=6": [
	    { "model": "block/spruce_leaves_3d1"},
	    { "model": "block/spruce_leaves_3d2"},
	    { "model": "block/spruce_leaves_3d3"},
	    { "model": "block/spruce_leaves_3d4"}
	],
    "persistent=false,distance=7": {"model": "minecraft:block/spruce_leaves_dying"}
  }
}